GEOID,NAME,stability_index,stability_percentile,stability_category
17127,"Massac County, Illinois",-0.048628107207351744,54.329608938547494,Moderate Stability
27017,"Carlton County, Minnesota",-0.6162417986701901,1.2569832402234637,Most Stable (Top 10%)
37181,"Vance County, North Carolina",0.3371295966112303,81.8086592178771,Less Stable (Bottom 25%)
47079,"Henry County, Tennessee",-0.3137683074330004,23.777932960893857,Very Stable (Top 25%)
06021,"Glenn County, California",0.41466608409605943,85.30027932960894,Less Stable (Bottom 25%)
17093,"Kendall County, Illinois",0.29968874021201075,79.95810055865921,Less Stable (Bottom 25%)
19095,"Iowa County, Iowa",-0.7893380324066224,0.06983240223463687,Most Stable (Top 10%)
22003,"Allen Parish, Louisiana",-4.6019957815793906e-4,59.04329608938548,Moderate Stability
18055,"Greene County, Indiana",-0.3624898126024264,17.912011173184357,Very Stable (Top 25%)
33001,"Belknap County, New Hampshire",-0.47991722743415927,7.332402234636872,Most Stable (Top 10%)
46065,"Hughes County, South Dakota",-0.1382780459257142,43.575418994413404,Moderate Stability
55027,"Dodge County, Wisconsin",-0.3675397502096838,17.4231843575419,Very Stable (Top 25%)
28125,NA,NA,NA,Insufficient Data
18103,"Miami County, Indiana",-0.21847050407847596,34.53212290502793,Moderate Stability
20189,"Stevens County, Kansas",0.32957773833194437,81.52932960893855,Less Stable (Bottom 25%)
47047,"Fayette County, Tennessee",0.2414417565788941,76.85055865921788,Less Stable (Bottom 25%)
01017,"Chambers County, Alabama",0.22245324561860258,75.48882681564247,Less Stable (Bottom 25%)
18127,"Porter County, Indiana",-0.1912238874938022,37.709497206703915,Moderate Stability
25011,"Franklin County, Massachusetts",-0.44166422609037403,9.986033519553072,Most Stable (Top 10%)
30051,NA,NA,NA,Insufficient Data
48273,"Kleberg County, Texas",0.18707585770075744,73.00977653631286,Moderate Stability
12007,"Bradford County, Florida",-0.02741859196972235,56.599162011173185,Moderate Stability
17057,"Fulton County, Illinois",-0.5237242294478086,4.504189944134078,Most Stable (Top 10%)
27065,"Kanabec County, Minnesota",-0.1013394319383332,48.184357541899445,Moderate Stability
20067,"Grant County, Kansas",1.089685320610576,97.97486033519553,Least Stable (Bottom 10%)
46035,"Davison County, South Dakota",-0.4161763992392642,11.83659217877095,Very Stable (Top 25%)
48011,NA,NA,NA,Insufficient Data
51740,"Portsmouth city, Virginia",-0.48817835086951067,6.843575418994413,Most Stable (Top 10%)
31147,"Richardson County, Nebraska",-0.43610420300418046,10.230446927374302,Very Stable (Top 25%)
26037,"Clinton County, Michigan",-0.20783619204994383,35.92877094972067,Moderate Stability
27159,"Wadena County, Minnesota",0.08138398565342538,65.7122905027933,Moderate Stability
48171,"Gillespie County, Texas",0.16503228554250235,71.47346368715084,Moderate Stability
13137,"Habersham County, Georgia",0.15976799647002957,71.33379888268156,Moderate Stability
19155,"Pottawattamie County, Iowa",-0.4109931295742505,12.430167597765362,Very Stable (Top 25%)
25019,"Nantucket County, Massachusetts",1.608891819751626,99.40642458100558,Least Stable (Bottom 10%)
27027,"Clay County, Minnesota",0.13831656150395155,70.14664804469274,Moderate Stability
31177,"Washington County, Nebraska",-0.5362712331997919,4.085195530726257,Most Stable (Top 10%)
47165,"Sumner County, Tennessee",0.32399654113537363,80.97067039106145,Less Stable (Bottom 25%)
20031,"Coffey County, Kansas",-0.801858505203253,0.034916201117318434,Most Stable (Top 10%)
21211,"Shelby County, Kentucky",0.3567982557659924,82.68156424581005,Less Stable (Bottom 25%)
28111,"Perry County, Mississippi",1.023896277873508,97.59078212290503,Least Stable (Bottom 10%)
17053,"Ford County, Illinois",-0.4772079655141507,7.681564245810056,Most Stable (Top 10%)
40127,"Pushmataha County, Oklahoma",-0.4447131047243621,9.671787709497206,Most Stable (Top 10%)
40105,"Nowata County, Oklahoma",-0.03442579030563021,55.65642458100558,Moderate Stability
48209,"Hays County, Texas",1.301957121914474,98.77793296089385,Least Stable (Bottom 10%)
55063,"La Crosse County, Wisconsin",-0.323595130616758,22.416201117318437,Very Stable (Top 25%)
29039,"Cedar County, Missouri",-0.10707237857251745,47.555865921787714,Moderate Stability
19189,"Winnebago County, Iowa",-0.2723428632573642,28.910614525139668,Moderate Stability
48369,"Parmer County, Texas",0.9417666400594509,96.7877094972067,Least Stable (Bottom 10%)
48329,"Midland County, Texas",1.0395419263726198,97.69553072625699,Least Stable (Bottom 10%)
17201,"Winnebago County, Illinois",-0.3003969678141057,25.3840782122905,Moderate Stability
26151,"Sanilac County, Michigan",-0.3114385173144108,24.092178770949722,Very Stable (Top 25%)
31127,"Nemaha County, Nebraska",-0.3217592742480911,22.660614525139664,Very Stable (Top 25%)
40059,NA,NA,NA,Insufficient Data
13123,"Gilmer County, Georgia",0.9513658621800646,96.82262569832403,Least Stable (Bottom 10%)
18005,"Bartholomew County, Indiana",-0.07974277617212419,50.80307262569832,Moderate Stability
18131,"Pulaski County, Indiana",-0.29075272006007036,26.7108938547486,Moderate Stability
26107,"Mecosta County, Michigan",0.21229962659636656,74.75558659217877,Moderate Stability
28145,"Union County, Mississippi",0.3234137690795386,80.93575418994413,Less Stable (Bottom 25%)
36093,"Schenectady County, New York",-0.2499203080526818,31.45949720670391,Moderate Stability
48189,"Hale County, Texas",-0.0698657887642972,51.920391061452506,Moderate Stability
54041,"Lewis County, West Virginia",-0.4661832762602144,8.240223463687151,Most Stable (Top 10%)
13201,"Miller County, Georgia",0.6025617041794208,90.92178770949721,Least Stable (Bottom 10%)
40099,"Murray County, Oklahoma",-0.35663826368233287,18.365921787709496,Very Stable (Top 25%)
36051,"Livingston County, New York",-0.3132735071638994,23.84776536312849,Very Stable (Top 25%)
28129,"Smith County, Mississippi",0.19697237285604563,73.70810055865921,Moderate Stability
01089,"Madison County, Alabama",-0.06540101453398317,52.44413407821229,Moderate Stability
18163,"Vanderburgh County, Indiana",-0.4358758476452681,10.26536312849162,Very Stable (Top 25%)
26053,"Gogebic County, Michigan",0.34253804589902737,82.15782122905027,Less Stable (Bottom 25%)
37157,"Rockingham County, North Carolina",-0.44429189443218287,9.741620111731844,Most Stable (Top 10%)
51520,"Bristol city, Virginia",0.03150791085686948,62.43016759776536,Moderate Stability
12117,"Seminole County, Florida",0.6098267027510531,91.23603351955308,Least Stable (Bottom 10%)
18045,"Fountain County, Indiana",-0.6143025630086927,1.291899441340782,Most Stable (Top 10%)
21167,"Mercer County, Kentucky",-0.014307592471743914,57.786312849162016,Moderate Stability
28019,"Choctaw County, Mississippi",0.2975931079851462,79.88826815642457,Less Stable (Bottom 25%)
29059,"Dallas County, Missouri",-0.33201084052709107,21.19413407821229,Very Stable (Top 25%)
48395,"Robertson County, Texas",0.2128564349208753,74.82541899441341,Moderate Stability
48221,"Hood County, Texas",0.24434106926763344,77.06005586592178,Less Stable (Bottom 25%)
56005,"Campbell County, Wyoming",-0.2430200891051251,32.157821229050285,Moderate Stability
31093,"Howard County, Nebraska",-0.20636584905705144,35.9986033519553,Moderate Stability
36037,"Genesee County, New York",-0.5078074381475564,5.307262569832402,Most Stable (Top 10%)
38037,NA,NA,NA,Insufficient Data
47169,"Trousdale County, Tennessee",1.2737111916566557,98.6731843575419,Least Stable (Bottom 10%)
49053,"Washington County, Utah",1.0084476731428293,97.48603351955308,Least Stable (Bottom 10%)
01075,"Lamar County, Alabama",-0.21236533341808622,35.47486033519553,Moderate Stability
24047,"Worcester County, Maryland",-0.31703990077679933,23.25418994413408,Very Stable (Top 25%)
40053,NA,NA,NA,Insufficient Data
46033,"Custer County, South Dakota",0.14046612730499636,70.4608938547486,Moderate Stability
08001,"Adams County, Colorado",0.7337497751350747,94.09916201117319,Least Stable (Bottom 10%)
13003,"Atkinson County, Georgia",-0.16240062689330068,40.537709497206706,Moderate Stability
18145,"Shelby County, Indiana",-0.43989647796000464,10.125698324022347,Very Stable (Top 25%)
19141,"O'Brien County, Iowa",-0.39090617320366383,15.118715083798884,Very Stable (Top 25%)
27161,"Waseca County, Minnesota",-0.250965681879434,31.28491620111732,Moderate Stability
29063,"DeKalb County, Missouri",-0.11768665279544219,46.229050279329606,Moderate Stability
48437,"Swisher County, Texas",0.705039774313269,93.47067039106145,Least Stable (Bottom 10%)
53063,"Spokane County, Washington",-0.0757616729484733,51.29189944134078,Moderate Stability
13023,"Bleckley County, Georgia",0.5523331831945886,89.80446927374301,Less Stable (Bottom 25%)
29123,"Madison County, Missouri",0.28019518030765833,78.87569832402235,Less Stable (Bottom 25%)
19063,"Emmet County, Iowa",-0.09779724668531674,48.60335195530726,Moderate Stability
38073,"Ransom County, North Dakota",-0.12081977570102745,45.94972067039106,Moderate Stability
48315,"Marion County, Texas",0.4022844380450079,84.70670391061452,Less Stable (Bottom 25%)
01061,"Geneva County, Alabama",-0.3524491559987867,18.78491620111732,Very Stable (Top 25%)
19159,NA,NA,NA,Insufficient Data
27091,"Martin County, Minnesota",-0.4591213464715549,8.519553072625698,Most Stable (Top 10%)
31045,"Dawes County, Nebraska",0.25333989458122397,77.51396648044692,Less Stable (Bottom 25%)
36009,"Cattaraugus County, New York",-0.538255504075019,4.050279329608938,Most Stable (Top 10%)
05011,"Bradley County, Arkansas",0.3129931911023491,80.55167597765363,Less Stable (Bottom 25%)
13113,"Fayette County, Georgia",0.21866253952252157,75.27932960893855,Less Stable (Bottom 25%)
19081,"Hancock County, Iowa",-0.5469565920760739,3.6312849162011176,Most Stable (Top 10%)
27039,"Dodge County, Minnesota",-0.2523263213765286,31.04050279329609,Moderate Stability
46069,NA,NA,NA,Insufficient Data
48063,"Camp County, Texas",0.8469305386110216,95.60055865921788,Least Stable (Bottom 10%)
48335,"Mitchell County, Texas",0.5123567002998771,88.51256983240224,Less Stable (Bottom 25%)
05059,"Hot Spring County, Arkansas",-0.31608526425936634,23.428770949720672,Very Stable (Top 25%)
31157,"Scotts Bluff County, Nebraska",-0.274881443264043,28.45670391061452,Moderate Stability
37137,"Pamlico County, North Carolina",-0.19053114698469614,37.849162011173185,Moderate Stability
20065,NA,NA,NA,Insufficient Data
48045,NA,NA,NA,Insufficient Data
08023,NA,NA,NA,Insufficient Data
22067,"Morehouse Parish, Louisiana",-0.30828047763300037,24.581005586592177,Very Stable (Top 25%)
37175,"Transylvania County, North Carolina",-0.17147381221746139,39.62988826815643,Moderate Stability
39153,"Summit County, Ohio",-0.3522769731118958,18.81983240223464,Very Stable (Top 25%)
04013,"Maricopa County, Arizona",0.4499207494868456,86.80167597765363,Less Stable (Bottom 25%)
17165,"Saline County, Illinois",-0.0051615343092711145,58.5195530726257,Moderate Stability
26025,"Calhoun County, Michigan",-0.3256284863252372,21.962290502793298,Very Stable (Top 25%)
18113,"Noble County, Indiana",-0.013253465574672236,57.891061452513966,Moderate Stability
35051,"Sierra County, New Mexico",-0.10208036420937902,48.149441340782126,Moderate Stability
48373,"Polk County, Texas",0.2010847751576007,74.09217877094973,Moderate Stability
01033,"Colbert County, Alabama",-0.3881129058866488,15.537709497206704,Very Stable (Top 25%)
19115,"Louisa County, Iowa",-0.33401070779917064,21.054469273743017,Very Stable (Top 25%)
26065,"Ingham County, Michigan",-0.19856138074005372,36.83659217877095,Moderate Stability
39171,"Williams County, Ohio",-0.42273581316508513,11.312849162011174,Very Stable (Top 25%)
27025,"Chisago County, Minnesota",-0.4180862263437461,11.696927374301676,Very Stable (Top 25%)
56011,"Crook County, Wyoming",-0.34462995871733343,19.832402234636874,Very Stable (Top 25%)
48103,NA,NA,NA,Insufficient Data
33019,"Sullivan County, New Hampshire",-0.4159940585537167,11.906424581005586,Very Stable (Top 25%)
42117,"Tioga County, Pennsylvania",-0.49854142243396604,6.075418994413408,Most Stable (Top 10%)
42119,"Union County, Pennsylvania",-0.49478050250750977,6.424581005586592,Most Stable (Top 10%)
48069,"Castro County, Texas",0.8851216534268038,96.12430167597765,Least Stable (Bottom 10%)
21063,"Elliott County, Kentucky",0.15267484672748055,71.0195530726257,Moderate Stability
35003,NA,NA,NA,Insufficient Data
22081,"Red River Parish, Louisiana",-0.05335380407289693,53.736033519553075,Moderate Stability
17117,"Macoupin County, Illinois",-0.3409864373396667,20.286312849162012,Very Stable (Top 25%)
47069,"Hardeman County, Tennessee",-0.07657260974881273,51.152234636871505,Moderate Stability
24025,"Harford County, Maryland",-0.3352745191162556,20.810055865921786,Very Stable (Top 25%)
31117,NA,NA,NA,Insufficient Data
51595,"Emporia city, Virginia",0.9229761971223529,96.61312849162012,Least Stable (Bottom 10%)
19109,"Kossuth County, Iowa",-0.15972609811168675,40.88687150837989,Moderate Stability
46021,NA,NA,NA,Insufficient Data
19099,"Jasper County, Iowa",-0.43406868859592723,10.544692737430168,Very Stable (Top 25%)
19117,"Lucas County, Iowa",-0.06382797805824467,52.8282122905028,Moderate Stability
55015,"Calumet County, Wisconsin",-0.3150337196659411,23.568435754189945,Very Stable (Top 25%)
18091,"LaPorte County, Indiana",-0.18190513007013243,38.547486033519554,Moderate Stability
19193,"Woodbury County, Iowa",-0.12239398035197854,45.635474860335194,Moderate Stability
26067,"Ionia County, Michigan",-0.16270379539577773,40.43296089385475,Moderate Stability
48123,"DeWitt County, Texas",-0.1224811470650275,45.600558659217874,Moderate Stability
37037,"Chatham County, North Carolina",0.5612120356415539,89.94413407821229,Less Stable (Bottom 25%)
48325,"Medina County, Texas",0.298232758183657,79.9231843575419,Less Stable (Bottom 25%)
21165,"Menifee County, Kentucky",0.16683728995092442,71.64804469273743,Moderate Stability
55055,"Jefferson County, Wisconsin",-0.052233568655888726,53.910614525139664,Moderate Stability
26117,"Montcalm County, Michigan",0.06060379524001185,64.59497206703911,Moderate Stability
26123,"Newaygo County, Michigan",-0.09453071267751628,49.0572625698324,Moderate Stability
26149,"St. Joseph County, Michigan",-0.25255355859025197,30.97067039106145,Moderate Stability
48079,NA,NA,NA,Insufficient Data
26023,"Branch County, Michigan",-0.12297926942279691,45.495810055865924,Moderate Stability
37147,"Pitt County, North Carolina",-0.16403730783238807,40.25837988826816,Moderate Stability
37151,"Randolph County, North Carolina",-0.23131802266324913,33.31005586592179,Moderate Stability
20011,"Bourbon County, Kansas",-0.316254274470215,23.358938547486034,Very Stable (Top 25%)
48075,"Childress County, Texas",1.6736359958842646,99.54608938547486,Least Stable (Bottom 10%)
48105,NA,NA,NA,Insufficient Data
37069,"Franklin County, North Carolina",0.51758368289577,88.72206703910615,Less Stable (Bottom 25%)
20115,"Marion County, Kansas",-0.21295956365876068,35.37011173184357,Moderate Stability
17061,"Greene County, Illinois",-0.2958611451834558,25.977653631284912,Moderate Stability
48131,"Duval County, Texas",0.3489053415689657,82.36731843575419,Less Stable (Bottom 25%)
21025,"Breathitt County, Kentucky",-0.06293132395493312,52.898044692737436,Moderate Stability
46125,"Turner County, South Dakota",-0.319150628392275,23.079608938547487,Very Stable (Top 25%)
47005,"Benton County, Tennessee",-0.10044331504082667,48.324022346368714,Moderate Stability
45011,"Barnwell County, South Carolina",-0.07116993578717848,51.81564245810056,Moderate Stability
48013,"Atascosa County, Texas",0.005363242746799608,59.6717877094972,Moderate Stability
48017,"Bailey County, Texas",2.134392057028951,99.86033519553072,Least Stable (Bottom 10%)
42021,"Cambria County, Pennsylvania",-0.44808581519272994,9.287709497206704,Most Stable (Top 10%)
47067,"Hancock County, Tennessee",-0.4325978910456849,10.649441340782124,Very Stable (Top 25%)
47073,"Hawkins County, Tennessee",-0.3852833158650908,15.81703910614525,Very Stable (Top 25%)
45039,"Fairfield County, South Carolina",0.315811450433208,80.6913407821229,Less Stable (Bottom 25%)
51760,"Richmond city, Virginia",0.5394599248055899,89.45530726256983,Less Stable (Bottom 25%)
27079,"Le Sueur County, Minnesota",-0.4083820644622037,12.639664804469275,Very Stable (Top 25%)
48255,"Karnes County, Texas",0.36696187343952,83.1703910614525,Less Stable (Bottom 25%)
31003,"Antelope County, Nebraska",-0.4043851176493715,13.337988826815641,Very Stable (Top 25%)
29007,"Audrain County, Missouri",-0.40366193304917086,13.40782122905028,Very Stable (Top 25%)
48035,"Bosque County, Texas",0.02714434119150607,61.871508379888276,Moderate Stability
48047,NA,NA,NA,Insufficient Data
55107,"Rusk County, Wisconsin",-0.18277007971785345,38.4427374301676,Moderate Stability
51065,"Fluvanna County, Virginia",-0.04985807060881829,54.18994413407822,Moderate Stability
55131,"Washington County, Wisconsin",-0.33178879998777167,21.22905027932961,Very Stable (Top 25%)
27103,"Nicollet County, Minnesota",-0.392225598184084,14.97905027932961,Very Stable (Top 25%)
27117,"Pipestone County, Minnesota",0.10158486033383134,67.38826815642457,Moderate Stability
27129,"Renville County, Minnesota",-0.30660228732628736,24.860335195530723,Very Stable (Top 25%)
51111,"Lunenburg County, Virginia",0.0553341977658122,64.31564245810057,Moderate Stability
51115,"Mathews County, Virginia",0.030757284677532908,62.255586592178766,Moderate Stability
01057,"Fayette County, Alabama",-0.4114336439884085,12.360335195530727,Very Stable (Top 25%)
42055,"Franklin County, Pennsylvania",-0.3250882335254063,21.997206703910617,Very Stable (Top 25%)
28049,"Hinds County, Mississippi",-0.1873400633190496,38.12849162011173,Moderate Stability
18095,"Madison County, Indiana",-0.3950836807072378,14.594972067039105,Very Stable (Top 25%)
48177,"Gonzales County, Texas",0.8535160393836226,95.74022346368714,Least Stable (Bottom 10%)
16067,"Minidoka County, Idaho",0.03108049017219168,62.325418994413404,Moderate Stability
42085,"Mercer County, Pennsylvania",-0.5811473487295369,2.339385474860335,Most Stable (Top 10%)
29113,"Lincoln County, Missouri",0.20553941698456232,74.30167597765363,Moderate Stability
26093,"Livingston County, Michigan",-0.2986823761948184,25.593575418994412,Moderate Stability
26143,"Roscommon County, Michigan",0.24235602367534304,76.9203910614525,Less Stable (Bottom 25%)
36005,"Bronx County, New York",-0.06977886992351795,51.955307262569825,Moderate Stability
39021,"Champaign County, Ohio",-0.39797632778809666,14.210893854748605,Very Stable (Top 25%)
26161,"Washtenaw County, Michigan",-0.2502038948773765,31.389664804469277,Moderate Stability
31135,NA,NA,NA,Insufficient Data
27151,"Swift County, Minnesota",-0.3068526435422646,24.790502793296092,Very Stable (Top 25%)
09140,NA,NA,NA,Insufficient Data
38063,NA,NA,NA,Insufficient Data
35047,"San Miguel County, New Mexico",0.07667806975967502,65.29329608938548,Moderate Stability
29181,"Ripley County, Missouri",0.5229277944407204,88.89664804469274,Less Stable (Bottom 25%)
20173,"Sedgwick County, Kansas",-0.18830921632896186,38.05865921787709,Moderate Stability
13001,"Appling County, Georgia",0.03392604342704922,62.63966480446928,Moderate Stability
19021,"Buena Vista County, Iowa",0.1629527570263939,71.4036312849162,Moderate Stability
17137,"Morgan County, Illinois",-0.42414725620718446,11.1731843575419,Very Stable (Top 25%)
29229,"Wright County, Missouri",-0.3081462003621569,24.615921787709496,Very Stable (Top 25%)
17075,"Iroquois County, Illinois",-0.06203900458904759,52.967877094972074,Moderate Stability
48271,NA,NA,NA,Insufficient Data
17095,"Knox County, Illinois",-0.4018742825536237,13.687150837988826,Very Stable (Top 25%)
20041,"Dickinson County, Kansas",-0.30983860061026036,24.33659217877095,Very Stable (Top 25%)
13237,"Putnam County, Georgia",0.11664256414312438,68.54050279329608,Moderate Stability
13165,"Jenkins County, Georgia",0.3416727678238306,82.12290502793296,Less Stable (Bottom 25%)
48507,"Zavala County, Texas",1.426494508042792,99.09217877094973,Least Stable (Bottom 10%)
39041,"Delaware County, Ohio",0.2622541773052255,78.07262569832403,Less Stable (Bottom 25%)
13255,"Spalding County, Georgia",2.370736193388388e-4,59.11312849162012,Moderate Stability
13005,"Bacon County, Georgia",-0.27889635272274116,27.86312849162011,Moderate Stability
16003,NA,NA,NA,Insufficient Data
48413,NA,NA,NA,Insufficient Data
29147,"Nodaway County, Missouri",0.3641284723900619,82.89106145251397,Less Stable (Bottom 25%)
31001,"Adams County, Nebraska",-0.3432864340726557,20.0768156424581,Very Stable (Top 25%)
31005,NA,NA,NA,Insufficient Data
48279,"Lamb County, Texas",0.24201693938917976,76.8854748603352,Less Stable (Bottom 25%)
48275,NA,NA,NA,Insufficient Data
48345,NA,NA,NA,Insufficient Data
29115,"Linn County, Missouri",-0.1001266579338082,48.39385474860335,Moderate Stability
13085,"Dawson County, Georgia",0.9578302930116872,96.89245810055866,Least Stable (Bottom 10%)
05037,"Cross County, Arkansas",-0.30498967923211606,24.96508379888268,Very Stable (Top 25%)
55113,"Sawyer County, Wisconsin",-0.1673580668427383,40.013966480446925,Moderate Stability
55129,"Washburn County, Wisconsin",-0.1807946604647932,38.652234636871505,Moderate Stability
42019,"Butler County, Pennsylvania",-0.3407267298130269,20.356145251396647,Very Stable (Top 25%)
36013,"Chautauqua County, New York",-0.4286572685565156,10.96368715083799,Very Stable (Top 25%)
29079,"Grundy County, Missouri",-0.41876824349905323,11.557262569832401,Very Stable (Top 25%)
48281,"Lampasas County, Texas",0.5738686667249512,90.11871508379889,Least Stable (Bottom 10%)
48057,"Calhoun County, Texas",0.3920301631656089,84.18296089385476,Less Stable (Bottom 25%)
16065,"Madison County, Idaho",1.1315466546570314,98.18435754189943,Least Stable (Bottom 10%)
19069,"Franklin County, Iowa",-0.20624537781090702,36.03351955307262,Moderate Stability
16007,"Bear Lake County, Idaho",-0.5068527419464218,5.481843575418995,Most Stable (Top 10%)
19079,"Hamilton County, Iowa",-0.1465072478783978,42.667597765363126,Moderate Stability
01101,"Montgomery County, Alabama",-0.25353590520030483,30.726256983240223,Moderate Stability
13043,"Candler County, Georgia",0.5381513765316852,89.4203910614525,Less Stable (Bottom 25%)
13051,"Chatham County, Georgia",0.03918736142392931,63.02374301675978,Moderate Stability
19137,"Montgomery County, Iowa",-0.05469823729709252,53.63128491620112,Moderate Stability
48385,NA,NA,NA,Insufficient Data
08115,NA,NA,NA,Insufficient Data
19161,"Sac County, Iowa",-0.3012414069406311,25.27932960893855,Moderate Stability
48399,"Runnels County, Texas",0.32684389598727837,81.31983240223464,Less Stable (Bottom 25%)
13119,"Franklin County, Georgia",-0.09337942362371954,49.23184357541899,Moderate Stability
12049,"Hardee County, Florida",0.6378271144717794,91.79469273743017,Least Stable (Bottom 10%)
13147,"Hart County, Georgia",0.4134197897402449,85.19553072625699,Less Stable (Bottom 25%)
39033,"Crawford County, Ohio",-0.6681224616079936,0.7332402234636871,Most Stable (Top 10%)
13199,"Meriwether County, Georgia",-0.20116454790404012,36.662011173184354,Moderate Stability
34033,"Salem County, New Jersey",-0.46997518025525853,8.030726256983241,Most Stable (Top 10%)
38083,NA,NA,NA,Insufficient Data
05063,"Independence County, Arkansas",-0.27450295297305405,28.52653631284916,Moderate Stability
31043,"Dakota County, Nebraska",0.4354462583620814,86.20810055865921,Less Stable (Bottom 25%)
51590,"Danville city, Virginia",-0.13668254303602145,43.81983240223464,Moderate Stability
51640,"Galax city, Virginia",0.7206984334190254,93.85474860335195,Least Stable (Bottom 10%)
51660,"Harrisonburg city, Virginia",0.2886702699417797,79.39944134078212,Less Stable (Bottom 25%)
18049,"Fulton County, Indiana",-0.4011378628439432,13.791899441340782,Very Stable (Top 25%)
39105,"Meigs County, Ohio",-0.3002534073859586,25.488826815642458,Moderate Stability
54045,"Logan County, West Virginia",-0.16954113904641024,39.69972067039106,Moderate Stability
54013,"Calhoun County, West Virginia",0.187946648901637,73.18435754189943,Moderate Stability
28053,NA,NA,NA,Insufficient Data
29025,"Caldwell County, Missouri",-0.14354786910648387,43.15642458100559,Moderate Stability
37133,"Onslow County, North Carolina",0.32095011979027954,80.83100558659217,Less Stable (Bottom 25%)
54091,"Taylor County, West Virginia",-0.4944435972284478,6.459497206703911,Most Stable (Top 10%)
12121,"Suwannee County, Florida",0.1739912056338924,72.10195530726257,Moderate Stability
53045,"Mason County, Washington",0.08511268235376372,65.95670391061452,Moderate Stability
50003,"Bennington County, Vermont",-0.3324483031311406,21.15921787709497,Very Stable (Top 25%)
54093,"Tucker County, West Virginia",0.062082312373582936,64.69972067039106,Moderate Stability
32027,"Pershing County, Nevada",0.17504591781508147,72.20670391061452,Moderate Stability
32510,"Carson City, Nevada",0.4640160969764505,87.25558659217877,Less Stable (Bottom 25%)
19131,"Mitchell County, Iowa",-0.12008117030941504,45.98463687150838,Moderate Stability
13229,"Pierce County, Georgia",0.023099597168315257,61.62709497206704,Moderate Stability
37061,"Duplin County, North Carolina",0.8043881146670663,95.04189944134079,Least Stable (Bottom 10%)
37127,"Nash County, North Carolina",-0.1971809192675321,37.011173184357546,Moderate Stability
13211,"Morgan County, Georgia",0.6033464228528775,90.99162011173185,Least Stable (Bottom 10%)
18035,"Delaware County, Indiana",-0.2974523797418198,25.73324022346369,Moderate Stability
20185,NA,NA,NA,Insufficient Data
26035,"Clare County, Michigan",0.007135411099080728,59.951117318435756,Moderate Stability
08017,NA,NA,NA,Insufficient Data
26007,"Alpena County, Michigan",-0.6113750138518405,1.431564245810056,Most Stable (Top 10%)
26011,"Arenac County, Michigan",-0.06592366895825813,52.339385474860336,Moderate Stability
20051,"Ellis County, Kansas",-0.5099230084594991,5.13268156424581,Most Stable (Top 10%)
20165,NA,NA,NA,Insufficient Data
26157,"Tuscola County, Michigan",-0.3073930879523547,24.755586592178773,Very Stable (Top 25%)
18009,"Blackford County, Indiana",-0.4482953291073868,9.252793296089386,Most Stable (Top 10%)
46101,"Moody County, South Dakota",-0.18900035306329066,37.988826815642454,Moderate Stability
01071,"Jackson County, Alabama",-0.5475443332578982,3.596368715083799,Most Stable (Top 10%)
18011,"Boone County, Indiana",0.4499450058609336,86.83659217877096,Less Stable (Bottom 25%)
18133,"Putnam County, Indiana",-0.25519811317134095,30.656424581005588,Moderate Stability
18159,"Tipton County, Indiana",-0.1424653353408368,43.331005586592184,Moderate Stability
40021,"Cherokee County, Oklahoma",-0.23069099077274263,33.37988826815643,Moderate Stability
46029,"Codington County, South Dakota",-0.2424266661708835,32.227653631284916,Moderate Stability
27087,"Mahnomen County, Minnesota",-0.3119361272084165,23.987430167597765,Very Stable (Top 25%)
20171,NA,NA,NA,Insufficient Data
55025,"Dane County, Wisconsin",-0.03077500814148891,56.040502793296085,Moderate Stability
13197,"Marion County, Georgia",0.34161379411772425,82.08798882681563,Less Stable (Bottom 25%)
26095,"Luce County, Michigan",0.28893049133416215,79.43435754189943,Less Stable (Bottom 25%)
29013,"Bates County, Missouri",-0.34881522525204833,19.134078212290504,Very Stable (Top 25%)
55121,"Trempealeau County, Wisconsin",-0.21075552637722175,35.649441340782126,Moderate Stability
51650,"Hampton city, Virginia",-0.23536574284002015,32.995810055865924,Moderate Stability
48301,NA,NA,NA,Insufficient Data
40015,"Caddo County, Oklahoma",-0.003891632684396076,58.69413407821229,Moderate Stability
08019,"Clear Creek County, Colorado",-0.14202929481084253,43.365921787709496,Moderate Stability
08027,NA,NA,NA,Insufficient Data
08005,"Arapahoe County, Colorado",0.2672965611821094,78.42178770949721,Less Stable (Bottom 25%)
48431,NA,NA,NA,Insufficient Data
48485,"Wichita County, Texas",-0.33490353391368693,20.879888268156424,Very Stable (Top 25%)
48261,NA,NA,NA,Insufficient Data
48263,NA,NA,NA,Insufficient Data
48259,"Kendall County, Texas",0.8019565557589595,94.93715083798882,Least Stable (Bottom 10%)
37113,"Macon County, North Carolina",-0.02822151790976896,56.38966480446928,Moderate Stability
40049,"Garvin County, Oklahoma",-0.13026294188449608,44.587988826815646,Moderate Stability
48449,"Titus County, Texas",0.07014867347142187,64.97905027932961,Moderate Stability
31067,"Gage County, Nebraska",-0.4574028312979921,8.659217877094973,Most Stable (Top 10%)
40109,"Oklahoma County, Oklahoma",-0.12837681944098478,44.937150837988824,Moderate Stability
36001,"Albany County, New York",-0.14509778426174907,42.877094972067034,Moderate Stability
40005,"Atoka County, Oklahoma",-0.3864675081948178,15.677374301675979,Very Stable (Top 25%)
40019,"Carter County, Oklahoma",-0.4570720601648834,8.72905027932961,Most Stable (Top 10%)
48287,"Lee County, Texas",-0.17147988569378217,39.59497206703911,Moderate Stability
51079,"Greene County, Virginia",-0.16771793368353605,39.909217877094974,Moderate Stability
28061,"Jasper County, Mississippi",-0.32854284090574676,21.682960893854748,Very Stable (Top 25%)
28085,"Lincoln County, Mississippi",-0.361067557927787,18.01675977653631,Very Stable (Top 25%)
28041,"Greene County, Mississippi",-0.23437888047727728,33.100558659217874,Moderate Stability
54109,"Wyoming County, West Virginia",-0.3647181156973854,17.667597765363126,Very Stable (Top 25%)
38023,NA,NA,NA,Insufficient Data
09130,NA,NA,NA,Insufficient Data
21153,"Magoffin County, Kentucky",-0.4506047532700302,9.043296089385475,Most Stable (Top 10%)
48375,"Potter County, Texas",0.04747039029142129,63.72206703910614,Moderate Stability
13053,"Chattahoochee County, Georgia",0.873826143658181,96.0195530726257,Least Stable (Bottom 10%)
19053,"Decatur County, Iowa",-0.1366798866035671,43.85474860335196,Moderate Stability
31095,"Jefferson County, Nebraska",0.13812848078472179,70.11173184357543,Moderate Stability
51179,"Stafford County, Virginia",0.745512467912328,94.3086592178771,Least Stable (Bottom 10%)
37117,"Martin County, North Carolina",-0.11257710274664881,46.57821229050279,Moderate Stability
22007,"Assumption Parish, Louisiana",-0.15515176812681347,41.72486033519553,Moderate Stability
31167,"Stanton County, Nebraska",-0.1295313349877003,44.727653631284916,Moderate Stability
29141,"Morgan County, Missouri",-0.18093758237729485,38.617318435754186,Moderate Stability
48401,"Rusk County, Texas",-0.3142228068099403,23.6731843575419,Very Stable (Top 25%)
04003,"Cochise County, Arizona",-0.2391506398186993,32.5768156424581,Moderate Stability
29137,"Monroe County, Missouri",-0.44312490952335826,9.881284916201118,Most Stable (Top 10%)
21213,"Simpson County, Kentucky",-0.10245934687372066,48.07960893854749,Moderate Stability
05121,"Randolph County, Arkansas",-0.23079758655067759,33.34497206703911,Moderate Stability
28003,"Alcorn County, Mississippi",-0.11073159524336187,46.892458100558656,Moderate Stability
48421,NA,NA,NA,Insufficient Data
18179,"Wells County, Indiana",-0.2586948869021391,30.20251396648045,Moderate Stability
18125,"Pike County, Indiana",-0.23592434546245786,32.891061452513966,Moderate Stability
26165,"Wexford County, Michigan",-0.12463345211202656,45.425977653631286,Moderate Stability
31183,NA,NA,NA,Insufficient Data
48475,"Ward County, Texas",0.432011411180277,86.10335195530726,Less Stable (Bottom 25%)
51840,"Winchester city, Virginia",-0.003168499019749343,58.83379888268156,Moderate Stability
35028,"Los Alamos County, New Mexico",-0.09242346483427552,49.33659217877095,Moderate Stability
18061,"Harrison County, Indiana",-0.3136082492901417,23.812849162011172,Very Stable (Top 25%)
27009,"Benton County, Minnesota",0.2527264527951647,77.44413407821229,Less Stable (Bottom 25%)
31137,"Phelps County, Nebraska",-0.2059641942946988,36.06843575418994,Moderate Stability
40111,"Okmulgee County, Oklahoma",-0.4612505522814759,8.414804469273744,Most Stable (Top 10%)
05061,"Howard County, Arkansas",0.12563810529936562,69.41340782122904,Moderate Stability
31163,NA,NA,NA,Insufficient Data
19005,"Allamakee County, Iowa",-0.1949431620676443,37.150837988826815,Moderate Stability
13143,"Haralson County, Georgia",0.21416300821770468,74.93016759776536,Moderate Stability
24015,"Cecil County, Maryland",-0.2835214321570075,27.44413407821229,Moderate Stability
31105,NA,NA,NA,Insufficient Data
05019,"Clark County, Arkansas",0.0101472667653373,60.33519553072626,Moderate Stability
13177,"Lee County, Georgia",0.6684213026620314,92.73743016759776,Least Stable (Bottom 10%)
18183,"Whitley County, Indiana",-0.3433840572819809,20.04189944134078,Very Stable (Top 25%)
28037,"Franklin County, Mississippi",-0.021439662406382586,57.262569832402235,Moderate Stability
46107,NA,NA,NA,Insufficient Data
48493,"Wilson County, Texas",0.17242193693552776,72.03212290502793,Moderate Stability
51600,"Fairfax city, Virginia",0.09852481896284154,67.00418994413407,Moderate Stability
28091,"Marion County, Mississippi",-0.03861950520548385,55.3072625698324,Moderate Stability
05111,"Poinsett County, Arkansas",-0.052492040259742204,53.875698324022345,Moderate Stability
12091,"Okaloosa County, Florida",0.11035320780275001,68.08659217877096,Moderate Stability
13007,NA,NA,NA,Insufficient Data
40119,"Payne County, Oklahoma",-0.5686197313718455,2.89804469273743,Most Stable (Top 10%)
48087,NA,NA,NA,Insufficient Data
48099,"Coryell County, Texas",-0.07792916550990103,50.9427374301676,Moderate Stability
17037,"DeKalb County, Illinois",-0.19163880367511626,37.63966480446928,Moderate Stability
48149,"Fayette County, Texas",0.187595295121932,73.1145251396648,Moderate Stability
42015,"Bradford County, Pennsylvania",-0.6898568853599686,0.38407821229050276,Most Stable (Top 10%)
46061,NA,NA,NA,Insufficient Data
46073,NA,NA,NA,Insufficient Data
47101,"Lewis County, Tennessee",-0.406707693107767,12.95391061452514,Very Stable (Top 25%)
51049,"Cumberland County, Virginia",0.2719300472449723,78.52653631284916,Less Stable (Bottom 25%)
48307,"McCulloch County, Texas",0.255328192188858,77.61871508379889,Less Stable (Bottom 25%)
20071,NA,NA,NA,Insufficient Data
38013,NA,NA,NA,Insufficient Data
47171,"Unicoi County, Tennessee",0.04265454509915066,63.30307262569832,Moderate Stability
12119,"Sumter County, Florida",0.9051343896765403,96.36871508379889,Least Stable (Bottom 10%)
19147,"Palo Alto County, Iowa",-0.27659699934328696,28.17737430167598,Moderate Stability
27041,"Douglas County, Minnesota",-0.42483681556021263,11.068435754189943,Very Stable (Top 25%)
20055,"Finney County, Kansas",0.34351445782502926,82.1927374301676,Less Stable (Bottom 25%)
48467,"Van Zandt County, Texas",0.19498736506688855,73.60335195530726,Moderate Stability
51820,"Waynesboro city, Virginia",0.09944634321513866,67.17877094972067,Moderate Stability
29175,"Randolph County, Missouri",-0.3218145555988499,22.62569832402235,Very Stable (Top 25%)
18105,"Monroe County, Indiana",-0.1447490754065993,42.94692737430167,Moderate Stability
19107,"Keokuk County, Iowa",-0.5569731706362314,3.212290502793296,Most Stable (Top 10%)
28127,"Simpson County, Mississippi",0.036532525720733525,62.849162011173185,Moderate Stability
12005,"Bay County, Florida",0.24584497412585227,77.12988826815642,Less Stable (Bottom 25%)
34023,"Middlesex County, New Jersey",0.0901246525741834,66.4804469273743,Moderate Stability
01013,"Butler County, Alabama",-0.12606583181338832,45.2513966480447,Moderate Stability
18081,"Johnson County, Indiana",0.0824032061487999,65.78212290502793,Moderate Stability
29055,"Crawford County, Missouri",-0.06720911615511307,52.16480446927374,Moderate Stability
40073,"Kingfisher County, Oklahoma",-0.009718025102568499,58.170391061452506,Moderate Stability
48225,"Houston County, Texas",0.04606980172302944,63.582402234636874,Moderate Stability
17045,"Edgar County, Illinois",-0.06693694764632371,52.19972067039106,Moderate Stability
51117,"Mecklenburg County, Virginia",-0.08692319958118401,49.96508379888268,Moderate Stability
05133,"Sevier County, Arkansas",0.20813174511673058,74.51117318435753,Moderate Stability
26163,"Wayne County, Michigan",-0.06283876442701969,52.932960893854755,Moderate Stability
48071,"Chambers County, Texas",0.900883471578215,96.29888268156425,Least Stable (Bottom 10%)
05083,"Logan County, Arkansas",-0.46234252022730715,8.379888268156424,Most Stable (Top 10%)
20081,NA,NA,NA,Insufficient Data
17155,"Putnam County, Illinois",0.019865347981822386,61.347765363128495,Moderate Stability
42113,"Sullivan County, Pennsylvania",0.01825573524559266,61.06843575418994,Moderate Stability
48251,"Johnson County, Texas",0.549774475518393,89.7695530726257,Less Stable (Bottom 25%)
42013,"Blair County, Pennsylvania",-0.578289191669929,2.479050279329609,Most Stable (Top 10%)
46089,NA,NA,NA,Insufficient Data
13191,"McIntosh County, Georgia",0.7125663580428243,93.64525139664805,Least Stable (Bottom 10%)
20005,"Atchison County, Kansas",-0.257203644218679,30.377094972067038,Moderate Stability
46027,"Clay County, South Dakota",-0.05331252545567722,53.770949720670394,Moderate Stability
48205,"Hartley County, Texas",0.1445517707466255,70.74022346368714,Moderate Stability
08035,"Douglas County, Colorado",0.28974488935874904,79.5391061452514,Less Stable (Bottom 25%)
19025,"Calhoun County, Iowa",-0.11324659096189732,46.54329608938548,Moderate Stability
31069,NA,NA,NA,Insufficient Data
20157,NA,NA,NA,Insufficient Data
55087,"Outagamie County, Wisconsin",-0.363063289078836,17.772346368715084,Very Stable (Top 25%)
31081,"Hamilton County, Nebraska",-0.5484116060858611,3.5265363128491622,Most Stable (Top 10%)
18137,"Ripley County, Indiana",-0.6029160984639165,1.5712290502793298,Most Stable (Top 10%)
13285,"Troup County, Georgia",-0.2732808038218541,28.701117318435752,Moderate Stability
21191,"Pendleton County, Kentucky",-0.4780556579619621,7.646648044692737,Most Stable (Top 10%)
46007,NA,NA,NA,Insufficient Data
31153,"Sarpy County, Nebraska",0.04229110489162481,63.268156424581,Moderate Stability
35031,"McKinley County, New Mexico",-0.04137882495854638,55.132681564245814,Moderate Stability
17151,NA,NA,NA,Insufficient Data
17177,"Stephenson County, Illinois",-0.20381378377698833,36.347765363128495,Moderate Stability
18085,"Kosciusko County, Indiana",-0.3642035789076816,17.702513966480446,Very Stable (Top 25%)
21175,"Morgan County, Kentucky",0.23216291753463109,76.3268156424581,Less Stable (Bottom 25%)
37125,"Moore County, North Carolina",0.4498766150486139,86.76675977653632,Less Stable (Bottom 25%)
37159,"Rowan County, North Carolina",-0.03469149803766104,55.621508379888276,Moderate Stability
13157,"Jackson County, Georgia",0.9996315106188625,97.3463687150838,Least Stable (Bottom 10%)
51007,"Amelia County, Virginia",0.13841835222025514,70.21648044692738,Moderate Stability
39103,"Medina County, Ohio",-0.32400601208706614,22.241620111731844,Very Stable (Top 25%)
13283,"Treutlen County, Georgia",0.35750508338938436,82.71648044692738,Less Stable (Bottom 25%)
27145,"Stearns County, Minnesota",0.10972237036800395,68.01675977653632,Moderate Stability
13209,"Montgomery County, Georgia",0.0897044359370504,66.44553072625699,Moderate Stability
41071,"Yamhill County, Oregon",0.39709773753403826,84.4972067039106,Less Stable (Bottom 25%)
39125,"Paulding County, Ohio",-0.15958285905349642,40.92178770949721,Moderate Stability
20141,NA,NA,NA,Insufficient Data
17089,"Kane County, Illinois",0.07898566727364872,65.57262569832403,Moderate Stability
19031,"Cedar County, Iowa",-0.7540555406749695,0.13966480446927373,Most Stable (Top 10%)
20027,"Clay County, Kansas",-0.292383297068855,26.536312849162012,Moderate Stability
55001,"Adams County, Wisconsin",-0.18892027062074687,38.023743016759774,Moderate Stability
20179,NA,NA,NA,Insufficient Data
51830,"Williamsburg city, Virginia",0.060475913347874735,64.52513966480447,Moderate Stability
40011,"Blaine County, Oklahoma",0.20554654933318012,74.33659217877096,Moderate Stability
48151,NA,NA,NA,Insufficient Data
48253,"Jones County, Texas",0.05398914804839798,64.24581005586593,Moderate Stability
48173,NA,NA,NA,Insufficient Data
40001,"Adair County, Oklahoma",0.12781670316659147,69.48324022346368,Moderate Stability
48231,"Hunt County, Texas",0.4711538057393461,87.53491620111731,Less Stable (Bottom 25%)
48471,"Walker County, Texas",0.020441535947114644,61.382681564245814,Moderate Stability
40147,"Washington County, Oklahoma",-0.5062830330851049,5.516759776536313,Most Stable (Top 10%)
55137,"Waushara County, Wisconsin",-0.44296973039642185,9.951117318435754,Most Stable (Top 10%)
08003,"Alamosa County, Colorado",0.8897456620557638,96.15921787709497,Least Stable (Bottom 10%)
13253,"Seminole County, Georgia",-0.1452065949539149,42.842178770949715,Moderate Stability
01133,"Winston County, Alabama",-0.04484343267220127,54.78351955307262,Moderate Stability
48219,"Hockley County, Texas",0.0658647932763394,64.83938547486034,Moderate Stability
31129,NA,NA,NA,Insufficient Data
13081,"Crisp County, Georgia",0.5143860309397446,88.61731843575419,Less Stable (Bottom 25%)
31047,"Dawson County, Nebraska",0.3926098676713398,84.21787709497207,Less Stable (Bottom 25%)
06091,NA,NA,NA,Insufficient Data
28075,"Lauderdale County, Mississippi",-0.35225760933573225,18.854748603351958,Very Stable (Top 25%)
47085,"Humphreys County, Tennessee",-0.2029519047770963,36.452513966480446,Moderate Stability
51800,"Suffolk city, Virginia",-0.09590197605578707,48.847765363128495,Moderate Stability
29199,NA,NA,NA,Insufficient Data
48235,NA,NA,NA,Insufficient Data
17129,"Menard County, Illinois",-0.6886351780126159,0.41899441340782123,Most Stable (Top 10%)
13045,"Carroll County, Georgia",0.19736849229982406,73.77793296089385,Moderate Stability
19181,"Warren County, Iowa",-0.22730434376304964,33.729050279329606,Moderate Stability
17199,"Williamson County, Illinois",-0.4002897020594077,13.931564245810055,Very Stable (Top 25%)
13171,"Lamar County, Georgia",0.39034300475319345,84.11312849162012,Less Stable (Bottom 25%)
51510,"Alexandria city, Virginia",-0.2694838994377761,29.15502793296089,Moderate Stability
31053,"Dodge County, Nebraska",-0.1379540559322784,43.64525139664804,Moderate Stability
05097,"Montgomery County, Arkansas",-0.08475964923069923,50.349162011173185,Moderate Stability
19001,"Adair County, Iowa",-0.2515634827438399,31.25,Moderate Stability
29129,NA,NA,NA,Insufficient Data
31099,"Kearney County, Nebraska",0.4914166140406352,88.02374301675978,Less Stable (Bottom 25%)
28051,"Holmes County, Mississippi",0.5855371257910011,90.46787709497207,Least Stable (Bottom 10%)
51580,"Covington city, Virginia",-0.4144972973510198,12.081005586592179,Very Stable (Top 25%)
13173,"Lanier County, Georgia",0.6505693026777712,92.17877094972067,Least Stable (Bottom 10%)
13075,"Cook County, Georgia",-0.1274034524888119,45.18156424581006,Moderate Stability
47051,"Franklin County, Tennessee",-0.09922689862719654,48.4986033519553,Moderate Stability
48181,"Grayson County, Texas",0.16616707561565128,71.54329608938548,Moderate Stability
55133,"Waukesha County, Wisconsin",-0.3834456689627618,16.061452513966483,Very Stable (Top 25%)
29053,"Cooper County, Missouri",-0.3101066346804321,24.30167597765363,Very Stable (Top 25%)
51159,"Richmond County, Virginia",0.22436455736387992,75.59357541899442,Less Stable (Bottom 25%)
17077,"Jackson County, Illinois",0.009402966124572736,60.160614525139664,Moderate Stability
29125,"Maries County, Missouri",-0.34721884267011327,19.41340782122905,Very Stable (Top 25%)
22111,"Union Parish, Louisiana",-0.026995659256679662,56.634078212290504,Moderate Stability
31119,"Madison County, Nebraska",-0.3297893097678708,21.543296089385475,Very Stable (Top 25%)
26073,"Isabella County, Michigan",0.02715748177407287,61.90642458100558,Moderate Stability
39075,"Holmes County, Ohio",-0.06526588299103922,52.548882681564244,Moderate Stability
20191,"Sumner County, Kansas",-0.3167805181303041,23.289106145251395,Very Stable (Top 25%)
19033,"Cerro Gordo County, Iowa",-0.46327783987002746,8.344972067039107,Most Stable (Top 10%)
20079,"Harvey County, Kansas",-0.046587059122840994,54.574022346368714,Moderate Stability
40047,"Garfield County, Oklahoma",-0.2948204426049801,26.256983240223462,Moderate Stability
25003,"Berkshire County, Massachusetts",-0.18917325348575692,37.953910614525135,Moderate Stability
27107,"Norman County, Minnesota",-0.13690748064080252,43.75,Moderate Stability
31169,"Thayer County, Nebraska",-0.1275324010025211,45.11173184357542,Moderate Stability
37021,"Buncombe County, North Carolina",0.24745975651964075,77.23463687150837,Less Stable (Bottom 25%)
12055,"Highlands County, Florida",0.36986723288480106,83.34497206703911,Less Stable (Bottom 25%)
48081,NA,NA,NA,Insufficient Data
31145,"Red Willow County, Nebraska",-0.17484912173116698,39.280726256983236,Moderate Stability
37169,"Stokes County, North Carolina",-0.19389002400039537,37.290502793296085,Moderate Stability
54019,"Fayette County, West Virginia",-0.1090836448873061,47.13687150837989,Moderate Stability
37145,"Person County, North Carolina",0.13178551027680635,69.6927374301676,Moderate Stability
39063,"Hancock County, Ohio",-0.3978088140009147,14.28072625698324,Very Stable (Top 25%)
22093,"St. James Parish, Louisiana",0.12110523694515958,68.85474860335195,Moderate Stability
46003,NA,NA,NA,Insufficient Data
20131,"Nemaha County, Kansas",-0.30909515817832706,24.511173184357542,Very Stable (Top 25%)
48199,"Hardin County, Texas",-0.22314989882977848,34.18296089385475,Moderate Stability
27011,"Big Stone County, Minnesota",-0.34433742883659213,19.90223463687151,Very Stable (Top 25%)
20083,NA,NA,NA,Insufficient Data
31097,"Johnson County, Nebraska",0.176162551135074,72.27653631284916,Moderate Stability
46102,NA,NA,NA,Insufficient Data
16021,"Boundary County, Idaho",0.3141832079862662,80.65642458100558,Less Stable (Bottom 25%)
27023,"Chippewa County, Minnesota",-0.43264721809814205,10.614525139664805,Very Stable (Top 25%)
47137,"Pickett County, Tennessee",-0.0017886663343296993,58.97346368715084,Moderate Stability
48153,"Floyd County, Texas",0.6573558888909583,92.35335195530726,Least Stable (Bottom 10%)
47147,"Robertson County, Tennessee",0.02273785275226803,61.5572625698324,Moderate Stability
56031,"Platte County, Wyoming",-0.08186454233369779,50.628491620111724,Moderate Stability
51103,"Lancaster County, Virginia",0.17643378154518555,72.3463687150838,Moderate Stability
29077,"Greene County, Missouri",-0.17625706507841524,39.07122905027933,Moderate Stability
39007,"Ashtabula County, Ohio",-0.5232817092302281,4.539106145251397,Most Stable (Top 10%)
37197,"Yadkin County, North Carolina",-0.13313084026840435,44.273743016759774,Moderate Stability
08063,"Kit Carson County, Colorado",0.20541765599137263,74.26675977653632,Moderate Stability
40097,"Mayes County, Oklahoma",-0.44920377112822024,9.182960893854748,Most Stable (Top 10%)
39093,"Lorain County, Ohio",-0.24802861343928723,31.564245810055862,Moderate Stability
08075,"Logan County, Colorado",0.41398810277816445,85.26536312849163,Less Stable (Bottom 25%)
20193,"Thomas County, Kansas",-0.20927898163321712,35.824022346368714,Moderate Stability
51685,"Manassas Park city, Virginia",1.913921192135701,99.72067039106145,Least Stable (Bottom 10%)
39111,"Monroe County, Ohio",-0.3162341061451863,23.393854748603353,Very Stable (Top 25%)
13047,"Catoosa County, Georgia",-0.13524104919926383,44.064245810055866,Moderate Stability
12019,"Clay County, Florida",0.2873331423013651,79.29469273743017,Less Stable (Bottom 25%)
17187,"Warren County, Illinois",-0.343176440710138,20.11173184357542,Very Stable (Top 25%)
18003,"Allen County, Indiana",-0.06035971792368747,53.142458100558656,Moderate Stability
48267,NA,NA,NA,Insufficient Data
48389,"Reeves County, Texas",0.30049178990354863,80.02793296089385,Less Stable (Bottom 25%)
40029,"Coal County, Oklahoma",-0.21288630719564874,35.40502793296089,Moderate Stability
47055,"Giles County, Tennessee",-0.01736613303377544,57.54189944134078,Moderate Stability
28005,"Amite County, Mississippi",0.289015524442684,79.46927374301676,Less Stable (Bottom 25%)
48359,NA,NA,NA,Insufficient Data
45087,"Union County, South Carolina",-0.3242356947336219,22.171787709497206,Very Stable (Top 25%)
26055,"Grand Traverse County, Michigan",-0.10287082440643701,48.00977653631285,Moderate Stability
47033,"Crockett County, Tennessee",0.10762557892811318,67.84217877094973,Moderate Stability
21083,"Graves County, Kentucky",-0.3761129173750855,16.829608938547487,Very Stable (Top 25%)
55065,"Lafayette County, Wisconsin",-0.5553189623767422,3.282122905027933,Most Stable (Top 10%)
55099,"Price County, Wisconsin",-0.6254673916011548,1.0824022346368716,Most Stable (Top 10%)
17005,"Bond County, Illinois",-0.3104020122303671,24.231843575418992,Very Stable (Top 25%)
18101,"Martin County, Indiana",-0.1485389521509719,42.4231843575419,Moderate Stability
08047,"Gilpin County, Colorado",0.3953932340936375,84.35754189944134,Less Stable (Bottom 25%)
26027,"Cass County, Michigan",-0.2869996153175567,27.02513966480447,Moderate Stability
28137,"Tate County, Mississippi",-0.4011056752886572,13.8268156424581,Very Stable (Top 25%)
20029,"Cloud County, Kansas",-0.1338575243560748,44.168994413407816,Moderate Stability
21197,"Powell County, Kentucky",-0.07566082170812025,51.3268156424581,Moderate Stability
19177,"Van Buren County, Iowa",-0.4408043271439658,10.05586592178771,Very Stable (Top 25%)
28163,"Yazoo County, Mississippi",0.5965783469919285,90.7472067039106,Least Stable (Bottom 10%)
48425,"Somervell County, Texas",0.6702214103618493,92.77234636871509,Least Stable (Bottom 10%)
20125,"Montgomery County, Kansas",-0.06535271742011428,52.479050279329606,Moderate Stability
30107,NA,NA,NA,Insufficient Data
55017,"Chippewa County, Wisconsin",-0.3237806108206257,22.311452513966483,Very Stable (Top 25%)
06005,"Amador County, California",0.11867634421133026,68.61033519553072,Moderate Stability
48341,"Moore County, Texas",0.2299740874817286,76.18715083798882,Less Stable (Bottom 25%)
47003,"Bedford County, Tennessee",0.33525380849905184,81.66899441340783,Less Stable (Bottom 25%)
18107,"Montgomery County, Indiana",-0.3530674285688407,18.71508379888268,Very Stable (Top 25%)
13261,"Sumter County, Georgia",0.0767359140084868,65.32821229050279,Moderate Stability
29185,"St. Clair County, Missouri",-0.23985233780077364,32.50698324022346,Moderate Stability
28039,"George County, Mississippi",-0.21766387571591397,34.63687150837989,Moderate Stability
55105,"Rock County, Wisconsin",-0.02546875981172623,56.94832402234636,Moderate Stability
21215,"Spencer County, Kentucky",-0.08303568840915027,50.52374301675978,Moderate Stability
39003,"Allen County, Ohio",-0.22435749541588182,34.00837988826816,Moderate Stability
20129,NA,NA,NA,Insufficient Data
28031,"Covington County, Mississippi",-0.1319459163004342,44.51815642458101,Moderate Stability
39107,"Mercer County, Ohio",-0.3341490473288682,21.019553072625698,Very Stable (Top 25%)
27131,"Rice County, Minnesota",-0.2175355858182099,34.67178770949721,Moderate Stability
48283,"La Salle County, Texas",1.7551380395528373,99.58100558659217,Least Stable (Bottom 10%)
20045,"Douglas County, Kansas",-0.25600640721905016,30.58659217877095,Moderate Stability
48393,NA,NA,NA,Insufficient Data
13189,"McDuffie County, Georgia",-0.20163075224544372,36.592178770949715,Moderate Stability
29075,"Gentry County, Missouri",-0.25230936835093293,31.075418994413408,Moderate Stability
47071,"Hardin County, Tennessee",0.23612269489888404,76.46648044692738,Less Stable (Bottom 25%)
31037,"Colfax County, Nebraska",1.2637477204200418,98.60335195530726,Least Stable (Bottom 10%)
47159,"Smith County, Tennessee",-0.43193900642034283,10.789106145251397,Very Stable (Top 25%)
05053,"Grant County, Arkansas",-0.2014064266425047,36.627094972067034,Moderate Stability
16075,"Payette County, Idaho",0.6902464550850387,93.29608938547486,Least Stable (Bottom 10%)
17103,"Lee County, Illinois",-0.37452793450107,16.864525139664803,Very Stable (Top 25%)
46071,NA,NA,NA,Insufficient Data
47059,"Greene County, Tennessee",-0.11202728618334429,46.68296089385475,Moderate Stability
27099,"Mower County, Minnesota",0.38666370361002034,84.04329608938548,Less Stable (Bottom 25%)
31013,"Box Butte County, Nebraska",0.8137368432452833,95.25139664804469,Least Stable (Bottom 10%)
48139,"Ellis County, Texas",1.1647429913851342,98.2891061452514,Least Stable (Bottom 10%)
08079,NA,NA,NA,Insufficient Data
40043,NA,NA,NA,Insufficient Data
48297,"Live Oak County, Texas",0.3411119330799107,82.01815642458101,Less Stable (Bottom 25%)
13309,"Wheeler County, Georgia",0.227990953347522,75.97765363128491,Less Stable (Bottom 25%)
19101,"Jefferson County, Iowa",-0.0024568439507622374,58.9036312849162,Moderate Stability
08125,"Yuma County, Colorado",0.8546334436482047,95.77513966480447,Least Stable (Bottom 10%)
29217,"Vernon County, Missouri",-0.4480232348293691,9.322625698324021,Most Stable (Top 10%)
50013,"Grand Isle County, Vermont",0.09617407249599905,66.72486033519553,Moderate Stability
17171,NA,NA,NA,Insufficient Data
26135,"Oscoda County, Michigan",0.12763010438207736,69.44832402234637,Moderate Stability
20123,"Mitchell County, Kansas",0.12873532927424763,69.55307262569832,Moderate Stability
45063,"Lexington County, South Carolina",-0.07577787820118133,51.25698324022346,Moderate Stability
48357,"Ochiltree County, Texas",1.0188918608453774,97.52094972067039,Least Stable (Bottom 10%)
13187,"Lumpkin County, Georgia",0.40632020500716776,84.81145251396647,Less Stable (Bottom 25%)
31185,"York County, Nebraska",-0.41407383200011844,12.115921787709496,Very Stable (Top 25%)
27147,"Steele County, Minnesota",-0.3935908882794358,14.839385474860336,Very Stable (Top 25%)
18171,"Warren County, Indiana",-0.49861807379714934,6.040502793296089,Most Stable (Top 10%)
48303,"Lubbock County, Texas",0.06303413463021199,64.73463687150837,Moderate Stability
20137,"Norton County, Kansas",-0.27027803960265384,29.05027932960894,Moderate Stability
48371,"Pecos County, Texas",0.41732316624855936,85.40502793296089,Less Stable (Bottom 25%)
51135,"Nottoway County, Virginia",0.28803329833957103,79.3645251396648,Less Stable (Bottom 25%)
13057,"Cherokee County, Georgia",0.618744656178306,91.34078212290503,Least Stable (Bottom 10%)
37025,"Cabarrus County, North Carolina",0.9004077758684937,96.26396648044692,Least Stable (Bottom 10%)
31057,NA,NA,NA,Insufficient Data
19165,"Shelby County, Iowa",-0.41548487605958057,11.941340782122905,Very Stable (Top 25%)
29510,"St. Louis city, Missouri",0.4284898732239538,85.96368715083798,Less Stable (Bottom 25%)
20139,"Osage County, Kansas",-0.4981475327802497,6.145251396648044,Most Stable (Top 10%)
20003,"Anderson County, Kansas",0.22438748181227283,75.62849162011173,Less Stable (Bottom 25%)
39159,"Union County, Ohio",0.8121744592122554,95.21648044692738,Least Stable (Bottom 10%)
31085,NA,NA,NA,Insufficient Data
21071,"Floyd County, Kentucky",-0.48730657579733155,6.91340782122905,Most Stable (Top 10%)
13297,"Walton County, Georgia",0.4322299904383614,86.1731843575419,Less Stable (Bottom 25%)
46017,NA,NA,NA,Insufficient Data
19065,"Fayette County, Iowa",-0.72609175306751494,0.17458100558659218,Most Stable (Top 10%)
39047,"Fayette County, Ohio",-0.3471692296941262,19.44832402234637,Very Stable (Top 25%)
37081,"Guilford County, North Carolina",-0.06879937130275647,51.990223463687144,Moderate Stability
54085,"Ritchie County, West Virginia",0.531962370288742,89.14106145251397,Less Stable (Bottom 25%)
13299,"Ware County, Georgia",-0.29667679310616213,25.872905027932962,Moderate Stability
26001,"Alcona County, Michigan",-0.11517656139331384,46.36871508379888,Moderate Stability
37033,"Caswell County, North Carolina",0.11516962636829156,68.3659217877095,Moderate Stability
48007,"Aransas County, Texas",0.22198675418535072,75.45391061452514,Less Stable (Bottom 25%)
41055,NA,NA,NA,Insufficient Data
05105,"Perry County, Arkansas",-0.351392632091275,18.924581005586592,Very Stable (Top 25%)
08089,"Otero County, Colorado",0.15033085660684534,70.91480446927375,Moderate Stability
13097,"Douglas County, Georgia",0.7529557476583919,94.41340782122904,Least Stable (Bottom 10%)
40125,"Pottawatomie County, Oklahoma",-0.621788276384678,1.1522346368715084,Most Stable (Top 10%)
28035,"Forrest County, Mississippi",-0.4024896634301437,13.547486033519554,Very Stable (Top 25%)
37071,"Gaston County, North Carolina",0.3413129655618129,82.05307262569832,Less Stable (Bottom 25%)
08087,"Morgan County, Colorado",0.09618371509343593,66.75977653631286,Moderate Stability
42123,"Warren County, Pennsylvania",-0.5232455994127461,4.574022346368714,Most Stable (Top 10%)
48143,"Erath County, Texas",0.44648474993559856,86.62709497206704,Less Stable (Bottom 25%)
17157,"Randolph County, Illinois",-0.49507576318356433,6.354748603351955,Most Stable (Top 10%)
27073,"Lac qui Parle County, Minnesota",-0.44433980203944246,9.706703910614525,Most Stable (Top 10%)
48111,"Dallam County, Texas",2.189991207347274,99.93016759776536,Least Stable (Bottom 10%)
21163,"Meade County, Kentucky",-0.1474891863598942,42.562849162011176,Moderate Stability
51139,"Page County, Virginia",-0.3457150534622952,19.657821229050278,Very Stable (Top 25%)
51125,"Nelson County, Virginia",-0.18649932115143603,38.16340782122905,Moderate Stability
31075,NA,NA,NA,Insufficient Data
48175,"Goliad County, Texas",-0.08498947166773957,50.314245810055866,Moderate Stability
40081,"Lincoln County, Oklahoma",-0.3473623264733868,19.37849162011173,Very Stable (Top 25%)
13301,"Warren County, Georgia",0.53719329351080225,89.31564245810057,Less Stable (Bottom 25%)
28161,"Yalobusha County, Mississippi",-0.22840608936165074,33.659217877094974,Moderate Stability
17059,NA,NA,NA,Insufficient Data
08103,"Rio Blanco County, Colorado",0.2813656605051618,78.94553072625699,Less Stable (Bottom 25%)
28079,"Leake County, Mississippi",0.36166422950948757,82.78631284916202,Less Stable (Bottom 25%)
18023,"Clinton County, Indiana",-0.24251764541784795,32.1927374301676,Moderate Stability
27085,"McLeod County, Minnesota",-0.5795736889610483,2.3743016759776534,Most Stable (Top 10%)
19027,"Carroll County, Iowa",-0.47695051225863333,7.751396648044692,Most Stable (Top 10%)
21121,"Knox County, Kentucky",-0.23981822652986995,32.54189944134078,Moderate Stability
13055,"Chattooga County, Georgia",-0.384723890388836,15.991620111731844,Very Stable (Top 25%)
18029,"Dearborn County, Indiana",-0.2665679011711871,29.364525139664803,Moderate Stability
22123,"West Carroll Parish, Louisiana",0.32412912248149384,81.00558659217877,Less Stable (Bottom 25%)
34041,"Warren County, New Jersey",-0.09407288086494342,49.127094972067034,Moderate Stability
36007,"Broome County, New York",-0.47945372751849596,7.437150837988826,Most Stable (Top 10%)
38077,"Richland County, North Dakota",-0.5467443485276753,3.7011173184357546,Most Stable (Top 10%)
38005,"Benson County, North Dakota",0.46484447222034697,87.36033519553072,Less Stable (Bottom 25%)
08109,"Saguache County, Colorado",0.7452852994848953,94.27374301675978,Least Stable (Bottom 10%)
13235,"Pulaski County, Georgia",1.534270410590562,99.30167597765363,Least Stable (Bottom 10%)
18117,"Orange County, Indiana",0.014881931585188836,60.68435754189944,Moderate Stability
19197,"Wright County, Iowa",0.10650643401635143,67.77234636871509,Moderate Stability
20087,"Jefferson County, Kansas",-0.5152246933082761,4.923184357541899,Most Stable (Top 10%)
21001,"Adair County, Kentucky",-0.3475483469261373,19.308659217877093,Very Stable (Top 25%)
27149,"Stevens County, Minnesota",0.005429487552272636,59.70670391061452,Moderate Stability
28101,"Newton County, Mississippi",-0.500887454560814,5.831005586592179,Most Stable (Top 10%)
26057,"Gratiot County, Michigan",-0.16767835168146197,39.94413407821229,Moderate Stability
31101,"Keith County, Nebraska",-0.30973002381733505,24.406424581005588,Very Stable (Top 25%)
21019,"Boyd County, Kentucky",-0.49955495594588295,5.935754189944134,Most Stable (Top 10%)
39137,"Putnam County, Ohio",-0.3884306536595361,15.502793296089385,Very Stable (Top 25%)
45041,"Florence County, South Carolina",-0.26628310380874914,29.399441340782122,Moderate Stability
48407,"San Jacinto County, Texas",0.2811980014827524,78.91061452513966,Less Stable (Bottom 25%)
54049,"Marion County, West Virginia",-0.5053536855687556,5.58659217877095,Most Stable (Top 10%)
53051,"Pend Oreille County, Washington",0.10286187812783537,67.52793296089385,Moderate Stability
31133,NA,NA,NA,Insufficient Data
19163,"Scott County, Iowa",-0.3618835361433813,17.946927374301676,Very Stable (Top 25%)
21079,"Garrard County, Kentucky",-0.1143115647514036,46.47346368715084,Moderate Stability
13265,NA,NA,NA,Insufficient Data
48211,NA,NA,NA,Insufficient Data
27089,"Marshall County, Minnesota",-0.4430928350473234,9.916201117318437,Most Stable (Top 10%)
51121,"Montgomery County, Virginia",-0.3274470371484653,21.787709497206702,Very Stable (Top 25%)
16081,"Teton County, Idaho",1.1629235540034784,98.25418994413407,Least Stable (Bottom 10%)
17013,NA,NA,NA,Insufficient Data
20035,"Cowley County, Kansas",-0.2624737360580625,29.81843575418994,Moderate Stability
23023,"Sagadahoc County, Maine",-0.43447016787166565,10.405027932960893,Very Stable (Top 25%)
28047,"Harrison County, Mississippi",-0.23612769084996638,32.85614525139665,Moderate Stability
28139,"Tippah County, Mississippi",-0.006954551525812002,58.44972067039106,Moderate Stability
51113,"Madison County, Virginia",0.052149985182927655,64.10614525139665,Moderate Stability
51107,"Loudoun County, Virginia",0.41048978617880505,84.98603351955308,Less Stable (Bottom 25%)
56009,"Converse County, Wyoming",-0.14974962046973844,42.28351955307262,Moderate Stability
21017,"Bourbon County, Kentucky",0.13771207544336123,70.00698324022346,Moderate Stability
21007,"Ballard County, Kentucky",-0.2859649593788538,27.23463687150838,Moderate Stability
18059,"Hancock County, Indiana",0.0876327194139346,66.16620111731844,Moderate Stability
13213,"Murray County, Georgia",0.5779584585950862,90.25837988826815,Least Stable (Bottom 10%)
39011,"Auglaize County, Ohio",-0.44958373001188207,9.148044692737429,Most Stable (Top 10%)
28025,"Clay County, Mississippi",-0.14281162286938753,43.296089385474865,Moderate Stability
18093,"Lawrence County, Indiana",-0.34829862232108183,19.168994413407823,Very Stable (Top 25%)
20057,"Ford County, Kansas",0.5323387104189331,89.17597765363129,Less Stable (Bottom 25%)
21209,"Scott County, Kentucky",-0.10846248360076542,47.24162011173184,Moderate Stability
22059,"LaSalle Parish, Louisiana",-0.2286228155024698,33.589385474860336,Moderate Stability
28089,"Madison County, Mississippi",-0.2362046686671176,32.82122905027933,Moderate Stability
31077,NA,NA,NA,Insufficient Data
36053,"Madison County, New York",-0.4100918512505507,12.53491620111732,Very Stable (Top 25%)
21139,"Livingston County, Kentucky",-0.3315069431455191,21.298882681564248,Very Stable (Top 25%)
40055,"Greer County, Oklahoma",0.03568244117403521,62.744413407821234,Moderate Stability
46055,NA,NA,NA,Insufficient Data
48293,"Limestone County, Texas",-0.01258505750894778,57.960893854748605,Moderate Stability
51775,"Salem city, Virginia",-0.41821361457012757,11.62709497206704,Very Stable (Top 25%)
50007,"Chittenden County, Vermont",-0.30840804708349584,24.546089385474858,Very Stable (Top 25%)
55125,"Vilas County, Wisconsin",0.2871293146956282,79.25977653631286,Less Stable (Bottom 25%)
31181,NA,NA,NA,Insufficient Data
31011,"Boone County, Nebraska",-0.2958468503577132,26.01256983240223,Moderate Stability
32009,NA,NA,NA,Insufficient Data
09190,NA,NA,NA,Insufficient Data
20161,"Riley County, Kansas",-0.5907909652728256,1.8505586592178773,Most Stable (Top 10%)
13271,"Telfair County, Georgia",1.6667287757759828,99.51117318435753,Least Stable (Bottom 10%)
48331,"Milam County, Texas",0.26292484030334135,78.14245810055866,Less Stable (Bottom 25%)
51155,"Pulaski County, Virginia",-0.2901386084029338,26.81564245810056,Moderate Stability
16031,"Cassia County, Idaho",0.0941412429449941,66.62011173184358,Moderate Stability
17033,"Crawford County, Illinois",-0.37163514860119745,17.108938547486034,Very Stable (Top 25%)
49007,"Carbon County, Utah",-0.2668873283715217,29.329608938547487,Moderate Stability
08113,"San Miguel County, Colorado",-0.15941320373237802,40.99162011173184,Moderate Stability
13149,"Heard County, Georgia",0.336871507940029,81.77374301675978,Less Stable (Bottom 25%)
18077,"Jefferson County, Indiana",-0.5278165944628938,4.259776536312849,Most Stable (Top 10%)
20199,NA,NA,NA,Insufficient Data
26031,"Cheboygan County, Michigan",0.25173764129643783,77.40921787709497,Less Stable (Bottom 25%)
28141,"Tishomingo County, Mississippi",-0.12535452260311028,45.32122905027933,Moderate Stability
29031,"Cape Girardeau County, Missouri",-0.13582407995369253,43.994413407821234,Moderate Stability
36117,"Wayne County, New York",-0.33451873889580974,20.949720670391063,Very Stable (Top 25%)
40071,"Kay County, Oklahoma",-0.3851767918382905,15.886871508379889,Very Stable (Top 25%)
39015,"Brown County, Ohio",-0.28252489304635736,27.583798882681563,Moderate Stability
54095,"Tyler County, West Virginia",0.9125447001619449,96.4036312849162,Least Stable (Bottom 10%)
01109,"Pike County, Alabama",-0.35743866393205254,18.331005586592177,Very Stable (Top 25%)
05001,"Arkansas County, Arkansas",-0.27171467160634893,28.945530726256983,Moderate Stability
08015,"Chaffee County, Colorado",-0.08772287057225922,49.86033519553072,Moderate Stability
37051,"Cumberland County, North Carolina",-0.3200572069836936,22.905027932960895,Very Stable (Top 25%)
34031,"Passaic County, New Jersey",0.5701119907659703,90.08379888268156,Least Stable (Bottom 10%)
17189,"Washington County, Illinois",-0.4246639641933203,11.103351955307263,Very Stable (Top 25%)
18069,"Huntington County, Indiana",-0.4545336154370237,8.833798882681563,Most Stable (Top 10%)
26039,"Crawford County, Michigan",-0.169714226109188,39.66480446927375,Moderate Stability
27001,"Aitkin County, Minnesota",-0.2873937356834084,26.955307262569832,Moderate Stability
31151,"Saline County, Nebraska",1.3707965234438793,98.91759776536313,Least Stable (Bottom 10%)
20101,NA,NA,NA,Insufficient Data
46095,NA,NA,NA,Insufficient Data
47187,"Williamson County, Tennessee",0.5549085249385153,89.83938547486034,Less Stable (Bottom 25%)
51143,"Pittsylvania County, Virginia",-0.3314424740434451,21.333798882681563,Very Stable (Top 25%)
51187,"Warren County, Virginia",0.01963757639207792,61.312849162011176,Moderate Stability
13009,"Baldwin County, Georgia",0.39643941762356394,84.42737430167597,Less Stable (Bottom 25%)
29163,"Pike County, Missouri",-0.5502947462814981,3.456703910614525,Most Stable (Top 10%)
36057,"Montgomery County, New York",-0.17288638450917374,39.49022346368715,Moderate Stability
37101,"Johnston County, North Carolina",0.927381943389521,96.68296089385476,Least Stable (Bottom 10%)
20069,"Gray County, Kansas",0.09723838842165819,66.8645251396648,Moderate Stability
39091,"Logan County, Ohio",-0.15923096836910583,41.02653631284916,Moderate Stability
56021,"Laramie County, Wyoming",-0.1601651325336809,40.81703910614525,Moderate Stability
21091,"Hancock County, Kentucky",-0.2868361772821005,27.09497206703911,Moderate Stability
27157,"Wabasha County, Minnesota",-0.4350428557175068,10.335195530726256,Very Stable (Top 25%)
27163,"Washington County, Minnesota",0.030559526419355276,62.115921787709496,Moderate Stability
30011,NA,NA,NA,Insufficient Data
36011,"Cayuga County, New York",-0.5857996851587277,2.094972067039106,Most Stable (Top 10%)
45083,"Spartanburg County, South Carolina",0.14408237653586012,70.6703910614525,Moderate Stability
39087,"Lawrence County, Ohio",-0.5575781767476469,3.1773743016759775,Most Stable (Top 10%)
55037,NA,NA,NA,Insufficient Data
13091,"Dodge County, Georgia",0.1250977110244387,69.3086592178771,Moderate Stability
17167,"Sangamon County, Illinois",-0.6544680949318636,0.803072625698324,Most Stable (Top 10%)
19077,"Guthrie County, Iowa",-0.40288690372898167,13.477653631284916,Very Stable (Top 25%)
21217,"Taylor County, Kentucky",0.5858082539998697,90.5027932960894,Least Stable (Bottom 10%)
22039,"Evangeline Parish, Louisiana",-0.1120472785540039,46.64804469273743,Moderate Stability
31035,"Clay County, Nebraska",0.1325768051011423,69.72765363128491,Moderate Stability
35019,NA,NA,NA,Insufficient Data
51710,"Norfolk city, Virginia",0.1229824990429548,69.09916201117319,Moderate Stability
48459,"Upshur County, Texas",-0.4120060039091592,12.290502793296088,Very Stable (Top 25%)
48441,"Taylor County, Texas",0.14119915555659285,70.53072625698324,Moderate Stability
53001,"Adams County, Washington",0.24815101397416173,77.2695530726257,Less Stable (Bottom 25%)
53043,"Lincoln County, Washington",-0.445034592602655,9.636871508379889,Most Stable (Top 10%)
55013,"Burnett County, Wisconsin",0.16719791758775895,71.68296089385476,Moderate Stability
56015,"Goshen County, Wyoming",-0.12196668713392264,45.74022346368715,Moderate Stability
53015,"Cowlitz County, Washington",0.05649149378313978,64.4203910614525,Moderate Stability
17139,"Moultrie County, Illinois",-0.15947610354055214,40.95670391061452,Moderate Stability
35059,NA,NA,NA,Insufficient Data
37129,"New Hanover County, North Carolina",0.26296858612638635,78.17737430167597,Less Stable (Bottom 25%)
13011,"Banks County, Georgia",0.26051168342717973,77.96787709497207,Less Stable (Bottom 25%)
54059,"Mingo County, West Virginia",-0.07723386247535916,51.047486033519554,Moderate Stability
48355,"Nueces County, Texas",-0.06393829767906183,52.79329608938548,Moderate Stability
05081,"Little River County, Arkansas",0.10637605101002519,67.73743016759776,Moderate Stability
19173,"Taylor County, Iowa",0.01813844008582815,60.9986033519553,Moderate Stability
20187,NA,NA,NA,Insufficient Data
24013,"Carroll County, Maryland",-0.3894908118424135,15.293296089385475,Very Stable (Top 25%)
28109,"Pearl River County, Mississippi",-0.22968691959171708,33.41480446927375,Moderate Stability
29197,NA,NA,NA,Insufficient Data
30041,"Hill County, Montana",-0.5884007136472506,1.920391061452514,Most Stable (Top 10%)
12123,"Taylor County, Florida",-0.020278986072710153,57.367318435754186,Moderate Stability
37095,NA,NA,NA,Insufficient Data
01055,"Etowah County, Alabama",-0.374444219567316,16.899441340782122,Very Stable (Top 25%)
05141,"Van Buren County, Arkansas",0.3049161714592884,80.16759776536313,Less Stable (Bottom 25%)
08101,"Pueblo County, Colorado",-0.17578389577867035,39.141061452513966,Moderate Stability
18065,"Henry County, Indiana",-0.37743768708393594,16.689944134078214,Very Stable (Top 25%)
21169,"Metcalfe County, Kentucky",0.02513999704380571,61.80167597765364,Moderate Stability
24510,"Baltimore city, Maryland",0.0440314211740879,63.40782122905028,Moderate Stability
23019,"Penobscot County, Maine",-0.29613259518742163,25.90782122905028,Moderate Stability
28043,"Grenada County, Mississippi",0.14730338898403178,70.84497206703911,Moderate Stability
28107,"Panola County, Mississippi",-0.22486533087617164,33.97346368715084,Moderate Stability
37027,"Caldwell County, North Carolina",0.2170500785921852,75.10474860335195,Less Stable (Bottom 25%)
47023,"Chester County, Tennessee",0.17511379712487282,72.24162011173185,Moderate Stability
48091,"Comal County, Texas",1.0999781370542032,98.04469273743017,Least Stable (Bottom 10%)
51145,"Powhatan County, Virginia",0.3174596778596538,80.76117318435753,Less Stable (Bottom 25%)
40057,NA,NA,NA,Insufficient Data
42105,"Potter County, Pennsylvania",-0.36679002428753493,17.527932960893857,Very Stable (Top 25%)
05149,"Yell County, Arkansas",0.1103927131832752,68.12150837988827,Moderate Stability
05137,"Stone County, Arkansas",-0.3094727847866322,24.476256983240223,Very Stable (Top 25%)
34013,"Essex County, New Jersey",0.40798455365625663,84.88128491620111,Less Stable (Bottom 25%)
18031,"Decatur County, Indiana",-0.07959536460707793,50.87290502793296,Moderate Stability
20047,NA,NA,NA,Insufficient Data
27005,"Becker County, Minnesota",-0.468722247711982,8.100558659217876,Most Stable (Top 10%)
29219,"Warren County, Missouri",0.12114052547346255,68.88966480446928,Moderate Stability
29223,"Wayne County, Missouri",0.11333290736803966,68.33100558659217,Moderate Stability
18129,"Posey County, Indiana",-0.5753657449515646,2.6885474860335195,Most Stable (Top 10%)
19185,"Wayne County, Iowa",-0.3718811317384273,17.074022346368714,Very Stable (Top 25%)
24005,"Baltimore County, Maryland",-0.09115657264514863,49.40642458100559,Moderate Stability
27045,"Fillmore County, Minnesota",-0.37665209468745936,16.75977653631285,Very Stable (Top 25%)
30057,"Madison County, Montana",0.17181676614507455,71.92737430167597,Moderate Stability
47115,"Marion County, Tennessee",-0.3077466256125524,24.685754189944134,Very Stable (Top 25%)
56033,"Sheridan County, Wyoming",-0.7154819682024863,0.24441340782122906,Most Stable (Top 10%)
06103,"Tehama County, California",0.16577721750546864,71.50837988826815,Moderate Stability
12111,"St. Lucie County, Florida",0.9662666343132312,97.03212290502793,Least Stable (Bottom 10%)
13223,"Paulding County, Georgia",0.7396019242410001,94.23882681564247,Least Stable (Bottom 10%)
20169,"Saline County, Kansas",-0.2830642815548922,27.51396648044693,Moderate Stability
20203,NA,NA,NA,Insufficient Data
21187,"Owen County, Kentucky",0.143278455217406,70.6354748603352,Moderate Stability
30101,"Toole County, Montana",-0.15021487566780012,42.2486033519553,Moderate Stability
31089,"Holt County, Nebraska",0.04027267882919721,63.16340782122904,Moderate Stability
40153,"Woodward County, Oklahoma",-0.4082156151196513,12.67458100558659,Very Stable (Top 25%)
47037,"Davidson County, Tennessee",0.372473172966358,83.41480446927375,Less Stable (Bottom 25%)
48187,"Guadalupe County, Texas",0.6403473275893211,91.8645251396648,Least Stable (Bottom 10%)
51157,"Rappahannock County, Virginia",-0.15771196847071245,41.270949720670394,Moderate Stability
54083,"Randolph County, West Virginia",-0.5662054485577757,2.9329608938547485,Most Stable (Top 10%)
53073,"Whatcom County, Washington",0.0055653077555025,59.77653631284916,Moderate Stability
29085,"Hickory County, Missouri",0.0850411188045365,65.92178770949721,Moderate Stability
41031,"Jefferson County, Oregon",0.5150337224274065,88.68715083798882,Less Stable (Bottom 25%)
48179,"Gray County, Texas",-0.009199898370073515,58.240223463687144,Moderate Stability
49033,NA,NA,NA,Insufficient Data
49001,"Beaver County, Utah",0.44875546350497236,86.69692737430168,Less Stable (Bottom 25%)
51735,"Poquoson city, Virginia",-0.3490393551116449,19.064245810055866,Very Stable (Top 25%)
55073,"Marathon County, Wisconsin",-0.4043481166611471,13.37290502793296,Very Stable (Top 25%)
28099,"Neshoba County, Mississippi",-0.31899226477047865,23.114525139664803,Very Stable (Top 25%)
35006,"Cibola County, New Mexico",0.012098042080089279,60.509776536312856,Moderate Stability
08021,"Conejos County, Colorado",-0.0027112805367821994,58.86871508379888,Moderate Stability
20113,"McPherson County, Kansas",-0.31413197691343037,23.70810055865922,Very Stable (Top 25%)
27119,"Polk County, Minnesota",-0.38062982846169474,16.37569832402235,Very Stable (Top 25%)
38075,NA,NA,NA,Insufficient Data
46137,NA,NA,NA,Insufficient Data
47121,"Meigs County, Tennessee",0.7150855174793928,93.68016759776536,Least Stable (Bottom 10%)
51610,"Falls Church city, Virginia",0.1441604588684287,70.70530726256983,Moderate Stability
01023,"Choctaw County, Alabama",-0.1694969815572924,39.73463687150838,Moderate Stability
08095,NA,NA,NA,Insufficient Data
35023,NA,NA,NA,Insufficient Data
01111,"Randolph County, Alabama",0.3904954753012028,84.14804469273743,Less Stable (Bottom 25%)
12009,"Brevard County, Florida",0.32824361604992625,81.42458100558659,Less Stable (Bottom 25%)
13181,"Lincoln County, Georgia",0.3704691342640277,83.37988826815642,Less Stable (Bottom 25%)
20119,NA,NA,NA,Insufficient Data
21147,"McCreary County, Kentucky",0.21013000713086885,74.58100558659217,Moderate Stability
28059,"Jackson County, Mississippi",-0.3416528229393776,20.216480446927374,Very Stable (Top 25%)
40025,NA,NA,NA,Insufficient Data
38103,NA,NA,NA,Insufficient Data
21051,"Clay County, Kentucky",-0.016536232030308833,57.61173184357542,Moderate Stability
37007,"Anson County, North Carolina",0.2879047520917999,79.3296089385475,Less Stable (Bottom 25%)
19007,"Appanoose County, Iowa",-0.5173279788315359,4.818435754189944,Most Stable (Top 10%)
21205,"Rowan County, Kentucky",-0.4071085286072603,12.849162011173185,Very Stable (Top 25%)
22017,"Caddo Parish, Louisiana",-0.4587417259923769,8.589385474860336,Most Stable (Top 10%)
21065,"Estill County, Kentucky",0.16730547464676168,71.71787709497207,Moderate Stability
16045,"Gem County, Idaho",0.5849209585108652,90.43296089385476,Least Stable (Bottom 10%)
19187,"Webster County, Iowa",-0.07178653235816237,51.745810055865924,Moderate Stability
13259,NA,NA,NA,Insufficient Data
13245,"Richmond County, Georgia",-0.14363444804599873,43.12150837988827,Moderate Stability
21085,"Grayson County, Kentucky",-0.22430803645411368,34.04329608938548,Moderate Stability
31015,NA,NA,NA,Insufficient Data
04023,"Santa Cruz County, Arizona",-0.13251981048525915,44.37849162011173,Moderate Stability
10005,"Sussex County, Delaware",0.6500542054864145,92.10893854748603,Least Stable (Bottom 10%)
16041,"Franklin County, Idaho",-0.08554034502044838,50.13966480446928,Moderate Stability
20033,NA,NA,NA,Insufficient Data
23027,"Waldo County, Maine",-0.2530258899744338,30.83100558659218,Moderate Stability
26019,"Benzie County, Michigan",0.08914341705561799,66.30586592178771,Moderate Stability
36047,"Kings County, New York",0.4920464389668041,88.0586592178771,Less Stable (Bottom 25%)
41009,"Columbia County, Oregon",0.043044980179294826,63.33798882681564,Moderate Stability
01031,"Coffee County, Alabama",-0.26925866901641926,29.18994413407821,Moderate Stability
48141,"El Paso County, Texas",0.40587432579897825,84.77653631284916,Less Stable (Bottom 25%)
56045,"Weston County, Wyoming",-0.16806584600971755,39.80446927374302,Moderate Stability
01073,"Jefferson County, Alabama",-0.3884998002157802,15.467877094972069,Very Stable (Top 25%)
06085,"Santa Clara County, California",0.4167894396274173,85.37011173184358,Less Stable (Bottom 25%)
16013,"Blaine County, Idaho",0.5182322790162893,88.79189944134079,Less Stable (Bottom 25%)
37059,"Davie County, North Carolina",-0.13630860227841937,43.88966480446928,Moderate Stability
21201,NA,NA,NA,Insufficient Data
27143,"Sibley County, Minnesota",-0.25620357036123853,30.55167597765363,Moderate Stability
31041,"Custer County, Nebraska",-0.25891678196949813,30.16759776536313,Moderate Stability
28083,"Leflore County, Mississippi",0.49740059431206696,88.23324022346368,Less Stable (Bottom 25%)
35001,"Bernalillo County, New Mexico",-0.1729386529468657,39.45530726256983,Moderate Stability
39059,"Guernsey County, Ohio",-0.4892529633141989,6.70391061452514,Most Stable (Top 10%)
42121,"Venango County, Pennsylvania",-0.37128873509224475,17.143854748603353,Very Stable (Top 25%)
47179,"Washington County, Tennessee",-0.431259253187588,10.824022346368716,Very Stable (Top 25%)
55085,"Oneida County, Wisconsin",-0.2851253313731101,27.37430167597765,Moderate Stability
51045,NA,NA,NA,Insufficient Data
51033,"Caroline County, Virginia",0.10796030329344988,67.91201117318437,Moderate Stability
53067,"Thurston County, Washington",0.12164840596775287,68.99441340782123,Moderate Stability
42107,"Schuylkill County, Pennsylvania",-0.28158157464527434,27.618715083798882,Moderate Stability
19153,"Polk County, Iowa",0.005441448666614638,59.74162011173184,Moderate Stability
26085,"Lake County, Michigan",0.46395970341887327,87.22067039106145,Less Stable (Bottom 25%)
37017,"Bladen County, North Carolina",0.7786680578610027,94.62290502793296,Least Stable (Bottom 10%)
12023,"Columbia County, Florida",-0.052802050308606706,53.805865921787714,Moderate Stability
13103,"Effingham County, Georgia",0.30942096141143094,80.44692737430168,Less Stable (Bottom 25%)
21231,"Wayne County, Kentucky",0.13625787901787462,69.86731843575419,Moderate Stability
21069,"Fleming County, Kentucky",-0.43936424437505356,10.160614525139664,Very Stable (Top 25%)
47095,"Lake County, Tennessee",0.22727966373800315,75.9427374301676,Less Stable (Bottom 25%)
47153,"Sequatchie County, Tennessee",0.2270753211896215,75.90782122905027,Less Stable (Bottom 25%)
47053,"Gibson County, Tennessee",0.028083532487291417,61.97625698324022,Moderate Stability
19045,"Clinton County, Iowa",-0.7610185764902114,0.10474860335195531,Most Stable (Top 10%)
48119,"Delta County, Texas",0.36790578726955214,83.24022346368714,Less Stable (Bottom 25%)
48129,NA,NA,NA,Insufficient Data
48239,"Jackson County, Texas",0.13076301796231588,69.65782122905027,Moderate Stability
26109,"Menominee County, Michigan",-0.21936896648248497,34.497206703910614,Moderate Stability
38069,NA,NA,NA,Insufficient Data
30075,NA,NA,NA,Insufficient Data
13321,"Worth County, Georgia",-0.11504392555299879,46.4036312849162,Moderate Stability
42071,"Lancaster County, Pennsylvania",-0.1192239573247073,46.05446927374302,Moderate Stability
29069,"Dunklin County, Missouri",-0.03022912226480542,56.075418994413404,Moderate Stability
01051,"Elmore County, Alabama",-0.11237318246350617,46.61312849162011,Moderate Stability
13319,"Wilkinson County, Georgia",-0.334591704556679,20.914804469273744,Very Stable (Top 25%)
05123,"St. Francis County, Arkansas",0.1301030521654915,69.62290502793296,Moderate Stability
13025,"Brantley County, Georgia",-0.030062437724068844,56.11033519553072,Moderate Stability
19029,"Cass County, Iowa",-0.47696503907953475,7.716480446927375,Most Stable (Top 10%)
27047,"Freeborn County, Minnesota",-0.21130141664978713,35.614525139664806,Moderate Stability
27141,"Sherburne County, Minnesota",-0.14435195852792188,42.98184357541899,Moderate Stability
06059,"Orange County, California",0.09037087090086156,66.51536312849163,Moderate Stability
13251,"Screven County, Georgia",-0.0262493160397518,56.8086592178771,Moderate Stability
13083,"Dade County, Georgia",-0.20424975296789644,36.27793296089386,Moderate Stability
26121,"Muskegon County, Michigan",-0.07250246479194282,51.641061452513966,Moderate Stability
39079,"Jackson County, Ohio",-0.19966361835594043,36.80167597765363,Moderate Stability
48117,"Deaf Smith County, Texas",0.2823179365042926,79.01536312849163,Less Stable (Bottom 25%)
48433,NA,NA,NA,Insufficient Data
36065,"Oneida County, New York",-0.3171427737108211,23.18435754189944,Very Stable (Top 25%)
37043,"Clay County, North Carolina",0.6034384243133073,91.02653631284916,Least Stable (Bottom 10%)
36041,NA,NA,NA,Insufficient Data
36033,"Franklin County, New York",-0.26153321966275683,30.027932960893857,Moderate Stability
51031,"Campbell County, Virginia",-0.27117877693820236,28.980446927374302,Moderate Stability
40095,"Marshall County, Oklahoma",0.009144498255282544,60.090782122905026,Moderate Stability
40079,"Le Flore County, Oklahoma",-0.23705486692882666,32.7513966480447,Moderate Stability
45007,"Anderson County, South Carolina",0.1389379692844335,70.25139664804469,Moderate Stability
46057,"Hamlin County, South Dakota",-0.02132368755123948,57.297486033519554,Moderate Stability
45037,"Edgefield County, South Carolina",-0.18277939558180073,38.407821229050285,Moderate Stability
56023,"Lincoln County, Wyoming",-0.15696147001551483,41.410614525139664,Moderate Stability
41003,"Benton County, Oregon",-0.09370038289893225,49.162011173184354,Moderate Stability
21151,"Madison County, Kentucky",0.035221928688451934,62.709497206703915,Moderate Stability
42131,"Wyoming County, Pennsylvania",-0.4100136871626191,12.569832402234638,Very Stable (Top 25%)
17191,"Wayne County, Illinois",-0.6194912474709029,1.1871508379888267,Most Stable (Top 10%)
51191,"Washington County, Virginia",-0.4310990742461262,10.893854748603351,Very Stable (Top 25%)
38043,NA,NA,NA,Insufficient Data
54011,"Cabell County, West Virginia",-0.5463485108500217,3.7360335195530725,Most Stable (Top 10%)
54073,"Pleasants County, West Virginia",-0.4402932851708658,10.090782122905027,Very Stable (Top 25%)
49029,"Morgan County, Utah",0.16763761595274676,71.7527932960894,Moderate Stability
27057,"Hubbard County, Minnesota",-0.443420326033106,9.811452513966481,Most Stable (Top 10%)
17007,"Boone County, Illinois",0.050289017087923375,64.00139664804469,Moderate Stability
18057,"Hamilton County, Indiana",0.31343999333286793,80.62150837988827,Less Stable (Bottom 25%)
48403,"Sabine County, Texas",0.5105121908364247,88.47765363128491,Less Stable (Bottom 25%)
05117,"Prairie County, Arkansas",0.2548530196655906,77.58379888268156,Less Stable (Bottom 25%)
08041,"El Paso County, Colorado",0.24615197460753876,77.16480446927375,Less Stable (Bottom 25%)
17091,"Kankakee County, Illinois",-0.37832895531453736,16.550279329608937,Very Stable (Top 25%)
21045,"Casey County, Kentucky",-0.3848113258297288,15.956703910614525,Very Stable (Top 25%)
32029,NA,NA,NA,Insufficient Data
39143,"Sandusky County, Ohio",-0.44834817953229905,9.217877094972067,Most Stable (Top 10%)
47117,"Marshall County, Tennessee",0.17146765946597747,71.85754189944134,Moderate Stability
48213,"Henderson County, Texas",0.04454166529149682,63.4427374301676,Moderate Stability
34037,"Sussex County, New Jersey",-0.3275785427950397,21.752793296089383,Very Stable (Top 25%)
05041,"Desha County, Arkansas",0.2202006778521276,75.34916201117319,Less Stable (Bottom 25%)
12073,"Leon County, Florida",-0.1831634684277447,38.372905027932966,Moderate Stability
12113,"Santa Rosa County, Florida",0.36432215466182905,82.9608938547486,Less Stable (Bottom 25%)
53061,"Snohomish County, Washington",0.4554986099497213,87.08100558659217,Less Stable (Bottom 25%)
39145,"Scioto County, Ohio",-0.6380979733851471,0.9078212290502794,Most Stable (Top 10%)
18015,"Carroll County, Indiana",-0.486126546980697,6.983240223463687,Most Stable (Top 10%)
29151,"Osage County, Missouri",-0.39742143206403335,14.315642458100559,Very Stable (Top 25%)
29011,"Barton County, Missouri",-0.4121053384004911,12.255586592178771,Very Stable (Top 25%)
35029,"Luna County, New Mexico",0.4895666712477197,87.91899441340783,Less Stable (Bottom 25%)
35041,"Roosevelt County, New Mexico",0.030962911881408983,62.290502793296085,Moderate Stability
12061,"Indian River County, Florida",0.7256527755874422,93.88966480446928,Least Stable (Bottom 10%)
48503,"Young County, Texas",0.19242855105574141,73.46368715083798,Moderate Stability
39081,"Jefferson County, Ohio",-0.6006987113417742,1.675977653631285,Most Stable (Top 10%)
31155,"Saunders County, Nebraska",-0.297462547371536,25.69832402234637,Moderate Stability
06057,"Nevada County, California",-0.15508642220064403,41.75977653631285,Moderate Stability
29015,"Benton County, Missouri",-0.23302423109418544,33.20530726256983,Moderate Stability
08031,"Denver County, Colorado",0.8058756573424797,95.0768156424581,Least Stable (Bottom 10%)
29133,"Mississippi County, Missouri",0.23321811081892957,76.39664804469274,Less Stable (Bottom 25%)
31031,"Cherry County, Nebraska",0.10000283512674776,67.31843575418995,Moderate Stability
26009,"Antrim County, Michigan",0.09706820727224229,66.8296089385475,Moderate Stability
28095,"Monroe County, Mississippi",-0.11465007517870128,46.43854748603352,Moderate Stability
29221,"Washington County, Missouri",0.11089044639404426,68.22625698324022,Moderate Stability
18079,"Jennings County, Indiana",0.019469197384427008,61.20810055865922,Moderate Stability
12089,"Nassau County, Florida",0.8485987553756259,95.6703910614525,Least Stable (Bottom 10%)
55049,"Iowa County, Wisconsin",-0.2814996273945243,27.6536312849162,Moderate Stability
51101,"King William County, Virginia",0.42775195757110135,85.92877094972067,Less Stable (Bottom 25%)
12099,"Palm Beach County, Florida",0.6002416414085545,90.85195530726257,Least Stable (Bottom 10%)
31109,"Lancaster County, Nebraska",0.0306572067185311,62.150837988826815,Moderate Stability
28155,"Webster County, Mississippi",0.05710367765226602,64.45530726256983,Moderate Stability
51540,"Charlottesville city, Virginia",0.22632605847815424,75.80307262569832,Less Stable (Bottom 25%)
13127,"Glynn County, Georgia",0.17808628342186267,72.52094972067039,Moderate Stability
01121,"Talladega County, Alabama",-0.2168763088526876,34.8463687150838,Moderate Stability
21155,"Marion County, Kentucky",-0.3131457383647343,23.88268156424581,Very Stable (Top 25%)
51075,"Goochland County, Virginia",0.3741071497257667,83.5195530726257,Less Stable (Bottom 25%)
53011,"Clark County, Washington",0.4215167841281582,85.6145251396648,Less Stable (Bottom 25%)
56013,"Fremont County, Wyoming",-0.6758685310132324,0.6634078212290503,Most Stable (Top 10%)
18173,"Warrick County, Indiana",-0.0480085378810173,54.364525139664806,Moderate Stability
20153,NA,NA,NA,Insufficient Data
19129,"Mills County, Iowa",-0.44547660432883834,9.601955307262571,Most Stable (Top 10%)
13161,"Jeff Davis County, Georgia",0.29389486726426994,79.81843575418995,Less Stable (Bottom 25%)
48197,NA,NA,NA,Insufficient Data
42133,"York County, Pennsylvania",-0.29845854430358426,25.62849162011173,Moderate Stability
48479,"Webb County, Texas",0.6717011788578282,92.8072625698324,Least Stable (Bottom 10%)
26159,"Van Buren County, Michigan",-0.18629960133673681,38.19832402234637,Moderate Stability
51095,"James City County, Virginia",-0.15752091236497684,41.305865921787714,Moderate Stability
37105,"Lee County, North Carolina",-0.04736847554039958,54.504189944134076,Moderate Stability
41059,"Umatilla County, Oregon",0.35668327573387104,82.64664804469274,Less Stable (Bottom 25%)
29093,"Iron County, Missouri",0.6348749888015265,91.75977653631286,Least Stable (Bottom 10%)
28057,"Itawamba County, Mississippi",-0.1667167227435136,40.18854748603352,Moderate Stability
18007,"Benton County, Indiana",-0.24530778266153078,31.98324022346369,Moderate Stability
21057,"Cumberland County, Kentucky",0.4912341212073687,87.98882681564247,Less Stable (Bottom 25%)
27031,"Cook County, Minnesota",-0.3003803003346968,25.41899441340782,Moderate Stability
35007,"Colfax County, New Mexico",-0.14974678105482064,42.31843575418994,Moderate Stability
37055,"Dare County, North Carolina",0.42252587218043136,85.71927374301676,Less Stable (Bottom 25%)
01043,"Cullman County, Alabama",-0.07151203593423103,51.78072625698324,Moderate Stability
13273,"Terrell County, Georgia",-0.06440677028420258,52.68854748603352,Moderate Stability
56041,"Uinta County, Wyoming",-0.05638592800731961,53.45670391061452,Moderate Stability
18143,"Scott County, Indiana",-0.12956905287224607,44.6927374301676,Moderate Stability
31073,NA,NA,NA,Insufficient Data
17009,"Brown County, Illinois",-0.09309541244767207,49.30167597765363,Moderate Stability
36015,"Chemung County, New York",-0.6524387917981774,0.8379888268156425,Most Stable (Top 10%)
01035,NA,NA,NA,Insufficient Data
20195,NA,NA,NA,Insufficient Data
48337,"Montague County, Texas",-0.2525930918054422,30.935754189944138,Moderate Stability
05119,"Pulaski County, Arkansas",-0.35647633770352777,18.400837988826815,Very Stable (Top 25%)
28143,"Tunica County, Mississippi",-0.23472292322277788,33.065642458100555,Moderate Stability
50015,"Lamoille County, Vermont",-0.27836244896992635,27.932960893854748,Moderate Stability
19127,"Marshall County, Iowa",-0.23657443572163409,32.786312849162016,Moderate Stability
38089,"Stark County, North Dakota",0.4977591830125631,88.26815642458101,Less Stable (Bottom 25%)
05113,"Polk County, Arkansas",-0.15892473023045167,41.06145251396648,Moderate Stability
18053,"Grant County, Indiana",-0.5929835781440462,1.8156424581005588,Most Stable (Top 10%)
08077,"Mesa County, Colorado",0.05206459827589745,64.07122905027933,Moderate Stability
01015,"Calhoun County, Alabama",-0.3554723164946413,18.575418994413408,Very Stable (Top 25%)
12125,"Union County, Florida",0.01033911932793914,60.37011173184358,Moderate Stability
21011,"Bath County, Kentucky",0.010716519978687679,60.4050279329609,Moderate Stability
27121,"Pope County, Minnesota",-0.5794893857904317,2.409217877094972,Most Stable (Top 10%)
18181,"White County, Indiana",-0.3631901500424965,17.737430167597765,Very Stable (Top 25%)
31019,"Buffalo County, Nebraska",-0.4161651438028508,11.871508379888269,Very Stable (Top 25%)
46067,"Hutchinson County, South Dakota",-0.049067258664386354,54.294692737430175,Moderate Stability
48125,NA,NA,NA,Insufficient Data
55135,"Waupaca County, Wisconsin",-0.5457522269673301,3.7709497206703912,Most Stable (Top 10%)
19135,"Monroe County, Iowa",0.19428823360044717,73.56843575418995,Moderate Stability
21021,"Boyle County, Kentucky",-0.20576513090875584,36.10335195530726,Moderate Stability
26087,"Lapeer County, Michigan",-0.2804774724215262,27.72346368715084,Moderate Stability
31171,NA,NA,NA,Insufficient Data
48067,"Cass County, Texas",0.11046606261017293,68.15642458100558,Moderate Stability
51195,"Wise County, Virginia",-0.32499315567109743,22.067039106145252,Very Stable (Top 25%)
51023,"Botetourt County, Virginia",-0.6069392935748399,1.5013966480446927,Most Stable (Top 10%)
49027,"Millard County, Utah",-0.39357910647523836,14.874301675977652,Very Stable (Top 25%)
19083,"Hardin County, Iowa",-0.5060450238305797,5.551675977653631,Most Stable (Top 10%)
39121,"Noble County, Ohio",-0.07226576629956835,51.710893854748605,Moderate Stability
17149,"Pike County, Illinois",-0.421315711433988,11.417597765363128,Very Stable (Top 25%)
39135,"Preble County, Ohio",-0.22274671929117718,34.21787709497207,Moderate Stability
48443,NA,NA,NA,Insufficient Data
17195,"Whiteside County, Illinois",-0.5360664641272643,4.120111731843576,Most Stable (Top 10%)
17015,"Carroll County, Illinois",-0.15314478680857913,42.004189944134076,Moderate Stability
19057,"Des Moines County, Iowa",-0.32953756244124843,21.578212290502794,Very Stable (Top 25%)
20117,"Marshall County, Kansas",-0.12849522186398216,44.867318435754186,Moderate Stability
48215,"Hidalgo County, Texas",0.7679724378292103,94.51815642458101,Least Stable (Bottom 10%)
40031,"Comanche County, Oklahoma",-0.3237438665251113,22.3463687150838,Very Stable (Top 25%)
34003,"Bergen County, New Jersey",-0.07783509491831034,50.977653631284916,Moderate Stability
40143,"Tulsa County, Oklahoma",-0.18077458826708417,38.687150837988824,Moderate Stability
39013,"Belmont County, Ohio",-0.60791180195822625,1.4664804469273742,Most Stable (Top 10%)
23021,"Piscataquis County, Maine",-0.07245322928502779,51.675977653631286,Moderate Stability
54069,"Ohio County, West Virginia",-0.6141941684541785,1.3268156424581006,Most Stable (Top 10%)
17003,"Alexander County, Illinois",1.8145805493262681,99.65083798882681,Least Stable (Bottom 10%)
51017,NA,NA,NA,Insufficient Data
12017,"Citrus County, Florida",0.031473441684265246,62.39525139664804,Moderate Stability
18083,"Knox County, Indiana",-0.32584377561030115,21.92737430167598,Very Stable (Top 25%)
20021,"Cherokee County, Kansas",-0.013514922378860513,57.856145251396654,Moderate Stability
28045,"Hancock County, Mississippi",0.24952122179654865,77.33938547486034,Less Stable (Bottom 25%)
01019,"Cherokee County, Alabama",-0.0858924916978273,50.06983240223464,Moderate Stability
18051,"Gibson County, Indiana",-0.5209651607412712,4.643854748603352,Most Stable (Top 10%)
18167,"Vigo County, Indiana",-0.6837275487980192,0.4539106145251397,Most Stable (Top 10%)
39025,"Clermont County, Ohio",-0.42359011843202493,11.208100558659218,Very Stable (Top 25%)
13195,"Madison County, Georgia",-0.359262614230892,18.226256983240223,Very Stable (Top 25%)
51197,"Wythe County, Virginia",-0.145791519208867,42.737430167597765,Moderate Stability
29161,"Phelps County, Missouri",-0.49737175032898506,6.215083798882681,Most Stable (Top 10%)
51620,"Franklin city, Virginia",0.9620183615143888,96.9972067039106,Least Stable (Bottom 10%)
20013,"Brown County, Kansas",-0.10738551998171732,47.486033519553075,Moderate Stability
01127,"Walker County, Alabama",-0.08269332641733358,50.5586592178771,Moderate Stability
28159,"Winston County, Mississippi",-0.04446993855071811,54.85335195530726,Moderate Stability
30091,NA,NA,NA,Insufficient Data
08069,"Larimer County, Colorado",0.1232537193204169,69.16899441340783,Moderate Stability
54039,"Kanawha County, West Virginia",-0.49081316549180054,6.634078212290503,Most Stable (Top 10%)
05093,"Mississippi County, Arkansas",0.046166848712289155,63.617318435754186,Moderate Stability
17133,"Monroe County, Illinois",-0.14901818227552407,42.35335195530726,Moderate Stability
25015,"Hampshire County, Massachusetts",0.001298440644251476,59.217877094972074,Moderate Stability
36035,"Fulton County, New York",-0.25212647593341886,31.145251396648042,Moderate Stability
54015,"Clay County, West Virginia",-0.24551938128592682,31.94832402234637,Moderate Stability
51630,"Fredericksburg city, Virginia",0.5276143994039083,89.00139664804469,Less Stable (Bottom 25%)
40039,"Custer County, Oklahoma",-0.004006646730457872,58.624301675977655,Moderate Stability
48313,"Madison County, Texas",0.7162150362545469,93.75,Least Stable (Bottom 10%)
31125,NA,NA,NA,Insufficient Data
28077,"Lawrence County, Mississippi",-0.3886448698873442,15.43296089385475,Very Stable (Top 25%)
13069,"Coffee County, Georgia",-0.10675287263936563,47.625698324022345,Moderate Stability
20015,"Butler County, Kansas",-0.23993229838157212,32.47206703910614,Moderate Stability
17029,"Coles County, Illinois",0.04947390408759192,63.93156424581006,Moderate Stability
26059,"Hillsdale County, Michigan",-0.24572237035186667,31.91340782122905,Moderate Stability
37099,"Jackson County, North Carolina",-0.16023005142661437,40.78212290502793,Moderate Stability
47103,"Lincoln County, Tennessee",-0.01564361972271027,57.64664804469274,Moderate Stability
42125,"Washington County, Pennsylvania",-0.5757377068047297,2.653631284916201,Most Stable (Top 10%)
01085,"Lowndes County, Alabama",-0.06559140363695508,52.409217877094974,Moderate Stability
37067,"Forsyth County, North Carolina",-0.2171136551441291,34.77653631284916,Moderate Stability
17175,"Stark County, Illinois",-0.09596108821074242,48.812849162011176,Moderate Stability
20205,"Wilson County, Kansas",-0.10573671487807348,47.76536312849162,Moderate Stability
21229,"Washington County, Kentucky",0.26796976061519495,78.49162011173185,Less Stable (Bottom 25%)
30105,"Valley County, Montana",-0.2537375418306748,30.691340782122907,Moderate Stability
39051,"Fulton County, Ohio",-0.3849267963162918,15.921787709497206,Very Stable (Top 25%)
13065,"Clinch County, Georgia",0.5462138516086502,89.73463687150837,Less Stable (Bottom 25%)
55127,"Walworth County, Wisconsin",-0.09533741559501863,48.952513966480446,Moderate Stability
32019,"Lyon County, Nevada",0.4551476133449987,87.04608938547486,Less Stable (Bottom 25%)
28015,"Carroll County, Mississippi",0.1383171800093702,70.18156424581005,Moderate Stability
12063,"Jackson County, Florida",-0.275155441768192,28.42178770949721,Moderate Stability
13067,"Cobb County, Georgia",0.18196599084047327,72.76536312849163,Moderate Stability
06003,NA,NA,NA,Insufficient Data
19041,"Clay County, Iowa",-0.4706115982737452,7.995810055865922,Most Stable (Top 10%)
22089,"St. Charles Parish, Louisiana",-0.057576251379402796,53.282122905027926,Moderate Stability
46117,NA,NA,NA,Insufficient Data
55101,"Racine County, Wisconsin",-0.32352205241570425,22.451117318435752,Very Stable (Top 25%)
31175,NA,NA,NA,Insufficient Data
26101,"Manistee County, Michigan",0.22861518164540012,76.01256983240224,Less Stable (Bottom 25%)
39077,"Huron County, Ohio",-0.3682066633664104,17.35335195530726,Very Stable (Top 25%)
48051,"Burleson County, Texas",0.2506805394683589,77.37430167597765,Less Stable (Bottom 25%)
18147,"Spencer County, Indiana",-0.29099988703340796,26.641061452513963,Moderate Stability
28103,"Noxubee County, Mississippi",0.8286472123843329,95.42597765363129,Least Stable (Bottom 10%)
36021,"Columbia County, New York",-0.06874387541383163,52.02513966480446,Moderate Stability
38035,"Grand Forks County, North Dakota",0.03730508361678543,62.91899441340782,Moderate Stability
13017,"Ben Hill County, Georgia",0.24139247530144578,76.81564245810057,Less Stable (Bottom 25%)
29095,"Jackson County, Missouri",-0.14423636854123756,43.05167597765363,Moderate Stability
35021,NA,NA,NA,Insufficient Data
37187,"Washington County, North Carolina",0.25275520065248724,77.47905027932961,Less Stable (Bottom 25%)
47145,"Roane County, Tennessee",0.05343816483409933,64.2108938547486,Moderate Stability
55041,"Forest County, Wisconsin",0.08885660931210164,66.23603351955308,Moderate Stability
51147,"Prince Edward County, Virginia",0.35221159621346704,82.47206703910615,Less Stable (Bottom 25%)
40115,"Ottawa County, Oklahoma",-0.26596176240763475,29.46927374301676,Moderate Stability
26015,"Barry County, Michigan",-0.15243375209225438,42.074022346368714,Moderate Stability
26113,"Missaukee County, Michigan",-0.36249393249210615,17.877094972067038,Very Stable (Top 25%)
25007,"Dukes County, Massachusetts",0.8546707222847642,95.81005586592178,Least Stable (Bottom 10%)
20209,"Wyandotte County, Kansas",0.8037623313672844,94.97206703910615,Least Stable (Bottom 10%)
38071,"Ramsey County, North Dakota",-0.2775829183760281,28.002793296089383,Moderate Stability
47035,"Cumberland County, Tennessee",-0.08709987067372887,49.93016759776536,Moderate Stability
51043,"Clarke County, Virginia",0.014517300990735095,60.64944134078212,Moderate Stability
49055,NA,NA,NA,Insufficient Data
30097,NA,NA,NA,Insufficient Data
30043,"Jefferson County, Montana",-0.48262273499487107,7.227653631284917,Most Stable (Top 10%)
39175,"Wyandot County, Ohio",-0.06608047637760425,52.30446927374302,Moderate Stability
51077,"Grayson County, Virginia",0.28266565037033203,79.05027932960894,Less Stable (Bottom 25%)
13215,"Muscogee County, Georgia",-0.23393890654697194,33.135474860335194,Moderate Stability
42083,"McKean County, Pennsylvania",-0.17513365204968737,39.245810055865924,Moderate Stability
21223,"Trimble County, Kentucky",-0.1407915253804955,43.505586592178766,Moderate Stability
45075,"Orangeburg County, South Carolina",-0.41045558160181006,12.5,Very Stable (Top 25%)
21137,"Lincoln County, Kentucky",-0.019077407017287055,57.47206703910614,Moderate Stability
50023,"Washington County, Vermont",-0.4805607086591585,7.297486033519553,Most Stable (Top 10%)
08091,NA,NA,NA,Insufficient Data
27095,"Mille Lacs County, Minnesota",-0.4518307621828696,8.973463687150838,Most Stable (Top 10%)
48049,"Brown County, Texas",0.007325730545276598,59.986033519553075,Moderate Stability
20109,NA,NA,NA,Insufficient Data
20061,"Geary County, Kansas",-0.09525504110521926,48.987430167597765,Moderate Stability
38099,"Walsh County, North Dakota",-0.29531511017125267,26.11731843575419,Moderate Stability
13183,"Long County, Georgia",0.4377633653744452,86.27793296089385,Less Stable (Bottom 25%)
46091,NA,NA,NA,Insufficient Data
47155,"Sevier County, Tennessee",0.1164213080865148,68.43575418994413,Moderate Stability
54075,"Pocahontas County, West Virginia",-0.10865868820385315,47.20670391061452,Moderate Stability
39083,"Knox County, Ohio",-0.36618778916402034,17.59776536312849,Very Stable (Top 25%)
51183,"Sussex County, Virginia",0.6641190034765004,92.59776536312849,Least Stable (Bottom 10%)
51097,"King and Queen County, Virginia",0.4212391490695341,85.5796089385475,Less Stable (Bottom 25%)
29057,"Dade County, Missouri",-0.37056087340751015,17.213687150837988,Very Stable (Top 25%)
50027,"Windsor County, Vermont",-0.16263968734277695,40.46787709497207,Moderate Stability
25005,"Bristol County, Massachusetts",-0.05582979946797194,53.52653631284916,Moderate Stability
29105,"Laclede County, Missouri",-0.5593234131515139,3.1424581005586596,Most Stable (Top 10%)
22117,"Washington Parish, Louisiana",-0.21705006894393042,34.81145251396648,Moderate Stability
31087,NA,NA,NA,Insufficient Data
39085,"Lake County, Ohio",-0.43247311204389854,10.684357541899441,Very Stable (Top 25%)
48347,"Nacogdoches County, Texas",-0.15608065940118981,41.58519553072625,Moderate Stability
45065,"McCormick County, South Carolina",0.8526446663182907,95.70530726256983,Least Stable (Bottom 10%)
46121,"Todd County, South Dakota",0.22996306199559863,76.15223463687151,Less Stable (Bottom 25%)
17019,"Champaign County, Illinois",-0.26331023237667117,29.783519553072622,Moderate Stability
30061,NA,NA,NA,Insufficient Data
46031,NA,NA,NA,Insufficient Data
21143,"Lyon County, Kentucky",-0.17887302449058884,38.89664804469274,Moderate Stability
21093,"Hardin County, Kentucky",-0.4323439152820407,10.754189944134078,Very Stable (Top 25%)
31173,"Thurston County, Nebraska",0.48809269227286123,87.8840782122905,Less Stable (Bottom 25%)
13305,"Wayne County, Georgia",-0.15111003036509274,42.17877094972067,Moderate Stability
48115,"Dawson County, Texas",0.4480899995800314,86.66201117318437,Less Stable (Bottom 25%)
22031,"De Soto Parish, Louisiana",-0.3308242260166265,21.4036312849162,Very Stable (Top 25%)
24017,"Charles County, Maryland",0.47736002641729175,87.67458100558659,Less Stable (Bottom 25%)
17131,"Mercer County, Illinois",-0.538962700007396,4.015363128491621,Most Stable (Top 10%)
19011,"Benton County, Iowa",-0.5837927195330501,2.1997206703910615,Most Stable (Top 10%)
46041,"Dewey County, South Dakota",0.037020914550337944,62.884078212290504,Moderate Stability
47031,"Coffee County, Tennessee",0.15491221669420582,71.12430167597765,Moderate Stability
47189,"Wilson County, Tennessee",0.5912770696038442,90.60754189944134,Least Stable (Bottom 10%)
32011,NA,NA,NA,Insufficient Data
37199,"Yancey County, North Carolina",-0.17260721996677517,39.52513966480447,Moderate Stability
42097,"Northumberland County, Pennsylvania",-0.30027690025721815,25.45391061452514,Moderate Stability
09150,NA,NA,NA,Insufficient Data
42109,"Snyder County, Pennsylvania",-0.5831602674418876,2.2346368715083798,Most Stable (Top 10%)
29149,"Oregon County, Missouri",0.32284992004076396,80.90083798882681,Less Stable (Bottom 25%)
21189,NA,NA,NA,Insufficient Data
17051,"Fayette County, Illinois",-0.1773664210840082,39.036312849162016,Moderate Stability
19183,"Washington County, Iowa",-0.4022845097067658,13.61731843575419,Very Stable (Top 25%)
51730,"Petersburg city, Virginia",0.2626576065506956,78.10754189944134,Less Stable (Bottom 25%)
48391,"Refugio County, Texas",0.016184711318618757,60.858938547486034,Moderate Stability
18097,"Marion County, Indiana",0.22115805460595764,75.41899441340783,Less Stable (Bottom 25%)
39071,"Highland County, Ohio",-0.011744934074392794,58.03072625698324,Moderate Stability
21031,"Butler County, Kentucky",-0.1484992757246516,42.45810055865922,Moderate Stability
20107,"Linn County, Kansas",-0.29900021009972516,25.558659217877093,Moderate Stability
55059,"Kenosha County, Wisconsin",0.02187595477708993,61.417597765363126,Moderate Stability
24011,"Caroline County, Maryland",-0.29477601271250936,26.29189944134078,Moderate Stability
17049,"Effingham County, Illinois",-0.33956171962972426,20.425977653631286,Very Stable (Top 25%)
26155,"Shiawassee County, Michigan",-0.24025406129947616,32.402234636871505,Moderate Stability
13263,"Talbot County, Georgia",0.37403610975869633,83.48463687150837,Less Stable (Bottom 25%)
47001,"Anderson County, Tennessee",-0.4890051480368448,6.773743016759777,Most Stable (Top 10%)
01087,"Macon County, Alabama",-0.18495683983908418,38.26815642458101,Moderate Stability
08085,"Montrose County, Colorado",0.2912889421050725,79.74860335195531,Less Stable (Bottom 25%)
48003,"Andrews County, Texas",1.4440585663178884,99.16201117318437,Least Stable (Bottom 10%)
40133,"Seminole County, Oklahoma",-0.33435674694262957,20.984636871508382,Very Stable (Top 25%)
35053,"Socorro County, New Mexico",0.4698656563395452,87.5,Less Stable (Bottom 25%)
20059,"Franklin County, Kansas",-0.2758264114964336,28.317039106145252,Moderate Stability
21161,"Mason County, Kentucky",-0.4181401838055716,11.662011173184357,Very Stable (Top 25%)
27043,"Faribault County, Minnesota",-0.2356020268669228,32.925977653631286,Moderate Stability
21193,"Perry County, Kentucky",-0.34012596136641415,20.391061452513966,Very Stable (Top 25%)
37153,"Richmond County, North Carolina",-0.3075053659370759,24.720670391061454,Very Stable (Top 25%)
33017,"Strafford County, New Hampshire",-0.15775507565524757,41.201117318435756,Moderate Stability
42057,"Fulton County, Pennsylvania",-0.4604209630238991,8.48463687150838,Most Stable (Top 10%)
26045,"Eaton County, Michigan",-0.15494683163284695,41.79469273743017,Moderate Stability
17067,"Hancock County, Illinois",-0.40170127316285986,13.722067039106145,Very Stable (Top 25%)
46011,"Brookings County, South Dakota",-0.23998280751639894,32.437150837988824,Moderate Stability
47163,"Sullivan County, Tennessee",-0.3479398170227167,19.238826815642458,Very Stable (Top 25%)
45051,"Horry County, South Carolina",0.5207855021477987,88.86173184357543,Less Stable (Bottom 25%)
26021,"Berrien County, Michigan",-0.28125641957061515,27.68854748603352,Moderate Stability
13233,"Polk County, Georgia",-0.08624830248718053,50,Moderate Stability
18149,"Starke County, Indiana",0.06533376207243241,64.80446927374301,Moderate Stability
38059,"Morton County, North Dakota",0.23935838275004923,76.67597765363129,Less Stable (Bottom 25%)
21037,"Campbell County, Kentucky",-0.08921000581447003,49.615921787709496,Moderate Stability
21049,"Clark County, Kentucky",-0.320487899774206,22.765363128491618,Very Stable (Top 25%)
19145,"Page County, Iowa",-0.5766779480054517,2.548882681564246,Most Stable (Top 10%)
51131,"Northampton County, Virginia",0.6777414407092593,93.01675977653632,Least Stable (Bottom 10%)
22083,"Richland Parish, Louisiana",-0.5251445748439156,4.364525139664805,Most Stable (Top 10%)
48159,"Franklin County, Texas",0.3078744224329473,80.3072625698324,Less Stable (Bottom 25%)
36113,"Warren County, New York",-0.3797786369053808,16.445530726256983,Very Stable (Top 25%)
06101,"Sutter County, California",0.1342992548193361,69.79748603351955,Moderate Stability
13061,NA,NA,NA,Insufficient Data
39149,"Shelby County, Ohio",-0.49214072888946087,6.564245810055866,Most Stable (Top 10%)
48191,NA,NA,NA,Insufficient Data
29029,"Camden County, Missouri",-0.26205127860518707,29.993016759776538,Moderate Stability
39039,"Defiance County, Ohio",-0.305799735246003,24.93016759776536,Very Stable (Top 25%)
48027,"Bell County, Texas",0.23137904030440942,76.22206703910615,Less Stable (Bottom 25%)
32021,NA,NA,NA,Insufficient Data
05127,"Scott County, Arkansas",-0.03726198581689034,55.481843575419,Moderate Stability
06087,"Santa Cruz County, California",0.12215578834370647,69.06424581005587,Moderate Stability
39101,"Marion County, Ohio",-0.5171550699753594,4.888268156424581,Most Stable (Top 10%)
17099,"LaSalle County, Illinois",-0.4107268651759187,12.46508379888268,Very Stable (Top 25%)
12071,"Lee County, Florida",0.9142119970300718,96.50837988826815,Least Stable (Bottom 10%)
48321,"Matagorda County, Texas",0.11658906258344749,68.50558659217877,Moderate Stability
05013,NA,NA,NA,Insufficient Data
38105,NA,NA,NA,Insufficient Data
38051,NA,NA,NA,Insufficient Data
05039,"Dallas County, Arkansas",0.4020343013346891,84.67178770949721,Less Stable (Bottom 25%)
01069,"Houston County, Alabama",-0.3819655411075677,16.166201117318437,Very Stable (Top 25%)
48505,"Zapata County, Texas",0.3660374159834961,83.1354748603352,Less Stable (Bottom 25%)
41067,"Washington County, Oregon",0.2392103933762767,76.64106145251397,Less Stable (Bottom 25%)
51141,"Patrick County, Virginia",0.28911213086950255,79.50418994413407,Less Stable (Bottom 25%)
40121,"Pittsburg County, Oklahoma",-0.5252616584959506,4.294692737430168,Most Stable (Top 10%)
26017,"Bay County, Michigan",-0.4959738764171179,6.284916201117319,Most Stable (Top 10%)
29049,"Clinton County, Missouri",-0.5023900760747846,5.6913407821229045,Most Stable (Top 10%)
08011,"Bent County, Colorado",0.6945831718873935,93.33100558659217,Least Stable (Bottom 10%)
55019,"Clark County, Wisconsin",-0.45377439803386166,8.868715083798882,Most Stable (Top 10%)
18155,"Switzerland County, Indiana",0.39481803969406926,84.2877094972067,Less Stable (Bottom 25%)
51570,"Colonial Heights city, Virginia",0.19170559309312477,73.42877094972067,Moderate Stability
13315,"Wilcox County, Georgia",0.17640853266353912,72.31145251396647,Moderate Stability
17119,"Madison County, Illinois",-0.4637126660277572,8.310055865921788,Most Stable (Top 10%)
21173,"Montgomery County, Kentucky",-0.1351535179250017,44.134078212290504,Moderate Stability
23001,"Androscoggin County, Maine",-0.05441611703988109,53.701117318435756,Moderate Stability
48249,"Jim Wells County, Texas",-0.07991624608060618,50.73324022346368,Moderate Stability
18169,"Wabash County, Indiana",-0.2579139784404575,30.307262569832403,Moderate Stability
48207,"Haskell County, Texas",1.0484920280527716,97.76536312849163,Least Stable (Bottom 10%)
51009,"Amherst County, Virginia",-0.5448726084348289,3.805865921787709,Most Stable (Top 10%)
29087,NA,NA,NA,Insufficient Data
27035,"Crow Wing County, Minnesota",-0.3874283981013316,15.572625698324021,Very Stable (Top 25%)
17153,"Pulaski County, Illinois",0.4563640308753001,87.1159217877095,Less Stable (Bottom 25%)
33005,"Cheshire County, New Hampshire",-0.43411759674485456,10.509776536312849,Very Stable (Top 25%)
37119,"Mecklenburg County, North Carolina",0.600507747501206,90.88687150837988,Least Stable (Bottom 10%)
29089,"Howard County, Missouri",-0.19356019885647605,37.39525139664804,Moderate Stability
13307,NA,NA,NA,Insufficient Data
06065,"Riverside County, California",0.6288273677564808,91.62011173184358,Least Stable (Bottom 10%)
27167,"Wilkin County, Minnesota",-0.12759204921570888,45.0768156424581,Moderate Stability
45005,"Allendale County, South Carolina",0.6576341795546566,92.38826815642457,Least Stable (Bottom 10%)
41053,"Polk County, Oregon",0.2647052201377251,78.28212290502793,Less Stable (Bottom 25%)
13193,"Macon County, Georgia",0.25854335626721353,77.82821229050279,Less Stable (Bottom 25%)
04011,"Greenlee County, Arizona",0.6325890535405515,91.72486033519553,Least Stable (Bottom 10%)
06029,"Kern County, California",0.32509564606601143,81.14525139664805,Less Stable (Bottom 25%)
37019,"Brunswick County, North Carolina",1.3515517610335406,98.84776536312849,Least Stable (Bottom 10%)
09170,NA,NA,NA,Insufficient Data
13037,"Calhoun County, Georgia",0.7075446106346353,93.57541899441341,Least Stable (Bottom 10%)
30077,"Powell County, Montana",-0.2158597309410536,34.986033519553075,Moderate Stability
35013,"Doña Ana County, New Mexico",0.3265227997033595,81.25,Less Stable (Bottom 25%)
40123,"Pontotoc County, Oklahoma",-0.20967494079213012,35.789106145251395,Moderate Stability
01029,"Cleburne County, Alabama",-0.1547991439670962,41.82960893854749,Moderate Stability
17001,"Adams County, Illinois",-0.3477451899116876,19.273743016759777,Very Stable (Top 25%)
05075,"Lawrence County, Arkansas",-0.2506844330579504,31.31983240223464,Moderate Stability
16029,"Caribou County, Idaho",-0.20342500206198838,36.382681564245814,Moderate Stability
35037,"Quay County, New Mexico",0.14624032251792346,70.81005586592178,Moderate Stability
39045,"Fairfield County, Ohio",0.004670672784412671,59.49720670391061,Moderate Stability
47127,"Moore County, Tennessee",0.3080220346807015,80.34217877094973,Less Stable (Bottom 25%)
20019,NA,NA,NA,Insufficient Data
32017,NA,NA,NA,Insufficient Data
45029,"Colleton County, South Carolina",-0.1639074116320753,40.29329608938548,Moderate Stability
39129,"Pickaway County, Ohio",-0.5865701830368912,2.060055865921788,Most Stable (Top 10%)
26147,"St. Clair County, Michigan",-0.23718586675924413,32.71648044692738,Moderate Stability
05009,"Boone County, Arkansas",-0.4343764907293884,10.439944134078212,Very Stable (Top 25%)
31131,"Otoe County, Nebraska",0.03280974713488639,62.5,Moderate Stability
17109,"McDonough County, Illinois",0.03389228119029892,62.60474860335196,Moderate Stability
36099,"Seneca County, New York",-0.5481564451051526,3.56145251396648,Most Stable (Top 10%)
53023,NA,NA,NA,Insufficient Data
13039,"Camden County, Georgia",-0.0733250289945724,51.571229050279335,Moderate Stability
46081,"Lawrence County, South Dakota",0.013813752340162872,60.579608938547494,Moderate Stability
28071,"Lafayette County, Mississippi",0.5939774125597796,90.67737430167597,Least Stable (Bottom 10%)
48333,NA,NA,NA,Insufficient Data
41049,"Morrow County, Oregon",0.18876058129763013,73.25418994413407,Moderate Stability
55053,"Jackson County, Wisconsin",-0.4070074576591365,12.918994413407821,Very Stable (Top 25%)
28001,"Adams County, Mississippi",-0.09340873833012588,49.19692737430167,Moderate Stability
51133,"Northumberland County, Virginia",0.6491157742588896,92.07402234636871,Least Stable (Bottom 10%)
39043,"Erie County, Ohio",-0.29707859706885026,25.768156424581008,Moderate Stability
30003,"Big Horn County, Montana",-0.2150601627374889,35.090782122905026,Moderate Stability
38033,NA,NA,NA,Insufficient Data
48183,"Gregg County, Texas",-0.15572376713250735,41.68994413407821,Moderate Stability
40087,"McClain County, Oklahoma",0.009329694729285897,60.125698324022345,Moderate Stability
40069,"Johnston County, Oklahoma",-0.20991801203916705,35.754189944134076,Moderate Stability
27111,"Otter Tail County, Minnesota",-0.514003410645802,4.958100558659218,Most Stable (Top 10%)
51550,"Chesapeake city, Virginia",0.06788697009239379,64.90921787709497,Moderate Stability
38019,NA,NA,NA,Insufficient Data
38041,NA,NA,NA,Insufficient Data
37149,"Polk County, North Carolina",-0.10970013827734765,47.03212290502793,Moderate Stability
46085,NA,NA,NA,Insufficient Data
20039,NA,NA,NA,Insufficient Data
06089,"Shasta County, California",-0.044368927375056426,54.88826815642458,Moderate Stability
19049,"Dallas County, Iowa",0.967886655994592,97.06703910614524,Least Stable (Bottom 10%)
13099,"Early County, Georgia",-0.2523663806767028,31.00558659217877,Moderate Stability
31007,NA,NA,NA,Insufficient Data
22013,"Bienville Parish, Louisiana",-0.14194845439155615,43.400837988826815,Moderate Stability
19191,"Winneshiek County, Iowa",-0.4574556507767574,8.624301675977653,Most Stable (Top 10%)
38061,"Mountrail County, North Dakota",0.26030289004006646,77.93296089385476,Less Stable (Bottom 25%)
27033,"Cottonwood County, Minnesota",0.1167280364367241,68.57541899441341,Moderate Stability
17185,"Wabash County, Illinois",-0.5102579849877267,5.097765363128492,Most Stable (Top 10%)
17047,"Edwards County, Illinois",-0.2794871056740551,27.79329608938548,Moderate Stability
24021,"Frederick County, Maryland",0.1997052107460598,74.02234636871509,Moderate Stability
38015,"Burleigh County, North Dakota",0.016924736441879317,60.928770949720665,Moderate Stability
27053,"Hennepin County, Minnesota",-0.047943684344482006,54.39944134078212,Moderate Stability
17023,"Clark County, Illinois",0.0067943327897933,59.91620111731844,Moderate Stability
47019,"Carter County, Tennessee",-0.03251458925770849,55.900837988826815,Moderate Stability
46087,"McCook County, South Dakota",-0.35150043191627645,18.889664804469277,Very Stable (Top 25%)
27133,"Rock County, Minnesota",-0.07289134708269346,51.606145251396654,Moderate Stability
26137,"Otsego County, Michigan",-0.1442642278936655,43.01675977653631,Moderate Stability
33009,"Grafton County, New Hampshire",-0.3989340228183537,14.03631284916201,Very Stable (Top 25%)
17169,"Schuyler County, Illinois",-0.08924254046564124,49.581005586592184,Moderate Stability
22047,"Iberville Parish, Louisiana",-0.07481800207029352,51.43156424581006,Moderate Stability
01083,"Limestone County, Alabama",0.49639897522891846,88.19832402234637,Less Stable (Bottom 25%)
35015,"Eddy County, New Mexico",0.4423199122490797,86.48743016759776,Less Stable (Bottom 25%)
39165,"Warren County, Ohio",0.07070492558540037,65.01396648044692,Moderate Stability
22021,"Caldwell Parish, Louisiana",0.01951153150558741,61.24301675977654,Moderate Stability
37073,"Gates County, North Carolina",0.17916165942520226,72.69553072625699,Moderate Stability
55123,"Vernon County, Wisconsin",-0.5403661609381586,3.840782122905028,Most Stable (Top 10%)
29067,"Douglas County, Missouri",0.2946636934977556,79.85335195530726,Less Stable (Bottom 25%)
29101,"Johnson County, Missouri",-0.246426789721772,31.738826815642458,Moderate Stability
22071,"Orleans Parish, Louisiana",-0.04476682460704362,54.81843575418994,Moderate Stability
48487,"Wilbarger County, Texas",-0.006961863551187253,58.41480446927374,Moderate Stability
20063,NA,NA,NA,Insufficient Data
20089,NA,NA,NA,Insufficient Data
27173,"Yellow Medicine County, Minnesota",-0.3148290791567685,23.60335195530726,Very Stable (Top 25%)
38079,"Rolette County, North Dakota",0.605623578235969,91.0963687150838,Least Stable (Bottom 10%)
30103,NA,NA,NA,Insufficient Data
55007,"Bayfield County, Wisconsin",-0.10828838684889469,47.3463687150838,Moderate Stability
55043,"Grant County, Wisconsin",-0.5557516401863034,3.247206703910614,Most Stable (Top 10%)
05115,"Pope County, Arkansas",-0.16806542747601277,39.839385474860336,Moderate Stability
17025,"Clay County, Illinois",-0.4671232764979952,8.205307262569832,Most Stable (Top 10%)
21009,"Barren County, Kentucky",-0.3527702937595609,18.75,Very Stable (Top 25%)
26111,"Midland County, Michigan",-0.33005369175182,21.508379888268156,Very Stable (Top 25%)
30069,NA,NA,NA,Insufficient Data
20149,"Pottawatomie County, Kansas",-0.08616530172040202,50.03491620111732,Moderate Stability
05143,"Washington County, Arkansas",0.2836571850988381,79.08519553072625,Less Stable (Bottom 25%)
51137,"Orange County, Virginia",-0.11712420054031335,46.298882681564244,Moderate Stability
55047,"Green Lake County, Wisconsin",-0.30115619026190654,25.314245810055862,Moderate Stability
21117,"Kenton County, Kentucky",-0.025492364947380188,56.91340782122904,Moderate Stability
47039,"Decatur County, Tennessee",-0.2405374803648306,32.367318435754186,Moderate Stability
45035,"Dorchester County, South Carolina",0.1962946916165622,73.63826815642457,Moderate Stability
47063,"Hamblen County, Tennessee",-0.27244462447518447,28.87569832402235,Moderate Stability
45025,"Chesterfield County, South Carolina",0.030687663286033284,62.185754189944134,Moderate Stability
45027,"Clarendon County, South Carolina",0.5558875416565738,89.87430167597765,Less Stable (Bottom 25%)
45033,"Dillon County, South Carolina",0.041912054868624454,63.23324022346368,Moderate Stability
42031,"Clarion County, Pennsylvania",-0.2377051147556671,32.61173184357542,Moderate Stability
44001,"Bristol County, Rhode Island",-0.0339158121625848,55.6913407821229,Moderate Stability
27113,"Pennington County, Minnesota",-0.33319237589530337,21.089385474860336,Very Stable (Top 25%)
12031,"Duval County, Florida",0.4291043536311206,85.99860335195531,Less Stable (Bottom 25%)
12041,"Gilchrist County, Florida",0.5402916366926344,89.49022346368714,Less Stable (Bottom 25%)
28007,"Attala County, Mississippi",-0.03128617639245586,56.005586592178766,Moderate Stability
29047,"Clay County, Missouri",-0.008880884430037332,58.27513966480446,Moderate Stability
22035,"East Carroll Parish, Louisiana",0.20271528186120918,74.16201117318437,Moderate Stability
22037,"East Feliciana Parish, Louisiana",0.15558625282271604,71.22905027932961,Moderate Stability
37029,"Camden County, North Carolina",0.00958216164774709,60.26536312849162,Moderate Stability
55103,"Richland County, Wisconsin",-0.21010849641247858,35.684357541899445,Moderate Stability
36027,"Dutchess County, New York",-0.25019857594703443,31.424581005586592,Moderate Stability
51720,NA,NA,NA,Insufficient Data
36079,"Putnam County, New York",-0.027929339304291652,56.459497206703915,Moderate Stability
36087,"Rockland County, New York",-0.27696139199403147,28.037709497206702,Moderate Stability
48317,"Martin County, Texas",1.0737585011323743,97.87011173184358,Least Stable (Bottom 10%)
51005,"Alleghany County, Virginia",-0.46845165849925025,8.135474860335195,Most Stable (Top 10%)
54101,"Webster County, West Virginia",0.4898286153902045,87.95391061452514,Less Stable (Bottom 25%)
54035,"Jackson County, West Virginia",-0.4306209642357457,10.92877094972067,Very Stable (Top 25%)
39095,"Lucas County, Ohio",-0.38238660239400335,16.131284916201118,Very Stable (Top 25%)
12013,"Calhoun County, Florida",-0.121659850721056,45.77513966480447,Moderate Stability
47093,"Knox County, Tennessee",-0.16898355315984606,39.7695530726257,Moderate Stability
42037,"Columbia County, Pennsylvania",-0.6255680201349575,1.047486033519553,Most Stable (Top 10%)
53039,"Klickitat County, Washington",0.5769504598302727,90.18854748603353,Least Stable (Bottom 10%)
27081,"Lincoln County, Minnesota",-0.6991892738203046,0.31424581005586594,Most Stable (Top 10%)
45049,"Hampton County, South Carolina",-0.3602645378982833,18.12150837988827,Very Stable (Top 25%)
49025,"Kane County, Utah",-0.02521994726380741,56.98324022346368,Moderate Stability
29001,"Adair County, Missouri",-0.39407781556157373,14.73463687150838,Very Stable (Top 25%)
29061,"Daviess County, Missouri",-0.5762919279261502,2.583798882681564,Most Stable (Top 10%)
29165,"Platte County, Missouri",-0.03547882934378987,55.55167597765364,Moderate Stability
30027,"Fergus County, Montana",-0.38904939236471503,15.363128491620111,Very Stable (Top 25%)
49023,"Juab County, Utah",0.1874377755298356,73.04469273743017,Moderate Stability
48165,"Gaines County, Texas",0.6873738387153179,93.1913407821229,Least Stable (Bottom 10%)
16053,"Jerome County, Idaho",0.6658639651472218,92.66759776536313,Least Stable (Bottom 10%)
20121,"Miami County, Kansas",-0.1213900950801137,45.84497206703911,Moderate Stability
06055,"Napa County, California",0.39977459153726114,84.56703910614524,Less Stable (Bottom 25%)
08014,"Broomfield County, Colorado",0.7335768475958913,94.02932960893855,Least Stable (Bottom 10%)
48033,NA,NA,NA,Insufficient Data
36119,"Westchester County, New York",-0.12292210240673897,45.530726256983236,Moderate Stability
29065,"Dent County, Missouri",0.011925303388836923,60.47486033519554,Moderate Stability
48327,NA,NA,NA,Insufficient Data
48353,"Nolan County, Texas",-0.04793357655748493,54.43435754189944,Moderate Stability
29153,"Ozark County, Missouri",0.015957025443357063,60.789106145251395,Moderate Stability
12045,"Gulf County, Florida",0.3084621607891599,80.37709497206704,Less Stable (Bottom 25%)
12133,"Washington County, Florida",-0.33627561099337266,20.670391061452513,Very Stable (Top 25%)
12107,"Putnam County, Florida",-0.2871313487113682,26.99022346368715,Moderate Stability
13275,"Thomas County, Georgia",0.18766997107410507,73.14944134078212,Moderate Stability
13287,"Turner County, Georgia",0.09635146564936604,66.79469273743017,Moderate Stability
20073,"Greenwood County, Kansas",-0.37365604517478973,16.93435754189944,Very Stable (Top 25%)
48109,NA,NA,NA,Insufficient Data
17041,"Douglas County, Illinois",-0.4357656868987162,10.300279329608939,Very Stable (Top 25%)
37155,"Robeson County, North Carolina",0.1402975337690509,70.39106145251397,Moderate Stability
55093,"Pierce County, Wisconsin",-0.21951984364500116,34.462290502793294,Moderate Stability
29009,"Barry County, Missouri",-0.1973600428793856,36.94134078212291,Moderate Stability
55097,"Portage County, Wisconsin",-0.1455784199772719,42.772346368715084,Moderate Stability
45057,"Lancaster County, South Carolina",1.5331393644606317,99.26675977653632,Least Stable (Bottom 10%)
47183,"Weakley County, Tennessee",-0.09701730152491406,48.70810055865922,Moderate Stability
45067,"Marion County, South Carolina",0.1030538008801387,67.59776536312849,Moderate Stability
56039,"Teton County, Wyoming",0.060528453631029405,64.56005586592178,Moderate Stability
06081,"San Mateo County, California",0.024720453353409794,61.76675977653632,Moderate Stability
12081,"Manatee County, Florida",0.660154167041557,92.4231843575419,Least Stable (Bottom 10%)
37131,"Northampton County, North Carolina",0.7937404900946816,94.83240223463687,Least Stable (Bottom 10%)
01041,"Crenshaw County, Alabama",-0.2730523444494522,28.77094972067039,Moderate Stability
01045,"Dale County, Alabama",-0.5132545384943682,5.027932960893855,Most Stable (Top 10%)
17121,"Marion County, Illinois",-0.4070397541879403,12.884078212290504,Very Stable (Top 25%)
19089,"Howard County, Iowa",0.00747083952910489,60.020949720670394,Moderate Stability
40141,"Tillman County, Oklahoma",0.20719758284161038,74.47625698324022,Moderate Stability
48461,NA,NA,NA,Insufficient Data
08055,"Huerfano County, Colorado",0.37441480680350503,83.58938547486034,Less Stable (Bottom 25%)
08061,NA,NA,NA,Insufficient Data
37091,"Hertford County, North Carolina",0.06101113693945459,64.62988826815642,Moderate Stability
48319,NA,NA,NA,Insufficient Data
48061,"Cameron County, Texas",0.4856042085417309,87.84916201117319,Less Stable (Bottom 25%)
40083,"Logan County, Oklahoma",0.5777666801416044,90.22346368715084,Least Stable (Bottom 10%)
46013,"Brown County, South Dakota",0.014244982349058159,60.614525139664806,Moderate Stability
46083,"Lincoln County, South Dakota",0.861287625416028,95.91480446927375,Least Stable (Bottom 10%)
21043,"Carter County, Kentucky",-0.26246063567384414,29.85335195530726,Moderate Stability
37087,"Haywood County, North Carolina",-0.30181274617298287,25.174581005586592,Moderate Stability
42017,"Bucks County, Pennsylvania",-0.11001744024003793,46.962290502793294,Moderate Stability
44003,"Kent County, Rhode Island",-0.24461214972570922,32.05307262569833,Moderate Stability
55069,"Lincoln County, Wisconsin",-0.3950225036782833,14.629888268156424,Very Stable (Top 25%)
56001,"Albany County, Wyoming",-0.4431854286083107,9.846368715083798,Most Stable (Top 10%)
56037,"Sweetwater County, Wyoming",-0.3852212057303616,15.85195530726257,Very Stable (Top 25%)
45081,"Saluda County, South Carolina",0.7864041215339278,94.76256983240224,Least Stable (Bottom 10%)
45089,"Williamsburg County, South Carolina",0.4024796273804566,84.74162011173185,Less Stable (Bottom 25%)
30023,"Deer Lodge County, Montana",0.12147173295416207,68.95949720670392,Moderate Stability
29201,"Scott County, Missouri",-0.2969064901510173,25.837988826815643,Moderate Stability
25013,"Hampden County, Massachusetts",-0.19148121923007683,37.674581005586596,Moderate Stability
51099,"King George County, Virginia",0.10787706869374339,67.87709497206704,Moderate Stability
48055,"Caldwell County, Texas",1.2533610367272403,98.56843575418995,Least Stable (Bottom 10%)
08081,"Moffat County, Colorado",-0.2611581934334504,30.062849162011172,Moderate Stability
51051,"Dickenson County, Virginia",-0.24477207259689143,32.01815642458101,Moderate Stability
19097,"Jackson County, Iowa",-0.4056049764184725,13.093575418994414,Very Stable (Top 25%)
51073,"Gloucester County, Virginia",-0.2950362694379331,26.15223463687151,Moderate Stability
51081,"Greensville County, Virginia",0.733680208974061,94.06424581005587,Least Stable (Bottom 10%)
08105,"Rio Grande County, Colorado",0.582362918938258,90.36312849162012,Least Stable (Bottom 10%)
08111,NA,NA,NA,Insufficient Data
19149,"Plymouth County, Iowa",0.07572069383467722,65.22346368715084,Moderate Stability
13241,"Rabun County, Georgia",0.21371876598584563,74.89525139664805,Moderate Stability
05015,"Carroll County, Arkansas",0.33725820424861663,81.84357541899442,Less Stable (Bottom 25%)
05033,"Crawford County, Arkansas",-0.19777947386676215,36.87150837988827,Moderate Stability
42127,"Wayne County, Pennsylvania",-0.5181721148536463,4.783519553072626,Most Stable (Top 10%)
42103,"Pike County, Pennsylvania",-0.1732132715876674,39.42039106145251,Moderate Stability
48499,"Wood County, Texas",-0.10554382648928386,47.80027932960894,Moderate Stability
31059,"Fillmore County, Nebraska",-0.4061833870907393,12.988826815642456,Very Stable (Top 25%)
22095,"St. John the Baptist Parish, Louisiana",-0.02691903896944738,56.66899441340782,Moderate Stability
30031,"Gallatin County, Montana",0.47514089017607525,87.63966480446928,Less Stable (Bottom 25%)
37139,"Pasquotank County, North Carolina",0.2125619781582907,74.79050279329608,Moderate Stability
47077,"Henderson County, Tennessee",-0.40603873036023513,13.023743016759775,Very Stable (Top 25%)
48059,"Callahan County, Texas",0.3247953188122653,81.07541899441341,Less Stable (Bottom 25%)
55141,"Wood County, Wisconsin",-0.5655988881863088,3.0027932960893855,Most Stable (Top 10%)
55091,"Pepin County, Wisconsin",-0.09517872906269989,49.022346368715084,Moderate Stability
53013,NA,NA,NA,Insufficient Data
50021,"Rutland County, Vermont",-0.4758807605523092,7.856145251396648,Most Stable (Top 10%)
29041,"Chariton County, Missouri",0.04184647735384705,63.19832402234636,Moderate Stability
53071,"Walla Walla County, Washington",-0.05157357037977038,53.9804469273743,Moderate Stability
42047,"Elk County, Pennsylvania",-0.5882636907737621,1.9553072625698324,Most Stable (Top 10%)
29051,"Cole County, Missouri",-0.4879529513227906,6.878491620111732,Most Stable (Top 10%)
27155,NA,NA,NA,Insufficient Data
19071,"Fremont County, Iowa",-0.41548316000110985,11.976256983240223,Very Stable (Top 25%)
48387,"Red River County, Texas",0.15495370839715109,71.15921787709497,Moderate Stability
39141,"Ross County, Ohio",-0.46909998804223085,8.065642458100559,Most Stable (Top 10%)
08039,"Elbert County, Colorado",0.49366033006302606,88.12849162011173,Less Stable (Bottom 25%)
48083,"Coleman County, Texas",0.656959915480561,92.31843575418995,Least Stable (Bottom 10%)
48427,"Starr County, Texas",0.8100411479309021,95.14664804469274,Least Stable (Bottom 10%)
12021,"Collier County, Florida",0.7191977109943241,93.81983240223464,Least Stable (Bottom 10%)
08067,"La Plata County, Colorado",-0.028597367244873058,56.25,Moderate Stability
17069,NA,NA,NA,Insufficient Data
22099,"St. Martin Parish, Louisiana",-0.424386564043527,11.138268156424582,Very Stable (Top 25%)
40117,"Pawnee County, Oklahoma",-0.4725970387345122,7.925977653631285,Most Stable (Top 10%)
48041,"Brazos County, Texas",0.5086689863838768,88.4427374301676,Less Stable (Bottom 25%)
36107,"Tioga County, New York",-0.630969880215091,1.0125698324022345,Most Stable (Top 10%)
40023,"Choctaw County, Oklahoma",-0.12572877798625676,45.286312849162016,Moderate Stability
48339,"Montgomery County, Texas",0.903272536272644,96.33379888268156,Least Stable (Bottom 10%)
25001,"Barnstable County, Massachusetts",0.18751708385849433,73.0796089385475,Moderate Stability
32007,"Elko County, Nevada",0.03579971875632326,62.77932960893855,Moderate Stability
37005,"Alleghany County, North Carolina",0.0010000144181934007,59.182960893854755,Moderate Stability
40113,"Osage County, Oklahoma",-0.40767262821391187,12.744413407821229,Very Stable (Top 25%)
45019,"Charleston County, South Carolina",0.6621828167606671,92.52793296089385,Least Stable (Bottom 10%)
48157,"Fort Bend County, Texas",0.8473074008580128,95.6354748603352,Least Stable (Bottom 10%)
13115,"Floyd County, Georgia",-0.07589193920971984,51.22206703910614,Moderate Stability
12083,"Marion County, Florida",0.26683926794391166,78.38687150837988,Less Stable (Bottom 25%)
17145,"Perry County, Illinois",-0.45020252197917177,9.078212290502794,Most Stable (Top 10%)
12001,"Alachua County, Florida",0.08327280575174766,65.85195530726257,Moderate Stability
29073,"Gasconade County, Missouri",-0.1572383627745403,41.375698324022345,Moderate Stability
20147,NA,NA,NA,Insufficient Data
42063,"Indiana County, Pennsylvania",-0.6124144414538428,1.3617318435754189,Most Stable (Top 10%)
39163,"Vinton County, Ohio",-0.014890552583541456,57.7513966480447,Moderate Stability
13179,"Liberty County, Georgia",-0.4535459719353974,8.903631284916202,Most Stable (Top 10%)
12057,"Hillsborough County, Florida",0.7003978806608439,93.43575418994413,Least Stable (Bottom 10%)
36083,"Rensselaer County, New York",-0.11825617054397687,46.159217877094974,Moderate Stability
05057,"Hempstead County, Arkansas",0.30746049439810114,80.27234636871509,Less Stable (Bottom 25%)
36085,"Richmond County, New York",0.023656503586815165,61.69692737430168,Moderate Stability
29209,"Stone County, Missouri",-0.029978511141204797,56.14525139664804,Moderate Stability
29225,"Webster County, Missouri",-0.26347368102815333,29.713687150837988,Moderate Stability
40061,"Haskell County, Oklahoma",-0.24742319912191496,31.59916201117318,Moderate Stability
39053,"Gallia County, Ohio",-0.37247967308729013,17.039106145251395,Very Stable (Top 25%)
28013,"Calhoun County, Mississippi",0.0932202067284038,66.58519553072625,Moderate Stability
28023,"Clarke County, Mississippi",-0.1050073738537302,47.87011173184357,Moderate Stability
46049,NA,NA,NA,Insufficient Data
46129,"Walworth County, South Dakota",0.238849336281309,76.60614525139665,Less Stable (Bottom 25%)
54067,"Nicholas County, West Virginia",-0.43746325116864837,10.195530726256983,Very Stable (Top 25%)
18135,"Randolph County, Indiana",-0.19716802617711113,37.081005586592184,Moderate Stability
08097,"Pitkin County, Colorado",-0.09778807737683942,48.63826815642458,Moderate Stability
18037,"Dubois County, Indiana",-0.14506431330297323,42.912011173184354,Moderate Stability
21239,"Woodford County, Kentucky",-0.19229801325069917,37.56983240223464,Moderate Stability
30095,"Stillwater County, Montana",-0.293764119185622,26.39664804469274,Moderate Stability
41047,"Marion County, Oregon",0.3687470142635237,83.27513966480447,Less Stable (Bottom 25%)
42065,"Jefferson County, Pennsylvania",-0.7255795027062187,0.20949720670391062,Most Stable (Top 10%)
18161,"Union County, Indiana",-0.08798034923270971,49.790502793296085,Moderate Stability
29103,NA,NA,NA,Insufficient Data
29119,"McDonald County, Missouri",-0.3102034351345776,24.26675977653631,Very Stable (Top 25%)
19151,"Pocahontas County, Iowa",-0.10717617229520433,47.520949720670394,Moderate Stability
29127,"Marion County, Missouri",-0.26520913063338203,29.5391061452514,Moderate Stability
51149,"Prince George County, Virginia",0.275757614691129,78.66620111731844,Less Stable (Bottom 25%)
06011,"Colusa County, California",0.7158447081457688,93.71508379888269,Least Stable (Bottom 10%)
38067,"Pembina County, North Dakota",-0.3474954128435201,19.343575418994412,Very Stable (Top 25%)
38091,NA,NA,NA,Insufficient Data
37077,"Granville County, North Carolina",0.08663151302602073,66.0963687150838,Moderate Stability
42003,"Allegheny County, Pennsylvania",-0.39456804589669164,14.664804469273744,Very Stable (Top 25%)
37109,"Lincoln County, North Carolina",0.40948718714909776,84.95111731843575,Less Stable (Bottom 25%)
37115,"Madison County, North Carolina",0.401087304068469,84.63687150837988,Less Stable (Bottom 25%)
35049,"Santa Fe County, New Mexico",0.09853497341743729,67.0391061452514,Moderate Stability
01007,"Bibb County, Alabama",-0.5216242839380548,4.608938547486034,Most Stable (Top 10%)
01081,"Lee County, Alabama",0.41199234579939337,85.09078212290503,Less Stable (Bottom 25%)
20023,NA,NA,NA,Insufficient Data
26063,"Huron County, Michigan",-0.360637930842342,18.05167597765363,Very Stable (Top 25%)
29023,"Butler County, Missouri",-0.6781496321626944,0.5935754189944134,Most Stable (Top 10%)
40035,"Craig County, Oklahoma",-0.1408682291156333,43.47067039106145,Moderate Stability
56019,"Johnson County, Wyoming",-0.21252524678263654,35.43994413407821,Moderate Stability
45079,"Richland County, South Carolina",-0.3770689308215409,16.72486033519553,Very Stable (Top 25%)
45085,"Sumter County, South Carolina",-0.2679091990791079,29.25977653631285,Moderate Stability
54029,"Hancock County, West Virginia",-0.3203915271326095,22.835195530726256,Very Stable (Top 25%)
05139,"Union County, Arkansas",-0.22175854035554304,34.357541899441344,Moderate Stability
13257,"Stephens County, Georgia",0.11298384083572006,68.29608938547486,Moderate Stability
18033,"DeKalb County, Indiana",-0.43420965345862594,10.474860335195531,Very Stable (Top 25%)
19167,"Sioux County, Iowa",-0.12115875511469278,45.87988826815643,Moderate Stability
24033,"Prince George's County, Maryland",0.5419424227753059,89.56005586592178,Less Stable (Bottom 25%)
34015,"Gloucester County, New Jersey",-0.25925269539204415,30.13268156424581,Moderate Stability
38017,"Cass County, North Dakota",0.38147013904175087,83.69413407821229,Less Stable (Bottom 25%)
34019,"Hunterdon County, New Jersey",-0.24636471072065233,31.773743016759777,Moderate Stability
42043,"Dauphin County, Pennsylvania",-0.04275306669104194,55.02793296089386,Moderate Stability
05021,"Clay County, Arkansas",-0.2521086816002437,31.18016759776536,Moderate Stability
37009,"Ashe County, North Carolina",-0.11959908152889188,46.0195530726257,Moderate Stability
51041,"Chesterfield County, Virginia",-0.013634416745058305,57.821229050279335,Moderate Stability
37075,"Graham County, North Carolina",0.1210314807468953,68.81983240223464,Moderate Stability
01065,"Hale County, Alabama",-0.47940421341523265,7.472067039106145,Most Stable (Top 10%)
54099,"Wayne County, West Virginia",-0.16701104266275152,40.11871508379888,Moderate Stability
08013,"Boulder County, Colorado",-0.1215717910807266,45.81005586592179,Moderate Stability
18013,"Brown County, Indiana",0.1717325486492405,71.89245810055866,Moderate Stability
20007,NA,NA,NA,Insufficient Data
20155,"Reno County, Kansas",-0.5708939816496608,2.8282122905027935,Most Stable (Top 10%)
48023,NA,NA,NA,Insufficient Data
01053,"Escambia County, Alabama",-0.21748195314440058,34.70670391061452,Moderate Stability
16071,NA,NA,NA,Insufficient Data
20175,"Seward County, Kansas",0.6221393113947824,91.4804469273743,Least Stable (Bottom 10%)
37063,"Durham County, North Carolina",0.41739666015222276,85.43994413407822,Less Stable (Bottom 25%)
17115,"Macon County, Illinois",-0.49500018069137924,6.389664804469273,Most Stable (Top 10%)
37079,"Greene County, North Carolina",-0.09314195526714397,49.26675977653631,Moderate Stability
19179,"Wapello County, Iowa",-0.07963755963657564,50.83798882681564,Moderate Stability
17147,"Piatt County, Illinois",-0.6120916735487218,1.3966480446927374,Most Stable (Top 10%)
06099,"Stanislaus County, California",0.5864172084070399,90.5377094972067,Least Stable (Bottom 10%)
47097,"Lauderdale County, Tennessee",0.13356789238958336,69.76256983240224,Moderate Stability
22009,"Avoyelles Parish, Louisiana",-0.3109253761175046,24.127094972067038,Very Stable (Top 25%)
35017,"Grant County, New Mexico",-0.24393964138020563,32.122905027932966,Moderate Stability
26041,"Delta County, Michigan",-0.46777861682454697,8.170391061452515,Most Stable (Top 10%)
39065,"Hardin County, Ohio",-0.2825806496744078,27.548882681564248,Moderate Stability
38095,NA,NA,NA,Insufficient Data
51173,"Smyth County, Virginia",-0.4227563479005958,11.277932960893855,Very Stable (Top 25%)
09110,NA,NA,NA,Insufficient Data
48155,NA,NA,NA,Insufficient Data
24001,"Allegany County, Maryland",-0.3793857018574932,16.480446927374302,Very Stable (Top 25%)
42051,"Fayette County, Pennsylvania",-0.3170985670980826,23.21927374301676,Very Stable (Top 25%)
54057,"Mineral County, West Virginia",1.0805116773582226,97.90502793296089,Least Stable (Bottom 10%)
05043,"Drew County, Arkansas",0.38233381691321483,83.76396648044692,Less Stable (Bottom 25%)
28097,"Montgomery County, Mississippi",-0.3123671046352929,23.952513966480446,Very Stable (Top 25%)
29081,"Harrison County, Missouri",-0.3592757203370051,18.191340782122907,Very Stable (Top 25%)
29211,"Sullivan County, Missouri",0.6679012092687456,92.70251396648045,Least Stable (Bottom 10%)
51015,"Augusta County, Virginia",-0.3118634821971539,24.022346368715084,Very Stable (Top 25%)
28087,"Lowndes County, Mississippi",-0.1294212608052702,44.797486033519554,Moderate Stability
29227,NA,NA,NA,Insufficient Data
36075,"Oswego County, New York",-0.41957847992001945,11.522346368715084,Very Stable (Top 25%)
39173,"Wood County, Ohio",-0.2218040680038788,34.322625698324025,Moderate Stability
55109,"St. Croix County, Wisconsin",-0.11188012371917043,46.71787709497207,Moderate Stability
17135,"Montgomery County, Illinois",-0.14681393951771626,42.632681564245814,Moderate Stability
18099,"Marshall County, Indiana",-0.27896819411182433,27.82821229050279,Moderate Stability
20151,"Pratt County, Kansas",-0.27564453386149573,28.38687150837989,Moderate Stability
22121,"West Baton Rouge Parish, Louisiana",0.6325569597876058,91.68994413407822,Least Stable (Bottom 10%)
21171,"Monroe County, Kentucky",-0.21222617284443424,35.54469273743017,Moderate Stability
04019,"Pima County, Arizona",0.10302689914622937,67.56284916201118,Moderate Stability
48295,NA,NA,NA,Insufficient Data
40139,"Texas County, Oklahoma",0.33394432193052564,81.6340782122905,Less Stable (Bottom 25%)
47129,"Morgan County, Tennessee",-0.38572868715720726,15.747206703910615,Very Stable (Top 25%)
46043,NA,NA,NA,Insufficient Data
18165,"Vermillion County, Indiana",-0.562972250620466,3.072625698324022,Most Stable (Top 10%)
46063,NA,NA,NA,Insufficient Data
19123,"Mahaska County, Iowa",-0.5824449736712572,2.304469273743017,Most Stable (Top 10%)
36059,"Nassau County, New York",-0.1006753255230515,48.289106145251395,Moderate Stability
38003,"Barnes County, North Dakota",-0.27301316283269095,28.80586592178771,Moderate Stability
34025,"Monmouth County, New Jersey",-0.22254221928488946,34.252793296089386,Moderate Stability
38045,NA,NA,NA,Insufficient Data
17083,"Jersey County, Illinois",-0.3227701586713154,22.48603351955307,Very Stable (Top 25%)
54047,"McDowell County, West Virginia",0.17791616146166453,72.48603351955308,Moderate Stability
54031,"Hardy County, West Virginia",-0.2737575341797356,28.666201117318437,Moderate Stability
54097,"Upshur County, West Virginia",-0.6777627414589246,0.6284916201117319,Most Stable (Top 10%)
48021,"Bastrop County, Texas",1.5486553334417918,99.33659217877096,Least Stable (Bottom 10%)
51127,"New Kent County, Virginia",0.543685044663917,89.62988826815642,Less Stable (Bottom 25%)
12109,"St. Johns County, Florida",1.1239245960350837,98.14944134078212,Least Stable (Bottom 10%)
53055,"San Juan County, Washington",0.18572341830724498,72.93994413407822,Moderate Stability
55009,"Brown County, Wisconsin",-0.13185524573017837,44.55307262569833,Moderate Stability
18017,"Cass County, Indiana",-0.16310000083626452,40.36312849162011,Moderate Stability
28133,"Sunflower County, Mississippi",0.145418670822102,70.77513966480447,Moderate Stability
29027,"Callaway County, Missouri",-0.29612936460330125,25.942737430167597,Moderate Stability
42077,"Lehigh County, Pennsylvania",0.3468074150919093,82.33240223463687,Less Stable (Bottom 25%)
47043,"Dickson County, Tennessee",0.19912514630508493,73.95251396648045,Moderate Stability
40063,"Hughes County, Oklahoma",-0.2708267694741259,29.01536312849162,Moderate Stability
16083,"Twin Falls County, Idaho",0.25907939206523595,77.86312849162012,Less Stable (Bottom 25%)
44005,"Newport County, Rhode Island",-0.17949909300987546,38.79189944134078,Moderate Stability
20201,"Washington County, Kansas",0.015740586398593156,60.754189944134076,Moderate Stability
38025,NA,NA,NA,Insufficient Data
47013,"Campbell County, Tennessee",-0.1745530440635949,39.315642458100555,Moderate Stability
18157,"Tippecanoe County, Indiana",-0.07627243007239368,51.187150837988824,Moderate Stability
47027,"Clay County, Tennessee",-0.22646205426778834,33.763966480446925,Moderate Stability
21131,"Leslie County, Kentucky",0.10284593777132069,67.49301675977654,Moderate Stability
21133,"Letcher County, Kentucky",-0.27451309395843926,28.49162011173184,Moderate Stability
21141,"Logan County, Kentucky",-0.03762442104718498,55.41201117318436,Moderate Stability
20197,"Wabaunsee County, Kansas",-0.29440128260601356,26.3268156424581,Moderate Stability
06053,"Monterey County, California",0.6759444086777525,92.91201117318437,Least Stable (Bottom 10%)
08029,"Delta County, Colorado",-0.08585002698964453,50.10474860335196,Moderate Stability
13077,"Coweta County, Georgia",0.28421183831509567,79.12011173184358,Less Stable (Bottom 25%)
18039,"Elkhart County, Indiana",-0.16008107451857448,40.85195530726257,Moderate Stability
18087,"LaGrange County, Indiana",0.060348539561097425,64.49022346368714,Moderate Stability
16001,"Ada County, Idaho",0.596529505147837,90.7122905027933,Least Stable (Bottom 10%)
37161,"Rutherford County, North Carolina",-0.04715963224785062,54.539106145251395,Moderate Stability
13313,"Whitfield County, Georgia",0.4926959001989192,88.09357541899442,Less Stable (Bottom 25%)
54003,"Berkeley County, West Virginia",0.12310824924961793,69.1340782122905,Moderate Stability
13101,NA,NA,NA,Insufficient Data
50005,"Caledonia County, Vermont",-0.08899472242965455,49.650837988826815,Moderate Stability
55021,"Columbia County, Wisconsin",-0.47166557286879807,7.960893854748603,Most Stable (Top 10%)
55029,"Door County, Wisconsin",-0.05524372650028298,53.5963687150838,Moderate Stability
48491,"Williamson County, Texas",1.1017098144936044,98.0796089385475,Least Stable (Bottom 10%)
28055,NA,NA,NA,Insufficient Data
56007,"Carbon County, Wyoming",-0.13816751660245263,43.61033519553072,Moderate Stability
08099,"Prowers County, Colorado",0.3952366062882804,84.32262569832403,Less Stable (Bottom 25%)
18019,"Clark County, Indiana",-0.11656535803483005,46.33379888268156,Moderate Stability
31103,NA,NA,NA,Insufficient Data
36003,"Allegany County, New York",-0.2567815755557418,30.446927374301673,Moderate Stability
39155,"Trumbull County, Ohio",-0.698583674980896,0.34916201117318435,Most Stable (Top 10%)
01115,"St. Clair County, Alabama",0.006752621649312855,59.88128491620112,Moderate Stability
21145,"McCracken County, Kentucky",-0.4051277659496438,13.233240223463689,Very Stable (Top 25%)
49057,"Weber County, Utah",0.21796519741953593,75.20949720670392,Less Stable (Bottom 25%)
21157,"Marshall County, Kentucky",-0.33557642614939226,20.77513966480447,Very Stable (Top 25%)
21159,"Martin County, Kentucky",1.030723630768088,97.66061452513966,Least Stable (Bottom 10%)
37183,"Wake County, North Carolina",0.3838014523571421,83.86871508379889,Less Stable (Bottom 25%)
37193,"Wilkes County, North Carolina",0.16637067791253773,71.57821229050279,Moderate Stability
46037,"Day County, South Dakota",-0.02846368610858604,56.35474860335196,Moderate Stability
37093,"Hoke County, North Carolina",0.005273204452776815,59.567039106145245,Moderate Stability
20099,"Labette County, Kansas",-0.22637011898019477,33.798882681564244,Moderate Stability
13141,"Hancock County, Georgia",0.7067905628407112,93.54050279329608,Least Stable (Bottom 10%)
08053,NA,NA,NA,Insufficient Data
18111,"Newton County, Indiana",-0.27606073706411516,28.212290502793298,Moderate Stability
18151,"Steuben County, Indiana",-0.24414364404572447,32.087988826815646,Moderate Stability
19055,"Delaware County, Iowa",-0.33827286489553327,20.49581005586592,Very Stable (Top 25%)
39073,"Hocking County, Ohio",-0.39863250334707145,14.106145251396649,Very Stable (Top 25%)
48501,"Yoakum County, Texas",1.1988874702522112,98.39385474860335,Least Stable (Bottom 10%)
39031,"Coshocton County, Ohio",-0.6680603775078047,0.7681564245810055,Most Stable (Top 10%)
16005,"Bannock County, Idaho",-0.23171728890163554,33.24022346368715,Moderate Stability
12115,"Sarasota County, Florida",0.43960211741962507,86.31284916201118,Less Stable (Bottom 25%)
37047,"Columbus County, North Carolina",-0.16336897352477303,40.32821229050279,Moderate Stability
41051,"Multnomah County, Oregon",0.3539151133434379,82.50698324022346,Less Stable (Bottom 25%)
47141,"Putnam County, Tennessee",0.22290438746106972,75.52374301675978,Less Stable (Bottom 25%)
47091,"Johnson County, Tennessee",-0.04486060675866992,54.7486033519553,Moderate Stability
13227,"Pickens County, Georgia",-0.08953071797202218,49.546089385474865,Moderate Stability
13247,"Rockdale County, Georgia",0.6207895251348968,91.41061452513966,Least Stable (Bottom 10%)
19035,"Cherokee County, Iowa",-0.41844635711773687,11.59217877094972,Very Stable (Top 25%)
21107,"Hopkins County, Kentucky",-0.5829106684744324,2.2695530726256985,Most Stable (Top 10%)
27013,"Blue Earth County, Minnesota",0.17849502843367587,72.62569832402235,Moderate Stability
40145,"Wagoner County, Oklahoma",-0.10836916597907072,47.31145251396648,Moderate Stability
48163,"Frio County, Texas",0.3086615522601629,80.41201117318437,Less Stable (Bottom 25%)
48367,"Parker County, Texas",0.6847046874419499,93.12150837988827,Least Stable (Bottom 10%)
55031,"Douglas County, Wisconsin",-0.13739135769741828,43.71508379888268,Moderate Stability
21195,"Pike County, Kentucky",-0.31062448328427295,24.196927374301676,Very Stable (Top 25%)
21219,"Todd County, Kentucky",-0.4000724208614593,13.966480446927374,Very Stable (Top 25%)
47109,"McNairy County, Tennessee",0.02207085033164178,61.452513966480446,Moderate Stability
17173,"Shelby County, Illinois",-0.39152625508931127,15.048882681564246,Very Stable (Top 25%)
26005,"Allegan County, Michigan",-0.1618202454138166,40.607541899441344,Moderate Stability
47111,"Macon County, Tennessee",0.2676480160564847,78.45670391061452,Less Stable (Bottom 25%)
24039,"Somerset County, Maryland",-0.22343847820245813,34.14804469273743,Moderate Stability
22019,"Calcasieu Parish, Louisiana",-0.20111168647734187,36.73184357541899,Moderate Stability
39035,"Cuyahoga County, Ohio",-0.3683604339842521,17.283519553072626,Very Stable (Top 25%)
13117,"Forsyth County, Georgia",1.247475561964649,98.53351955307262,Least Stable (Bottom 10%)
19133,"Monona County, Iowa",-0.2173360999714393,34.74162011173184,Moderate Stability
20043,"Doniphan County, Kansas",-0.06755803746760351,52.0949720670391,Moderate Stability
48285,"Lavaca County, Texas",-0.17932081760580607,38.8268156424581,Moderate Stability
24035,"Queen Anne's County, Maryland",-0.21505278117787763,35.125698324022345,Moderate Stability
05025,"Cleveland County, Arkansas",0.2911879767683223,79.71368715083798,Less Stable (Bottom 25%)
19017,"Bremer County, Iowa",-0.341021345268274,20.251396648044693,Very Stable (Top 25%)
37083,"Halifax County, North Carolina",-0.26240613678561464,29.88826815642458,Moderate Stability
12003,"Baker County, Florida",0.09965028536070028,67.24860335195531,Moderate Stability
22069,"Natchitoches Parish, Louisiana",-0.5300574935986735,4.155027932960894,Most Stable (Top 10%)
26013,"Baraga County, Michigan",0.5452697672051109,89.69972067039106,Less Stable (Bottom 25%)
38081,NA,NA,NA,Insufficient Data
40149,"Washita County, Oklahoma",-0.22561883118672535,33.93854748603352,Moderate Stability
41041,"Lincoln County, Oregon",-0.016900412837737706,57.5768156424581,Moderate Stability
26051,"Gladwin County, Michigan",-0.05712928606640127,53.317039106145245,Moderate Stability
28117,"Prentiss County, Mississippi",0.5418048639261575,89.52513966480447,Less Stable (Bottom 25%)
29083,"Henry County, Missouri",-0.6051960664934245,1.536312849162011,Most Stable (Top 10%)
17085,"Jo Daviess County, Illinois",-0.26540228443994385,29.50418994413408,Moderate Stability
37141,"Pender County, North Carolina",0.6893345440023798,93.26117318435753,Least Stable (Bottom 10%)
13249,NA,NA,NA,Insufficient Data
19125,"Marion County, Iowa",-0.3963718986736034,14.350558659217876,Very Stable (Top 25%)
21115,"Johnson County, Kentucky",-0.19725558630536885,36.976256983240226,Moderate Stability
28105,"Oktibbeha County, Mississippi",-0.02345669488597457,57.05307262569832,Moderate Stability
19175,"Union County, Iowa",-0.4117809463176038,12.325418994413408,Very Stable (Top 25%)
29203,"Shannon County, Missouri",0.3890042164873072,84.07821229050279,Less Stable (Bottom 25%)
24041,"Talbot County, Maryland",0.2191258943439789,75.31424581005587,Less Stable (Bottom 25%)
20001,"Allen County, Kansas",-0.346581259729923,19.518156424581008,Very Stable (Top 25%)
20017,NA,NA,NA,Insufficient Data
48093,"Comanche County, Texas",0.8170020637200965,95.28631284916202,Least Stable (Bottom 10%)
48497,"Wise County, Texas",0.3649175042113639,83.06564245810057,Less Stable (Bottom 25%)
19059,"Dickinson County, Iowa",-0.04547624039086108,54.678770949720665,Moderate Stability
26003,"Alger County, Michigan",0.015525939563866541,60.71927374301676,Moderate Stability
26043,"Dickinson County, Michigan",-0.40513052299592045,13.19832402234637,Very Stable (Top 25%)
19085,"Harrison County, Iowa",-0.5757800532820017,2.618715083798883,Most Stable (Top 10%)
10001,"Kent County, Delaware",-0.08535436610094066,50.244413407821234,Moderate Stability
19075,"Grundy County, Iowa",-0.22820568775249703,33.69413407821229,Moderate Stability
08107,"Routt County, Colorado",-0.04991491723922417,54.1550279329609,Moderate Stability
05147,"Woodruff County, Arkansas",0.5996706814164691,90.81703910614524,Least Stable (Bottom 10%)
05073,"Lafayette County, Arkansas",0.9596886368983083,96.92737430167597,Least Stable (Bottom 10%)
06043,"Mariposa County, California",0.046389663863126436,63.652234636871505,Moderate Stability
39067,"Harrison County, Ohio",-0.39974347779090813,14.001396648044691,Very Stable (Top 25%)
32023,"Nye County, Nevada",0.42183204376790334,85.68435754189943,Less Stable (Bottom 25%)
20105,NA,NA,NA,Insufficient Data
01001,"Autauga County, Alabama",0.004233899717050247,59.462290502793294,Moderate Stability
51810,"Virginia Beach city, Virginia",-0.3291288835256018,21.613128491620113,Very Stable (Top 25%)
13021,"Bibb County, Georgia",-0.30267063878480227,25.104748603351958,Moderate Stability
55039,"Fond du Lac County, Wisconsin",-0.5613479999237413,3.1075418994413404,Most Stable (Top 10%)
56043,"Washakie County, Wyoming",0.18416539238015134,72.87011173184358,Moderate Stability
19111,"Lee County, Iowa",-0.3394315978400969,20.460893854748605,Very Stable (Top 25%)
39169,"Wayne County, Ohio",-0.3712311319899126,17.178770949720672,Very Stable (Top 25%)
42069,"Lackawanna County, Pennsylvania",-0.2532497919600932,30.79608938547486,Moderate Stability
48447,NA,NA,NA,Insufficient Data
51109,"Louisa County, Virginia",0.04805526135122199,63.75698324022346,Moderate Stability
31111,"Lincoln County, Nebraska",-0.3703747449086786,17.248603351955307,Very Stable (Top 25%)
18139,"Rush County, Indiana",-0.48119508877881945,7.262569832402235,Most Stable (Top 10%)
37089,"Henderson County, North Carolina",-0.042709301945380904,55.062849162011176,Moderate Stability
46053,NA,NA,NA,Insufficient Data
48311,NA,NA,NA,Insufficient Data
12011,"Broward County, Florida",0.5342064577649848,89.2108938547486,Less Stable (Bottom 25%)
21125,"Laurel County, Kentucky",-0.0704796453137372,51.85055865921788,Moderate Stability
48121,"Denton County, Texas",0.9136579785620224,96.47346368715084,Least Stable (Bottom 10%)
26061,"Houghton County, Michigan",-0.4047986745267339,13.303072625698324,Very Stable (Top 25%)
21237,"Wolfe County, Kentucky",0.3729804989612312,83.44972067039106,Less Stable (Bottom 25%)
37057,"Davidson County, North Carolina",-0.19480858101864615,37.185754189944134,Moderate Stability
23005,"Cumberland County, Maine",-0.08995094605225419,49.511173184357546,Moderate Stability
27019,"Carver County, Minnesota",-0.14594639803754156,42.702513966480446,Moderate Stability
13291,"Union County, Georgia",0.6657745877936416,92.63268156424581,Least Stable (Bottom 10%)
06007,"Butte County, California",0.08174592796115891,65.7472067039106,Moderate Stability
06023,"Humboldt County, California",-0.25678409255618473,30.412011173184357,Moderate Stability
37011,"Avery County, North Carolina",-0.051081410943537575,54.05027932960894,Moderate Stability
29097,"Jasper County, Missouri",-0.25649323621698206,30.51675977653631,Moderate Stability
13175,"Laurens County, Georgia",-0.49895288104059765,6.005586592178771,Most Stable (Top 10%)
22057,"Lafourche Parish, Louisiana",-0.5743927652518562,2.7234636871508378,Most Stable (Top 10%)
31039,"Cuming County, Nebraska",-0.18943981015757702,37.918994413407816,Moderate Stability
38011,NA,NA,NA,Insufficient Data
20085,"Jackson County, Kansas",-0.4135889233478733,12.185754189944134,Very Stable (Top 25%)
22091,"St. Helena Parish, Louisiana",0.15558344804024044,71.19413407821229,Moderate Stability
22105,"Tangipahoa Parish, Louisiana",0.09779697443886774,66.89944134078212,Moderate Stability
21041,"Carroll County, Kentucky",0.718642618231404,93.78491620111731,Least Stable (Bottom 10%)
19043,"Clayton County, Iowa",-0.539258357690706,3.9455307262569828,Most Stable (Top 10%)
27049,"Goodhue County, Minnesota",-0.48447231561125215,7.0530726256983245,Most Stable (Top 10%)
40135,"Sequoyah County, Oklahoma",-0.3192725645552826,23.044692737430168,Very Stable (Top 25%)
01047,"Dallas County, Alabama",0.2648593008404711,78.31703910614524,Less Stable (Bottom 25%)
08049,"Grand County, Colorado",0.2437112113890397,77.02513966480447,Less Stable (Bottom 25%)
12069,"Lake County, Florida",0.9215238195965164,96.57821229050279,Least Stable (Bottom 10%)
25009,"Essex County, Massachusetts",0.22654707856665846,75.83798882681563,Less Stable (Bottom 25%)
47131,"Obion County, Tennessee",-0.2777795574940407,27.967877094972067,Moderate Stability
25025,"Suffolk County, Massachusetts",0.6032415938687592,90.95670391061452,Least Stable (Bottom 10%)
48005,"Angelina County, Texas",0.04461223797496973,63.477653631284916,Moderate Stability
46127,"Union County, South Dakota",-0.03163803867507719,55.97067039106145,Moderate Stability
46039,NA,NA,NA,Insufficient Data
45017,"Calhoun County, South Carolina",-0.1562249893318072,41.51536312849162,Moderate Stability
13063,"Clayton County, Georgia",0.6227591888876235,91.51536312849163,Least Stable (Bottom 10%)
13133,"Greene County, Georgia",1.978621426306712,99.79050279329608,Least Stable (Bottom 10%)
27093,"Meeker County, Minnesota",-0.40733278319559485,12.814245810055866,Very Stable (Top 25%)
55111,"Sauk County, Wisconsin",-0.13223636488231644,44.41340782122905,Moderate Stability
05095,"Monroe County, Arkansas",0.20081637519832257,74.0572625698324,Moderate Stability
34017,"Hudson County, New Jersey",0.3276327315289907,81.35474860335195,Less Stable (Bottom 25%)
05017,"Chicot County, Arkansas",-0.22592746786183485,33.83379888268156,Moderate Stability
19171,"Tama County, Iowa",-0.042583135203309905,55.097765363128495,Moderate Stability
06109,"Tuolumne County, California",-0.01956603087955257,57.402234636871505,Moderate Stability
38047,NA,NA,NA,Insufficient Data
29019,"Boone County, Missouri",-0.16775575838135975,39.874301675977655,Moderate Stability
37179,"Union County, North Carolina",0.45353855740050525,86.97625698324022,Less Stable (Bottom 25%)
55115,"Shawano County, Wisconsin",-0.39276126825966295,14.94413407821229,Very Stable (Top 25%)
21067,"Fayette County, Kentucky",-0.1429080075969378,43.261173184357546,Moderate Stability
46115,"Spink County, South Dakota",-0.3798938173144524,16.410614525139664,Very Stable (Top 25%)
06025,"Imperial County, California",0.23973647695449932,76.7108938547486,Less Stable (Bottom 25%)
06097,"Sonoma County, California",0.07286900388943679,65.08379888268156,Moderate Stability
23013,"Knox County, Maine",-0.41240390270608646,12.220670391061454,Very Stable (Top 25%)
28121,"Rankin County, Mississippi",-0.0586904766408716,53.24720670391061,Moderate Stability
08043,"Fremont County, Colorado",0.21512083700702814,75,Moderate Stability
27165,"Watonwan County, Minnesota",0.2914393654911882,79.78351955307262,Less Stable (Bottom 25%)
01093,"Marion County, Alabama",-0.3539112653143918,18.645251396648042,Very Stable (Top 25%)
06015,"Del Norte County, California",0.5294389405470371,89.07122905027933,Less Stable (Bottom 25%)
26131,"Ontonagon County, Michigan",0.04561919850889409,63.547486033519554,Moderate Stability
31107,"Knox County, Nebraska",-0.34403297009139117,19.972067039106143,Very Stable (Top 25%)
48113,"Dallas County, Texas",0.3009917707355563,80.09776536312849,Less Stable (Bottom 25%)
48019,"Bandera County, Texas",0.4262210790288776,85.82402234636871,Less Stable (Bottom 25%)
51177,"Spotsylvania County, Virginia",0.2142327934897681,74.96508379888269,Moderate Stability
48167,"Galveston County, Texas",0.28579629067047435,79.22486033519553,Less Stable (Bottom 25%)
13093,"Dooly County, Georgia",1.214837483237592,98.42877094972067,Least Stable (Bottom 10%)
17107,"Logan County, Illinois",-0.21338379897978646,35.30027932960894,Moderate Stability
18027,"Daviess County, Indiana",-0.12200300066415135,45.70530726256983,Moderate Stability
50001,"Addison County, Vermont",-0.16198399210099723,40.572625698324025,Moderate Stability
51003,"Albemarle County, Virginia",-0.051186637064784074,54.01536312849162,Moderate Stability
41017,"Deschutes County, Oregon",0.7524342045887848,94.37849162011173,Least Stable (Bottom 10%)
41033,"Josephine County, Oregon",-0.08220143466361665,50.59357541899442,Moderate Stability
31055,"Douglas County, Nebraska",0.12088554595945061,68.75,Moderate Stability
34001,"Atlantic County, New Jersey",-0.023809916747220425,57.018156424581,Moderate Stability
05109,"Pike County, Arkansas",0.37952933513055254,83.65921787709497,Less Stable (Bottom 25%)
54065,"Morgan County, West Virginia",0.6615782085386335,92.49301675977654,Least Stable (Bottom 10%)
51750,"Radford city, Virginia",0.24869902519603257,77.30446927374301,Less Stable (Bottom 25%)
41065,"Wasco County, Oregon",0.13662758156593485,69.90223463687151,Moderate Stability
30083,"Richland County, Montana",-0.009774269319921237,58.135474860335194,Moderate Stability
37053,"Currituck County, North Carolina",0.2598098337216896,77.89804469273743,Less Stable (Bottom 25%)
04007,"Gila County, Arizona",-0.058862411880708516,53.212290502793294,Moderate Stability
21103,"Henry County, Kentucky",-0.29114501744432497,26.606145251396647,Moderate Stability
31143,"Polk County, Nebraska",-0.21571538625051184,35.020949720670394,Moderate Stability
28119,"Quitman County, Mississippi",0.7300614673370271,93.95949720670392,Least Stable (Bottom 10%)
28081,"Lee County, Mississippi",-0.02571465217148718,56.878491620111724,Moderate Stability
28029,"Copiah County, Mississippi",0.0994569185155891,67.21368715083798,Moderate Stability
20037,"Crawford County, Kansas",-0.5876466742063395,2.025139664804469,Most Stable (Top 10%)
25017,"Middlesex County, Massachusetts",-0.021823491067248044,57.15782122905028,Moderate Stability
35025,"Lea County, New Mexico",0.42626252394313524,85.85893854748603,Less Stable (Bottom 25%)
36063,"Niagara County, New York",-0.47913638431791383,7.506983240223464,Most Stable (Top 10%)
01027,"Clay County, Alabama",-0.06414865544064462,52.72346368715084,Moderate Stability
12087,"Monroe County, Florida",0.36468829973212374,83.03072625698324,Less Stable (Bottom 25%)
48323,"Maverick County, Texas",0.9309225896299002,96.71787709497207,Least Stable (Bottom 10%)
22109,"Terrebonne Parish, Louisiana",-0.3985995345584227,14.141061452513966,Very Stable (Top 25%)
17035,"Cumberland County, Illinois",-0.021776653036837075,57.1927374301676,Moderate Stability
53037,"Kittitas County, Washington",0.3841035146495147,83.9036312849162,Less Stable (Bottom 25%)
36029,"Erie County, New York",-0.35043686173794086,18.994413407821227,Very Stable (Top 25%)
35011,NA,NA,NA,Insufficient Data
24019,"Dorchester County, Maryland",-0.285431740666089,27.304469273743017,Moderate Stability
13243,"Randolph County, Georgia",1.024229372462524,97.62569832402235,Least Stable (Bottom 10%)
21023,"Bracken County, Kentucky",-0.29099577654217473,26.675977653631282,Moderate Stability
40009,"Beckham County, Oklahoma",0.23868498440402705,76.57122905027933,Less Stable (Bottom 25%)
47173,"Union County, Tennessee",0.01771768532270334,60.963687150837984,Moderate Stability
05047,"Franklin County, Arkansas",-0.3533447076461587,18.68016759776536,Very Stable (Top 25%)
29117,"Livingston County, Missouri",-0.30449790949512096,25.03491620111732,Moderate Stability
36055,"Monroe County, New York",-0.33524813253703084,20.844972067039105,Very Stable (Top 25%)
12075,"Levy County, Florida",0.4585470556169418,87.15083798882681,Less Stable (Bottom 25%)
21199,"Pulaski County, Kentucky",-0.253353192113186,30.761173184357542,Moderate Stability
22049,"Jackson Parish, Louisiana",-0.012105097270151384,57.995810055865924,Moderate Stability
30017,"Custer County, Montana",-0.4657260910628222,8.275139664804469,Most Stable (Top 10%)
19105,"Jones County, Iowa",-0.5120024168501126,5.062849162011173,Most Stable (Top 10%)
37013,"Beaufort County, North Carolina",0.03991655297031489,63.128491620111724,Moderate Stability
46093,"Meade County, South Dakota",-0.12979703565545117,44.657821229050285,Moderate Stability
48161,"Freestone County, Texas",-0.026838209586066145,56.77374301675978,Moderate Stability
53033,"King County, Washington",0.4124141059137948,85.16061452513966,Less Stable (Bottom 25%)
12037,"Franklin County, Florida",0.6249308331201949,91.55027932960894,Least Stable (Bottom 10%)
30021,"Dawson County, Montana",-0.2742610566052298,28.56145251396648,Moderate Stability
47081,"Hickman County, Tennessee",-0.1521567532876772,42.108938547486034,Moderate Stability
31065,NA,NA,NA,Insufficient Data
48001,"Anderson County, Texas",-0.191169092172221,37.744413407821234,Moderate Stability
46103,"Pennington County, South Dakota",-0.1022029319556492,48.114525139664806,Moderate Stability
51153,"Prince William County, Virginia",0.5756097022606634,90.1536312849162,Least Stable (Bottom 10%)
54023,"Grant County, West Virginia",-0.2372732374903962,32.68156424581006,Moderate Stability
04005,"Coconino County, Arizona",-0.04595303814887773,54.643854748603346,Moderate Stability
21221,"Trigg County, Kentucky",-0.34488259748404676,19.762569832402235,Very Stable (Top 25%)
25021,"Norfolk County, Massachusetts",-0.0019864697081151237,58.93854748603352,Moderate Stability
29173,"Ralls County, Missouri",-0.34342472640224747,20.006983240223462,Very Stable (Top 25%)
46015,"Brule County, South Dakota",0.005927007422691759,59.81145251396648,Moderate Stability
48383,NA,NA,NA,Insufficient Data
51683,"Manassas city, Virginia",1.3680657772008478,98.88268156424581,Least Stable (Bottom 10%)
50009,"Essex County, Vermont",0.08910867148048005,66.27094972067039,Moderate Stability
51067,"Franklin County, Virginia",-0.1266235402525482,45.21648044692738,Moderate Stability
28073,"Lamar County, Mississippi",-0.10926366414647394,47.10195530726257,Moderate Stability
33013,"Merrimack County, New Hampshire",-0.45198471110342986,8.938547486033519,Most Stable (Top 10%)
06033,"Lake County, California",0.5251362092886945,88.96648044692738,Less Stable (Bottom 25%)
06061,"Placer County, California",0.4529852592519346,86.9413407821229,Less Stable (Bottom 25%)
17087,"Johnson County, Illinois",-0.0520963116038966,53.94553072625698,Moderate Stability
18141,"St. Joseph County, Indiana",-0.20647537529947804,35.963687150837984,Moderate Stability
16073,"Owyhee County, Idaho",1.0081802213425097,97.45111731843575,Least Stable (Bottom 10%)
06019,"Fresno County, California",0.46405283592108465,87.29050279329608,Less Stable (Bottom 25%)
16087,"Washington County, Idaho",-0.09798426753569574,48.56843575418994,Moderate Stability
24031,"Montgomery County, Maryland",-0.27582651306887884,28.282122905027933,Moderate Stability
54103,"Wetzel County, West Virginia",-0.17831547163748207,38.93156424581006,Moderate Stability
53065,"Stevens County, Washington",-0.02791408901110513,56.494413407821234,Moderate Stability
31017,NA,NA,NA,Insufficient Data
29005,"Atchison County, Missouri",-0.4146794765860639,12.011173184357542,Very Stable (Top 25%)
27071,"Koochiching County, Minnesota",0.07378769398916629,65.1536312849162,Moderate Stability
21225,"Union County, Kentucky",0.4790201256849183,87.77932960893855,Less Stable (Bottom 25%)
48465,"Val Verde County, Texas",0.14039820137703005,70.42597765363129,Moderate Stability
49049,"Utah County, Utah",0.53434714048184,89.24581005586593,Less Stable (Bottom 25%)
53031,"Jefferson County, Washington",0.15238615834608013,70.98463687150837,Moderate Stability
30005,"Blaine County, Montana",0.030751262356925067,62.22067039106145,Moderate Stability
46105,NA,NA,NA,Insufficient Data
17101,"Lawrence County, Illinois",0.8625713055232858,95.94972067039106,Least Stable (Bottom 10%)
30007,"Broadwater County, Montana",0.26463127342610215,78.2472067039106,Less Stable (Bottom 25%)
06113,"Yolo County, California",-0.02773632580852791,56.52932960893855,Moderate Stability
48241,"Jasper County, Texas",-0.2559790433849729,30.62150837988827,Moderate Stability
30111,"Yellowstone County, Montana",-0.25053627582597887,31.354748603351958,Moderate Stability
13121,"Fulton County, Georgia",0.290850014440023,79.67877094972067,Less Stable (Bottom 25%)
39119,"Muskingum County, Ohio",-0.3545954519335663,18.610335195530723,Very Stable (Top 25%)
20163,NA,NA,NA,Insufficient Data
29099,"Jefferson County, Missouri",-0.16031199014251474,40.747206703910614,Moderate Stability
30089,"Sanders County, Montana",0.3353939117427872,81.70391061452514,Less Stable (Bottom 25%)
54079,"Putnam County, West Virginia",-0.5240099322917527,4.4692737430167595,Most Stable (Top 10%)
13087,"Decatur County, Georgia",-0.07936920539373957,50.90782122905028,Moderate Stability
22043,"Grant Parish, Louisiana",-0.10798221399458342,47.38128491620112,Moderate Stability
13217,"Newton County, Georgia",0.3248904784529328,81.11033519553072,Less Stable (Bottom 25%)
30047,"Lake County, Montana",0.07898964632687006,65.60754189944134,Moderate Stability
35005,"Chaves County, New Mexico",-0.05695822561723659,53.351955307262564,Moderate Stability
42091,"Montgomery County, Pennsylvania",-0.3244529650661519,22.136871508379887,Very Stable (Top 25%)
48237,"Jack County, Texas",0.08659177601617606,66.06145251396647,Moderate Stability
41021,NA,NA,NA,Insufficient Data
12103,"Pinellas County, Florida",0.07882580659423237,65.5027932960894,Moderate Stability
16049,"Idaho County, Idaho",-0.15693914863136776,41.44553072625698,Moderate Stability
06013,"Contra Costa County, California",0.2795171961079698,78.80586592178771,Less Stable (Bottom 25%)
12033,"Escambia County, Florida",-0.312772791970966,23.917597765363126,Very Stable (Top 25%)
37189,"Watauga County, North Carolina",-0.013075626951624997,57.925977653631286,Moderate Stability
01117,"Shelby County, Alabama",-0.03341484431574116,55.865921787709496,Moderate Stability
20077,"Harper County, Kansas",-0.15615448360295608,41.55027932960894,Moderate Stability
37003,"Alexander County, North Carolina",0.048720234782752565,63.86173184357542,Moderate Stability
13135,"Gwinnett County, Georgia",0.6104558354111735,91.27094972067039,Least Stable (Bottom 10%)
13109,"Evans County, Georgia",0.02404053518458296,61.731843575419,Moderate Stability
47061,"Grundy County, Tennessee",0.4318393767126133,86.06843575418995,Less Stable (Bottom 25%)
51013,"Arlington County, Virginia",-0.20168274586372162,36.5572625698324,Moderate Stability
51193,"Westmoreland County, Virginia",-0.14383622794887604,43.08659217877095,Moderate Stability
51019,"Bedford County, Virginia",-0.15470383890342043,41.864525139664806,Moderate Stability
53021,"Franklin County, Washington",0.49548459859705335,88.16340782122904,Less Stable (Bottom 25%)
13035,"Butts County, Georgia",-0.19276300226539242,37.5,Moderate Stability
13277,"Tift County, Georgia",0.21561900651679464,75.03491620111731,Less Stable (Bottom 25%)
46023,"Charles Mix County, South Dakota",-0.06506349620108892,52.61871508379888,Moderate Stability
06111,"Ventura County, California",-0.0662242637548375,52.2695530726257,Moderate Stability
13105,"Elbert County, Georgia",-0.008296453474202962,58.3449720670391,Moderate Stability
26141,"Presque Isle County, Michigan",-0.08469705678109693,50.384078212290504,Moderate Stability
29021,"Buchanan County, Missouri",-0.30202002398693095,25.139664804469277,Moderate Stability
39089,"Licking County, Ohio",-0.022028249002771286,57.12290502793296,Moderate Stability
21055,"Crittenden County, Kentucky",-0.20418981287929358,36.312849162011176,Moderate Stability
06001,"Alameda County, California",0.5181940982824111,88.75698324022346,Less Stable (Bottom 25%)
41061,"Union County, Oregon",-0.3327539936856416,21.12430167597765,Very Stable (Top 25%)
24003,"Anne Arundel County, Maryland",-0.09009678756735696,49.476256983240226,Moderate Stability
45015,"Berkeley County, South Carolina",0.7852079074634624,94.72765363128491,Least Stable (Bottom 10%)
17143,"Peoria County, Illinois",-0.4846775296573384,7.018156424581005,Most Stable (Top 10%)
49037,"San Juan County, Utah",-0.028145347011744468,56.424581005586596,Moderate Stability
48039,"Brazoria County, Texas",0.4661658760655208,87.46508379888269,Less Stable (Bottom 25%)
55067,"Langlade County, Wisconsin",-0.33153088180478474,21.26396648044693,Very Stable (Top 25%)
29145,"Newton County, Missouri",-0.35573031423609947,18.540502793296092,Very Stable (Top 25%)
16035,"Clearwater County, Idaho",-0.34479915952520074,19.797486033519554,Very Stable (Top 25%)
05107,"Phillips County, Arkansas",0.22868986214628634,76.04748603351955,Less Stable (Bottom 25%)
39001,"Adams County, Ohio",-0.08882538023842491,49.72067039106145,Moderate Stability
04001,"Apache County, Arizona",0.40057032967995376,84.60195530726257,Less Stable (Bottom 25%)
18153,"Sullivan County, Indiana",-0.47871362055589406,7.576815642458101,Most Stable (Top 10%)
06017,"El Dorado County, California",0.023459010439677856,61.66201117318436,Moderate Stability
38065,NA,NA,NA,Insufficient Data
53053,"Pierce County, Washington",0.3620536691326159,82.82122905027933,Less Stable (Bottom 25%)
35045,"San Juan County, New Mexico",-0.11004248317023614,46.927374301675975,Moderate Stability
21059,"Daviess County, Kentucky",-0.22943027854683226,33.48463687150838,Moderate Stability
54051,"Marshall County, West Virginia",-0.20443076621451073,36.24301675977654,Moderate Stability
18177,"Wayne County, Indiana",-0.24989366780444155,31.49441340782123,Moderate Stability
42039,"Crawford County, Pennsylvania",-0.5189787881576391,4.748603351955307,Most Stable (Top 10%)
49019,"Grand County, Utah",0.16648011556114806,71.61312849162012,Moderate Stability
48377,"Presidio County, Texas",1.227293000724966,98.46368715083798,Least Stable (Bottom 10%)
06105,"Trinity County, California",0.4650111407763283,87.39525139664805,Less Stable (Bottom 25%)
36101,"Steuben County, New York",-0.3810877942876934,16.30586592178771,Very Stable (Top 25%)
36043,"Herkimer County, New York",-0.05687441359254979,53.4217877094972,Moderate Stability
42067,"Juniata County, Pennsylvania",-0.21150019432276307,35.57960893854749,Moderate Stability
51163,"Rockbridge County, Virginia",-0.3201418202818041,22.870111731843576,Very Stable (Top 25%)
16079,"Shoshone County, Idaho",-0.21494981885854142,35.160614525139664,Moderate Stability
22115,"Vernon Parish, Louisiana",-0.4841949351746334,7.087988826815643,Most Stable (Top 10%)
28093,"Marshall County, Mississippi",-0.2803861591670833,27.75837988826816,Moderate Stability
41029,"Jackson County, Oregon",0.2177095817373112,75.17458100558659,Less Stable (Bottom 25%)
44007,"Providence County, Rhode Island",0.3390315896007122,81.87849162011173,Less Stable (Bottom 25%)
48015,"Austin County, Texas",0.045169345409371967,63.512569832402235,Moderate Stability
49021,"Iron County, Utah",0.8225954992675537,95.32122905027933,Least Stable (Bottom 10%)
04027,"Yuma County, Arizona",0.26155120946740573,78.0377094972067,Less Stable (Bottom 25%)
22045,"Iberia Parish, Louisiana",-0.3676399366311405,17.38826815642458,Very Stable (Top 25%)
34021,"Mercer County, New Jersey",0.12531300797236175,69.34357541899442,Moderate Stability
39019,"Carroll County, Ohio",-0.2860978386211238,27.164804469273747,Moderate Stability
04009,"Graham County, Arizona",0.20397914356418398,74.19692737430168,Moderate Stability
17031,"Cook County, Illinois",-0.03358896754627295,55.79608938547486,Moderate Stability
51161,"Roanoke County, Virginia",-0.3921401731126196,15.013966480446928,Very Stable (Top 25%)
12131,"Walton County, Florida",1.1446568116181342,98.21927374301676,Least Stable (Bottom 10%)
51035,"Carroll County, Virginia",-0.22903999747372858,33.55446927374302,Moderate Stability
35039,"Rio Arriba County, New Mexico",-0.033693515203238746,55.76117318435754,Moderate Stability
13049,"Charlton County, Georgia",0.8013138793919322,94.90223463687151,Least Stable (Bottom 10%)
16039,"Elmore County, Idaho",0.07478506673719906,65.18854748603353,Moderate Stability
16051,"Jefferson County, Idaho",0.14287770578183745,70.60055865921788,Moderate Stability
17105,"Livingston County, Illinois",-0.49509049416786444,6.3198324022346375,Most Stable (Top 10%)
21179,"Nelson County, Kentucky",0.2246916658718726,75.66340782122904,Less Stable (Bottom 25%)
29043,"Christian County, Missouri",-0.10618259972357333,47.69553072625698,Moderate Stability
29195,"Saline County, Missouri",0.26650685774859323,78.35195530726257,Less Stable (Bottom 25%)
38101,"Ward County, North Dakota",-0.001682604985197003,59.00837988826816,Moderate Stability
51185,"Tazewell County, Virginia",-0.39414074375744873,14.699720670391061,Very Stable (Top 25%)
04021,"Pinal County, Arizona",0.5600982983153159,89.90921787709497,Less Stable (Bottom 25%)
36069,"Ontario County, New York",-0.32165003301415535,22.695530726256983,Very Stable (Top 25%)
19023,"Butler County, Iowa",-0.49825485971163264,6.110335195530727,Most Stable (Top 10%)
21207,"Russell County, Kentucky",0.07791267988857999,65.39804469273743,Moderate Stability
22075,"Plaquemines Parish, Louisiana",-0.3629578005025265,17.842178770949722,Very Stable (Top 25%)
32031,"Washoe County, Nevada",0.395929820187207,84.39245810055866,Less Stable (Bottom 25%)
47099,"Lawrence County, Tennessee",-0.31378093704184107,23.743016759776538,Very Stable (Top 25%)
05045,"Faulkner County, Arkansas",-0.32371173556454824,22.381284916201118,Very Stable (Top 25%)
06107,"Tulare County, California",0.5635958770441742,89.97905027932961,Less Stable (Bottom 25%)
54055,"Mercer County, West Virginia",-0.5468149157147199,3.666201117318436,Most Stable (Top 10%)
29155,"Pemiscot County, Missouri",-0.29543827583100196,26.08240223463687,Moderate Stability
53047,"Okanogan County, Washington",0.09882278258437933,67.14385474860335,Moderate Stability
42027,"Centre County, Pennsylvania",-0.22099599811939702,34.392458100558656,Moderate Stability
48455,"Trinity County, Texas",0.3252505514297267,81.18016759776536,Less Stable (Bottom 25%)
54061,"Monongalia County, West Virginia",-0.32211869367912355,22.59078212290503,Very Stable (Top 25%)
53005,"Benton County, Washington",0.13486193603330154,69.83240223463687,Moderate Stability
22073,"Ouachita Parish, Louisiana",-0.5402122088997682,3.875698324022346,Most Stable (Top 10%)
12129,"Wakulla County, Florida",0.22473269833448217,75.69832402234637,Less Stable (Bottom 25%)
38001,NA,NA,NA,Insufficient Data
22001,"Acadia Parish, Louisiana",-0.4339507392495373,10.579608938547485,Very Stable (Top 25%)
31179,"Wayne County, Nebraska",-0.21614553013763876,34.91620111731844,Moderate Stability
37167,"Stanly County, North Carolina",-0.034984471008947866,55.58659217877096,Moderate Stability
48029,"Bexar County, Texas",0.1543529877208339,71.08938547486034,Moderate Stability
05103,"Ouachita County, Arkansas",0.19167322432781012,73.39385474860335,Moderate Stability
53035,"Kitsap County, Washington",0.022151875419606098,61.487430167597765,Moderate Stability
31061,NA,NA,NA,Insufficient Data
21015,"Boone County, Kentucky",0.06305371011996302,64.7695530726257,Moderate Stability
28151,"Washington County, Mississippi",0.3266317985871664,81.28491620111731,Less Stable (Bottom 25%)
42007,"Beaver County, Pennsylvania",-0.6006355711636865,1.7108938547486032,Most Stable (Top 10%)
46109,"Roberts County, South Dakota",-0.6024406396288904,1.606145251396648,Most Stable (Top 10%)
51027,"Buchanan County, Virginia",-0.13686990702303287,43.78491620111732,Moderate Stability
54021,"Gilmer County, West Virginia",0.6515464015173017,92.21368715083798,Least Stable (Bottom 10%)
51025,"Brunswick County, Virginia",0.018317424302293463,61.10335195530726,Moderate Stability
16059,"Lemhi County, Idaho",0.4618630386292902,87.18575418994413,Less Stable (Bottom 25%)
38021,"Dickey County, North Dakota",0.10193672543614665,67.45810055865921,Moderate Stability
38085,NA,NA,NA,Insufficient Data
46019,"Butte County, South Dakota",-0.22581066108320738,33.86871508379888,Moderate Stability
17161,"Rock Island County, Illinois",-0.40263082308716613,13.512569832402235,Very Stable (Top 25%)
23009,"Hancock County, Maine",-0.1389774454059522,43.540502793296085,Moderate Stability
38057,"Mercer County, North Dakota",-0.5009476460502151,5.79608938547486,Most Stable (Top 10%)
13207,"Monroe County, Georgia",0.3390682921698619,81.91340782122904,Less Stable (Bottom 25%)
27037,"Dakota County, Minnesota",-0.0033321919242885597,58.798882681564244,Moderate Stability
53009,"Clallam County, Washington",0.1600610164435944,71.36871508379889,Moderate Stability
28017,"Chickasaw County, Mississippi",0.07949687975339771,65.64245810055866,Moderate Stability
46075,NA,NA,NA,Insufficient Data
42081,"Lycoming County, Pennsylvania",-0.4928769752071967,6.494413407821228,Most Stable (Top 10%)
06037,"Los Angeles County, California",0.19838515390985456,73.91759776536313,Moderate Stability
37085,"Harnett County, North Carolina",0.22378137919505917,75.5586592178771,Less Stable (Bottom 25%)
06063,"Plumas County, California",-0.03235477326054255,55.935754189944134,Moderate Stability
12093,"Okeechobee County, Florida",0.23199817615220056,76.29189944134079,Less Stable (Bottom 25%)
21111,"Jefferson County, Kentucky",-0.010252362756949275,58.10055865921788,Moderate Stability
20143,"Ottawa County, Kansas",-0.44669928535127856,9.427374301675979,Most Stable (Top 10%)
26115,"Monroe County, Michigan",-0.3962749159986177,14.385474860335195,Very Stable (Top 25%)
20097,NA,NA,NA,Insufficient Data
40075,"Kiowa County, Oklahoma",-0.1482917714438316,42.49301675977654,Moderate Stability
48363,"Palo Pinto County, Texas",-0.34944357547913274,19.029329608938546,Very Stable (Top 25%)
53075,"Whitman County, Washington",-0.12839918396582062,44.902234636871505,Moderate Stability
55075,"Marinette County, Wisconsin",-0.08712464232075419,49.89525139664804,Moderate Stability
09180,NA,NA,NA,Insufficient Data
29186,"Ste. Genevieve County, Missouri",-0.30960610964459023,24.441340782122907,Very Stable (Top 25%)
51181,"Surry County, Virginia",0.36936389331826686,83.31005586592178,Less Stable (Bottom 25%)
36081,"Queens County, New York",0.09813858895885856,66.93435754189943,Moderate Stability
48201,"Harris County, Texas",0.27550408875764226,78.63128491620111,Less Stable (Bottom 25%)
54107,"Wood County, West Virginia",-0.49767249501067506,6.180167597765363,Most Stable (Top 10%)
39113,"Montgomery County, Ohio",-0.27887535937748925,27.89804469273743,Moderate Stability
49045,"Tooele County, Utah",0.4490042947332432,86.73184357541899,Less Stable (Bottom 25%)
06041,"Marin County, California",-0.07537977772947782,51.39664804469274,Moderate Stability
30015,"Chouteau County, Montana",-0.37905458425328314,16.515363128491618,Very Stable (Top 25%)
54027,"Hampshire County, West Virginia",1.4042740065300434,98.98743016759776,Least Stable (Bottom 10%)
53029,"Island County, Washington",-0.06406558126989649,52.75837988826816,Moderate Stability
32013,"Humboldt County, Nevada",0.42152357084330155,85.64944134078212,Less Stable (Bottom 25%)
30067,"Park County, Montana",-0.1279546484705256,44.97206703910614,Moderate Stability
28027,"Coahoma County, Mississippi",-0.1109434275457377,46.857541899441344,Moderate Stability
49017,"Garfield County, Utah",0.005192875085028068,59.532122905027926,Moderate Stability
54025,"Greenbrier County, West Virginia",-0.48413195699619715,7.12290502793296,Most Stable (Top 10%)
55083,"Oconto County, Wisconsin",-0.3062075424180827,24.895251396648042,Very Stable (Top 25%)
42075,"Lebanon County, Pennsylvania",-0.2860417039024296,27.19972067039106,Moderate Stability
18047,"Franklin County, Indiana",-0.1910904454885373,37.77932960893855,Moderate Stability
19093,"Ida County, Iowa",-0.315671118505688,23.533519553072626,Very Stable (Top 25%)
37049,"Craven County, North Carolina",-0.0986645457234064,48.53351955307262,Moderate Stability
05031,"Craighead County, Arkansas",-0.04410172306456173,54.9231843575419,Moderate Stability
01037,NA,NA,NA,Insufficient Data
27171,"Wright County, Minnesota",-0.023127559989416457,57.08798882681564,Moderate Stability
47025,"Claiborne County, Tennessee",-0.2956604058301483,26.04748603351955,Moderate Stability
51165,"Rockingham County, Virginia",-0.09687513730980238,48.74301675977654,Moderate Stability
01003,"Baldwin County, Alabama",0.38179396791579506,83.72905027932961,Less Stable (Bottom 25%)
12097,"Osceola County, Florida",1.8665558651812275,99.68575418994413,Least Stable (Bottom 10%)
16085,"Valley County, Idaho",0.16934859125924476,71.82262569832403,Moderate Stability
13139,"Hall County, Georgia",0.770618734187187,94.55307262569832,Least Stable (Bottom 10%)
22025,"Catahoula Parish, Louisiana",-0.2178380231860648,34.60195530726257,Moderate Stability
28149,"Warren County, Mississippi",-0.006919908329211684,58.48463687150838,Moderate Stability
40051,"Grady County, Oklahoma",-0.28819550008062056,26.885474860335197,Moderate Stability
32003,"Clark County, Nevada",0.3501324415269597,82.43715083798882,Less Stable (Bottom 25%)
30001,"Beaverhead County, Montana",0.1837283764762549,72.83519553072625,Moderate Stability
39109,"Miami County, Ohio",-0.12531955475533743,45.35614525139665,Moderate Stability
28135,"Tallahatchie County, Mississippi",1.9817063627913738,99.82541899441341,Least Stable (Bottom 10%)
04017,"Navajo County, Arizona",0.06650803780712639,64.87430167597765,Moderate Stability
17183,"Vermilion County, Illinois",-0.42099808097775804,11.452513966480447,Very Stable (Top 25%)
22103,"St. Tammany Parish, Louisiana",-0.08545748161504521,50.209497206703915,Moderate Stability
25027,"Worcester County, Massachusetts",-0.0850772299582978,50.27932960893855,Moderate Stability
42101,"Philadelphia County, Pennsylvania",0.5289481543056058,89.03631284916202,Less Stable (Bottom 25%)
24023,"Garrett County, Maryland",-0.12775480413658796,45.04189944134078,Moderate Stability
37031,"Carteret County, North Carolina",0.236246186114314,76.53631284916202,Less Stable (Bottom 25%)
36077,"Otsego County, New York",-0.3839237191442646,16.026536312849164,Very Stable (Top 25%)
01095,"Marshall County, Alabama",0.17764180299915996,72.41620111731844,Moderate Stability
40013,"Bryan County, Oklahoma",-0.30800632308914666,24.650837988826815,Very Stable (Top 25%)
54009,"Brooke County, West Virginia",-0.569121146287553,2.863128491620112,Most Stable (Top 10%)
36091,"Saratoga County, New York",-0.20551410304559026,36.13826815642458,Moderate Stability
54063,"Monroe County, West Virginia",-0.21411112658320833,35.26536312849162,Moderate Stability
46123,"Tripp County, South Dakota",-0.07538331708132803,51.36173184357542,Moderate Stability
30045,NA,NA,NA,Insufficient Data
04012,"La Paz County, Arizona",0.4257537601403563,85.7891061452514,Less Stable (Bottom 25%)
05091,"Miller County, Arkansas",-0.47907650878389035,7.5418994413407825,Most Stable (Top 10%)
23025,"Somerset County, Maine",-0.3827403156770099,16.0963687150838,Very Stable (Top 25%)
49043,"Summit County, Utah",0.2800336477350098,78.84078212290503,Less Stable (Bottom 25%)
30039,NA,NA,NA,Insufficient Data
48077,"Clay County, Texas",0.12933253763033697,69.58798882681563,Moderate Stability
01009,"Blount County, Alabama",-0.3266304228983173,21.85754189944134,Very Stable (Top 25%)
13311,"White County, Georgia",0.3244360409139994,81.04050279329608,Less Stable (Bottom 25%)
19015,"Boone County, Iowa",-0.24620797664792776,31.808659217877093,Moderate Stability
21081,"Grant County, Kentucky",-0.15886791252434712,41.0963687150838,Moderate Stability
27109,"Olmsted County, Minnesota",0.10997113706512268,68.05167597765363,Moderate Stability
36097,"Schuyler County, New York",-0.4903959491898501,6.6689944134078205,Most Stable (Top 10%)
39069,"Henry County, Ohio",-0.39362471295178875,14.804469273743019,Very Stable (Top 25%)
48305,"Lynn County, Texas",0.101719313394453,67.4231843575419,Moderate Stability
01129,"Washington County, Alabama",-0.008790354628924354,58.31005586592178,Moderate Stability
28147,"Walthall County, Mississippi",0.31609409029015334,80.72625698324022,Less Stable (Bottom 25%)
53059,"Skamania County, Washington",0.5971829466562574,90.78212290502793,Least Stable (Bottom 10%)
36123,"Yates County, New York",-0.46059945763397725,8.449720670391061,Most Stable (Top 10%)
21203,"Rockcastle County, Kentucky",-0.43119160963243613,10.858938547486034,Very Stable (Top 25%)
20177,"Shawnee County, Kansas",-0.42334870955271087,11.243016759776536,Very Stable (Top 25%)
29169,"Pulaski County, Missouri",-0.09668294862673645,48.77793296089386,Moderate Stability
39167,"Washington County, Ohio",-0.5089275885461222,5.237430167597766,Most Stable (Top 10%)
08009,NA,NA,NA,Insufficient Data
20025,NA,NA,NA,Insufficient Data
17079,"Jasper County, Illinois",-0.34676153124124504,19.48324022346369,Very Stable (Top 25%)
20093,NA,NA,NA,Insufficient Data
35033,NA,NA,NA,Insufficient Data
48457,"Tyler County, Texas",-0.3066809926649982,24.825418994413408,Very Stable (Top 25%)
40003,"Alfalfa County, Oklahoma",0.09444095697439986,66.65502793296089,Moderate Stability
21003,"Allen County, Kentucky",-0.06346461386282806,52.86312849162012,Moderate Stability
38027,NA,NA,NA,Insufficient Data
47087,"Jackson County, Tennessee",0.13748453196822702,69.97206703910615,Moderate Stability
48405,"San Augustine County, Texas",0.5644918052403345,90.01396648044692,Least Stable (Bottom 10%)
01059,"Franklin County, Alabama",0.24643126220280673,77.19972067039106,Less Stable (Bottom 25%)
29167,"Polk County, Missouri",-0.0672598105859057,52.12988826815642,Moderate Stability
39131,"Pike County, Ohio",-0.1321295451676595,44.44832402234637,Moderate Stability
51057,"Essex County, Virginia",0.047148630513114916,63.687150837988824,Moderate Stability
48495,"Winkler County, Texas",0.7756797247732851,94.58798882681563,Least Stable (Bottom 10%)
42005,"Armstrong County, Pennsylvania",-0.4169657536963625,11.766759776536313,Very Stable (Top 25%)
29205,"Shelby County, Missouri",-0.258271356813525,30.272346368715088,Moderate Stability
37039,"Cherokee County, North Carolina",-0.07770486098976882,51.012569832402235,Moderate Stability
01119,"Sumter County, Alabama",0.12090516820307869,68.78491620111731,Moderate Stability
51091,NA,NA,NA,Insufficient Data
29171,NA,NA,NA,Insufficient Data
30085,"Roosevelt County, Montana",0.19777435597879503,73.84776536312849,Moderate Stability
42087,"Mifflin County, Pennsylvania",-0.6523394352661405,0.8729050279329609,Most Stable (Top 10%)
37001,"Alamance County, North Carolina",0.19756541909740505,73.81284916201118,Moderate Stability
27067,"Kandiyohi County, Minnesota",0.23155334269073927,76.25698324022346,Less Stable (Bottom 25%)
56027,NA,NA,NA,Insufficient Data
48365,"Panola County, Texas",-0.10027292827602406,48.358938547486034,Moderate Stability
05051,"Garland County, Arkansas",-0.235592266761371,32.960893854748605,Moderate Stability
05055,"Greene County, Arkansas",-0.4078085331928523,12.70949720670391,Very Stable (Top 25%)
47143,"Rhea County, Tennessee",0.21840191923927443,75.24441340782123,Less Stable (Bottom 25%)
26105,"Mason County, Michigan",-0.28681182640839975,27.129888268156428,Moderate Stability
21233,"Webster County, Kentucky",-0.4466428164452801,9.497206703910614,Most Stable (Top 10%)
55089,"Ozaukee County, Wisconsin",-0.49127033477786985,6.599162011173185,Most Stable (Top 10%)
22055,"Lafayette Parish, Louisiana",-0.21795238774758185,34.56703910614525,Moderate Stability
38039,NA,NA,NA,Insufficient Data
48409,"San Patricio County, Texas",-0.17771600053666028,38.96648044692738,Moderate Stability
39049,"Franklin County, Ohio",0.21754905560881135,75.13966480446928,Less Stable (Bottom 25%)
48463,"Uvalde County, Texas",0.45157506082839594,86.90642458100558,Less Stable (Bottom 25%)
18025,"Crawford County, Indiana",-0.3204121307201655,22.800279329608937,Very Stable (Top 25%)
26099,"Macomb County, Michigan",-0.12414762400890036,45.460893854748605,Moderate Stability
38049,"McHenry County, North Dakota",-0.13017283786485032,44.622905027932966,Moderate Stability
45045,"Greenville County, South Carolina",0.37415589419836043,83.55446927374301,Less Stable (Bottom 25%)
12043,"Glades County, Florida",0.8076139660431255,95.11173184357543,Least Stable (Bottom 10%)
17017,"Cass County, Illinois",0.20973781000892786,74.54608938547486,Moderate Stability
20009,"Barton County, Kansas",-0.18500090360364457,38.23324022346369,Moderate Stability
26075,"Jackson County, Michigan",-0.31997820908347474,22.939944134078214,Very Stable (Top 25%)
31149,NA,NA,NA,Insufficient Data
53027,"Grays Harbor County, Washington",-0.028773998576852828,56.21508379888268,Moderate Stability
13027,"Brooks County, Georgia",0.03264957761285322,62.46508379888268,Moderate Stability
55071,"Manitowoc County, Wisconsin",-0.3242310913952361,22.206703910614525,Very Stable (Top 25%)
30035,"Glacier County, Montana",0.002602268330749009,59.25279329608939,Moderate Stability
13107,"Emanuel County, Georgia",0.36455176098364545,82.99581005586593,Less Stable (Bottom 25%)
42033,"Clearfield County, Pennsylvania",-0.40187466057030596,13.652234636871508,Very Stable (Top 25%)
24029,"Kent County, Maryland",-0.014921657297753145,57.71648044692738,Moderate Stability
47015,"Cannon County, Tennessee",0.003316710818300462,59.322625698324025,Moderate Stability
37135,"Orange County, North Carolina",0.1966009695283969,73.6731843575419,Moderate Stability
48439,"Tarrant County, Texas",0.3843431903565078,83.93854748603353,Less Stable (Bottom 25%)
17055,"Franklin County, Illinois",-0.31575950404551434,23.498603351955307,Very Stable (Top 25%)
18121,"Parke County, Indiana",-0.5252554077786715,4.329608938547486,Most Stable (Top 10%)
19047,"Crawford County, Iowa",0.38659341176947426,84.00837988826815,Less Stable (Bottom 25%)
48243,NA,NA,NA,Insufficient Data
13279,"Toombs County, Georgia",0.019463763358931373,61.1731843575419,Moderate Stability
54017,"Doddridge County, West Virginia",0.07273504413626554,65.04888268156425,Moderate Stability
19087,"Henry County, Iowa",-0.4053650792705759,13.16340782122905,Very Stable (Top 25%)
13293,"Upson County, Georgia",-0.11185920262927475,46.752793296089386,Moderate Stability
47185,"White County, Tennessee",-0.12106704109713953,45.91480446927375,Moderate Stability
20127,"Morris County, Kansas",0.2404930699570818,76.78072625698324,Less Stable (Bottom 25%)
48379,"Rains County, Texas",0.1520806893437776,70.94972067039106,Moderate Stability
48397,"Rockwall County, Texas",0.9605191366429887,96.9622905027933,Least Stable (Bottom 10%)
48477,"Washington County, Texas",0.07362413726777771,65.11871508379889,Moderate Stability
40091,"McIntosh County, Oklahoma",-0.40031322588406215,13.89664804469274,Very Stable (Top 25%)
49031,NA,NA,NA,Insufficient Data
51053,"Dinwiddie County, Virginia",-0.010860802610049344,58.06564245810056,Moderate Stability
08007,"Archuleta County, Colorado",0.1235944484122353,69.20391061452514,Moderate Stability
37035,"Catawba County, North Carolina",-0.23156906216553105,33.27513966480447,Moderate Stability
38087,NA,NA,NA,Insufficient Data
28065,"Jefferson Davis County, Mississippi",-0.06563244699959053,52.374301675977655,Moderate Stability
55119,"Taylor County, Wisconsin",-0.16116029836677745,40.712290502793294,Moderate Stability
48009,"Archer County, Texas",-0.57407464844447,2.7583798882681565,Most Stable (Top 10%)
13155,"Irwin County, Georgia",-0.10593451902870818,47.7304469273743,Moderate Stability
48065,"Carson County, Texas",-0.48842210525806057,6.808659217877095,Most Stable (Top 10%)
20145,"Pawnee County, Kansas",0.19715752077875134,73.74301675977654,Moderate Stability
18001,"Adams County, Indiana",-0.3049022516648142,25,Very Stable (Top 25%)
34029,"Ocean County, New Jersey",-0.19286879813149038,37.46508379888268,Moderate Stability
22033,"East Baton Rouge Parish, Louisiana",-0.49948747603630955,5.970670391061453,Most Stable (Top 10%)
26091,"Lenawee County, Michigan",-0.42634073139923595,11.033519553072626,Very Stable (Top 25%)
19009,"Audubon County, Iowa",-0.3407575756802033,20.321229050279328,Very Stable (Top 25%)
26049,"Genesee County, Michigan",-0.10945398458592606,47.06703910614525,Moderate Stability
27075,"Lake County, Minnesota",-0.24863989646471385,31.52932960893855,Moderate Stability
13303,"Washington County, Georgia",0.33555466605139844,81.73882681564247,Less Stable (Bottom 25%)
32005,"Douglas County, Nevada",0.41208461331408414,85.12569832402235,Less Stable (Bottom 25%)
16061,NA,NA,NA,Insufficient Data
22027,"Claiborne Parish, Louisiana",0.13996758698740971,70.32122905027933,Moderate Stability
50019,"Orleans County, Vermont",-0.1191263865576453,46.124301675977655,Moderate Stability
41035,"Klamath County, Oregon",-0.17422160748767637,39.350558659217874,Moderate Stability
26103,"Marquette County, Michigan",-0.36685946303407935,17.493016759776538,Very Stable (Top 25%)
08121,NA,NA,NA,Insufficient Data
42089,"Monroe County, Pennsylvania",0.02235320012743353,61.522346368715084,Moderate Stability
28009,"Benton County, Mississippi",0.7514552668958687,94.34357541899442,Least Stable (Bottom 10%)
31161,"Sheridan County, Nebraska",-0.28691964856383656,27.06005586592179,Moderate Stability
37173,"Swain County, North Carolina",0.37468373424030577,83.62430167597765,Less Stable (Bottom 25%)
31029,NA,NA,NA,Insufficient Data
22015,"Bossier Parish, Louisiana",-0.29494747691962686,26.222067039106143,Moderate Stability
53049,"Pacific County, Washington",0.6807325045117065,93.08659217877096,Least Stable (Bottom 10%)
17123,"Marshall County, Illinois",-0.5850147389295075,2.1298882681564244,Most Stable (Top 10%)
47075,"Haywood County, Tennessee",-0.30363934037643026,25.06983240223464,Moderate Stability
47105,"Loudon County, Tennessee",0.44071800109106174,86.41759776536313,Less Stable (Bottom 25%)
20053,"Ellsworth County, Kansas",-0.3818226339851,16.201117318435752,Very Stable (Top 25%)
55051,"Iron County, Wisconsin",0.1689931506480587,71.7877094972067,Moderate Stability
18109,"Morgan County, Indiana",-0.07421130451436854,51.5013966480447,Moderate Stability
51770,"Roanoke city, Virginia",-0.2768677196035856,28.07262569832402,Moderate Stability
48419,"Shelby County, Texas",0.11880702604765833,68.68016759776536,Moderate Stability
16011,"Bingham County, Idaho",0.10380019830516608,67.66759776536313,Moderate Stability
05049,"Fulton County, Arkansas",0.0287484543806108,62.04608938547486,Moderate Stability
22065,"Madison Parish, Louisiana",0.38354308067380194,83.83379888268156,Less Stable (Bottom 25%)
08119,"Teller County, Colorado",0.009827292170189154,60.30027932960894,Moderate Stability
40017,"Canadian County, Oklahoma",0.5047830742662103,88.33798882681563,Less Stable (Bottom 25%)
51047,"Culpeper County, Virginia",0.15404179392197415,71.05446927374301,Moderate Stability
40077,"Latimer County, Oklahoma",-0.34602638745031855,19.622905027932962,Very Stable (Top 25%)
26079,"Kalkaska County, Michigan",-0.0269050420086572,56.70391061452514,Moderate Stability
12053,"Hernando County, Florida",0.4536602891062662,87.01117318435753,Less Stable (Bottom 25%)
28157,"Wilkinson County, Mississippi",0.5380555874865779,89.3854748603352,Less Stable (Bottom 25%)
40107,"Okfuskee County, Oklahoma",-0.30005832475444305,25.523743016759777,Moderate Stability
55078,NA,NA,NA,Insufficient Data
39097,"Madison County, Ohio",-0.13302579906857914,44.30865921787709,Moderate Stability
26129,"Ogemaw County, Michigan",-0.20992296380768,35.719273743016764,Moderate Stability
29157,"Perry County, Missouri",-0.6806058932005806,0.5586592178770949,Most Stable (Top 10%)
48135,"Ector County, Texas",0.672610722382795,92.87709497206704,Least Stable (Bottom 10%)
12051,"Hendry County, Florida",0.53444107606948,89.28072625698324,Less Stable (Bottom 25%)
28067,"Jones County, Mississippi",-0.3906931825889727,15.188547486033519,Very Stable (Top 25%)
34035,"Somerset County, New Jersey",0.02737229165535451,61.9413407821229,Moderate Stability
17111,"McHenry County, Illinois",-0.322391984055976,22.55586592178771,Very Stable (Top 25%)
19091,"Humboldt County, Iowa",-0.3960412012617197,14.420391061452515,Very Stable (Top 25%)
37015,"Bertie County, North Carolina",0.10627230626471908,67.70251396648045,Moderate Stability
19103,"Johnson County, Iowa",-0.10841365654045496,47.27653631284916,Moderate Stability
47007,"Bledsoe County, Tennessee",0.08558990378326112,65.99162011173185,Moderate Stability
45069,"Marlboro County, South Carolina",-0.06799329308212934,52.06005586592178,Moderate Stability
26071,"Iron County, Michigan",-0.5019472675108286,5.726256983240224,Most Stable (Top 10%)
27055,"Houston County, Minnesota",-0.3505694648154855,18.959497206703908,Very Stable (Top 25%)
27169,"Winona County, Minnesota",-0.27378713976424157,28.631284916201118,Moderate Stability
05129,"Searcy County, Arkansas",-0.10689600370631035,47.590782122905026,Moderate Stability
37041,"Chowan County, North Carolina",0.32046969173711415,80.79608938547486,Less Stable (Bottom 25%)
29035,"Carter County, Missouri",0.18926255478813084,73.2891061452514,Moderate Stability
05005,"Baxter County, Arkansas",-0.5391438274866116,3.9804469273743015,Most Stable (Top 10%)
34027,"Morris County, New Jersey",-0.29291769738815215,26.501396648044697,Moderate Stability
40137,"Stephens County, Oklahoma",-0.35588281724004767,18.470670391061454,Very Stable (Top 25%)
29187,"St. Francois County, Missouri",-0.29015179686306347,26.78072625698324,Moderate Stability
26077,"Kalamazoo County, Michigan",-0.12743119526813101,45.14664804469274,Moderate Stability
37171,"Surry County, North Carolina",-0.26968460055353904,29.085195530726253,Moderate Stability
18071,"Jackson County, Indiana",0.02299265654230869,61.59217877094972,Moderate Stability
51036,"Charles City County, Virginia",0.43215542170067334,86.13826815642457,Less Stable (Bottom 25%)
21177,"Muhlenberg County, Kentucky",-0.04011422185013966,55.272346368715084,Moderate Stability
37195,"Wilson County, North Carolina",-0.28530787222983817,27.339385474860332,Moderate Stability
46119,NA,NA,NA,Insufficient Data
41011,"Coos County, Oregon",-0.25657995068072237,30.481843575418992,Moderate Stability
54089,"Summers County, West Virginia",-0.06627916112307353,52.23463687150838,Moderate Stability
26127,"Oceana County, Michigan",0.1593159472542342,71.29888268156425,Moderate Stability
27051,"Grant County, Minnesota",-0.5134436625228602,4.993016759776536,Most Stable (Top 10%)
19019,"Buchanan County, Iowa",-0.7137222590897502,0.27932960893854747,Most Stable (Top 10%)
22119,"Webster Parish, Louisiana",-0.13279046784126922,44.34357541899441,Moderate Stability
19037,"Chickasaw County, Iowa",-0.12944521768930378,44.762569832402235,Moderate Stability
17193,"White County, Illinois",-0.5848256843792046,2.164804469273743,Most Stable (Top 10%)
48133,"Eastland County, Texas",0.07896942206017098,65.5377094972067,Moderate Stability
21109,"Jackson County, Kentucky",0.23624099481814476,76.50139664804469,Less Stable (Bottom 25%)
08065,"Lake County, Colorado",1.0018424545887503,97.38128491620111,Least Stable (Bottom 10%)
48417,NA,NA,NA,Insufficient Data
48257,"Kaufman County, Texas",1.7913354977112415,99.6159217877095,Least Stable (Bottom 10%)
48203,"Harrison County, Texas",-0.13783079816618482,43.68016759776536,Moderate Stability
36023,"Cortland County, New York",-0.5659985443956109,2.967877094972067,Most Stable (Top 10%)
31071,NA,NA,NA,Insufficient Data
22097,"St. Landry Parish, Louisiana",-0.6810575628846096,0.5237430167597765,Most Stable (Top 10%)
36105,"Sullivan County, New York",0.1280925781336596,69.51815642458101,Moderate Stability
51680,"Lynchburg city, Virginia",0.0695165781906367,64.94413407821229,Moderate Stability
06075,"San Francisco County, California",0.17351664508042558,72.06703910614524,Moderate Stability
20181,"Sherman County, Kansas",0.8601249652729296,95.87988826815642,Least Stable (Bottom 10%)
39147,"Seneca County, Ohio",-0.2375221683892682,32.64664804469274,Moderate Stability
17203,"Woodford County, Illinois",-0.5793485163996402,2.4441340782122905,Most Stable (Top 10%)
48481,"Wharton County, Texas",0.049912651971557406,63.96648044692738,Moderate Stability
29177,"Ray County, Missouri",-0.36302254220793984,17.807262569832403,Very Stable (Top 25%)
51678,NA,NA,NA,Insufficient Data
05003,"Ashley County, Arkansas",0.006551759851256863,59.8463687150838,Moderate Stability
54033,"Harrison County, West Virginia",-0.6014032626028317,1.6410614525139664,Most Stable (Top 10%)
55077,"Marquette County, Wisconsin",-0.4732399968514209,7.8910614525139655,Most Stable (Top 10%)
05007,"Benton County, Arkansas",0.5825107799703658,90.39804469273743,Least Stable (Bottom 10%)
29091,"Howell County, Missouri",-0.5246338452416576,4.399441340782123,Most Stable (Top 10%)
12095,"Orange County, Florida",0.9961439456137698,97.27653631284916,Least Stable (Bottom 10%)
18041,"Fayette County, Indiana",0.028152125885467356,62.01117318435754,Moderate Stability
40027,"Cleveland County, Oklahoma",-0.052532369731609206,53.840782122905026,Moderate Stability
29183,"St. Charles County, Missouri",-0.055711546213951836,53.56145251396648,Moderate Stability
48185,"Grimes County, Texas",0.4799495744840309,87.81424581005587,Less Stable (Bottom 25%)
21119,"Knott County, Kentucky",0.22905426092358797,76.11731843575419,Less Stable (Bottom 25%)
20111,"Lyon County, Kansas",-0.10541870925412077,47.83519553072625,Moderate Stability
47167,"Tipton County, Tennessee",-0.2949638601442302,26.187150837988828,Moderate Stability
21013,"Bell County, Kentucky",-0.01858589622667943,57.50698324022346,Moderate Stability
45001,"Abbeville County, South Carolina",0.42287693534039555,85.75418994413407,Less Stable (Bottom 25%)
40093,"Major County, Oklahoma",-0.21675210049895638,34.88128491620112,Moderate Stability
46025,NA,NA,NA,Insufficient Data
46135,"Yankton County, South Dakota",-0.20114669714289965,36.69692737430167,Moderate Stability
01103,"Morgan County, Alabama",0.015995406754158996,60.824022346368714,Moderate Stability
39009,"Athens County, Ohio",0.14183516579581049,70.56564245810057,Moderate Stability
28021,"Claiborne County, Mississippi",0.06200785577597581,64.66480446927375,Moderate Stability
13131,"Grady County, Georgia",0.8646270153358524,95.98463687150837,Least Stable (Bottom 10%)
29111,"Lewis County, Missouri",-0.4349859474578218,10.370111731843576,Very Stable (Top 25%)
28153,"Wayne County, Mississippi",0.2997591141489805,79.99301675977654,Less Stable (Bottom 25%)
39037,"Darke County, Ohio",-0.38598616427796084,15.712290502793296,Very Stable (Top 25%)
30073,"Pondera County, Montana",-0.43247214986018945,10.719273743016759,Very Stable (Top 25%)
20159,"Rice County, Kansas",-0.16728969022982687,40.048882681564244,Moderate Stability
41027,"Hood River County, Oregon",0.26106716318127093,78.0027932960894,Less Stable (Bottom 25%)
42041,"Cumberland County, Pennsylvania",-0.12466565484388933,45.391061452513966,Moderate Stability
21123,"Larue County, Kentucky",-0.24110337913789653,32.297486033519554,Moderate Stability
42061,"Huntingdon County, Pennsylvania",-0.24595110660040406,31.843575418994412,Moderate Stability
55081,"Monroe County, Wisconsin",-0.2982372816951892,25.66340782122905,Moderate Stability
19113,"Linn County, Iowa",-0.26742569835209407,29.294692737430168,Moderate Stability
17179,"Tazewell County, Illinois",-0.6183022589056321,1.2220670391061452,Most Stable (Top 10%)
05099,"Nevada County, Arkansas",0.3390806793810817,81.94832402234637,Less Stable (Bottom 25%)
13019,"Berrien County, Georgia",0.39343225739214627,84.2527932960894,Less Stable (Bottom 25%)
22063,"Livingston Parish, Louisiana",-3.6270727477176576e-4,59.0782122905028,Moderate Stability
47045,"Dyer County, Tennessee",-0.5648350909730547,3.037709497206704,Most Stable (Top 10%)
46079,"Lake County, South Dakota",-0.0746340099570269,51.46648044692738,Moderate Stability
45023,"Chester County, South Carolina",0.00941168524413741,60.2304469273743,Moderate Stability
46047,"Fall River County, South Dakota",-0.009244446664717448,58.205307262569825,Moderate Stability
47083,"Houston County, Tennessee",0.048807963586948395,63.89664804469274,Moderate Stability
45043,"Georgetown County, South Carolina",0.6270603741432837,91.58519553072625,Least Stable (Bottom 10%)
49009,NA,NA,NA,Insufficient Data
47135,"Perry County, Tennessee",0.47267862096479374,87.56983240223464,Less Stable (Bottom 25%)
47161,"Stewart County, Tennessee",0.13913762449888017,70.28631284916202,Moderate Stability
36049,"Lewis County, New York",-0.3366797030825607,20.600558659217878,Very Stable (Top 25%)
12085,"Martin County, Florida",0.2040216736988626,74.23184357541899,Moderate Stability
21077,"Gallatin County, Kentucky",-0.21955634648183806,34.427374301675975,Moderate Stability
12047,"Hamilton County, Florida",0.17698326405507472,72.38128491620111,Moderate Stability
05071,"Johnson County, Arkansas",-0.2690628897063349,29.22486033519553,Moderate Stability
19039,"Clarke County, Iowa",0.1719649956915468,71.9622905027933,Moderate Stability
27153,"Todd County, Minnesota",-0.3730713596057586,16.96927374301676,Very Stable (Top 25%)
31115,NA,NA,NA,Insufficient Data
46045,NA,NA,NA,Insufficient Data
47107,"McMinn County, Tennessee",-0.2527403501450477,30.90083798882682,Moderate Stability
51169,"Scott County, Virginia",-0.4278802283679016,10.998603351955309,Very Stable (Top 25%)
37023,"Burke County, North Carolina",-0.043662121943986096,54.95810055865922,Moderate Stability
27063,"Jackson County, Minnesota",-0.3357242216106013,20.74022346368715,Very Stable (Top 25%)
48101,NA,NA,NA,Insufficient Data
45021,"Cherokee County, South Carolina",-0.19378884556637477,37.325418994413404,Moderate Stability
45061,"Lee County, South Carolina",-0.04098585427269988,55.167597765363126,Moderate Stability
16063,"Lincoln County, Idaho",0.4187368400842871,85.47486033519553,Less Stable (Bottom 25%)
08071,"Las Animas County, Colorado",-0.22572794450188868,33.9036312849162,Moderate Stability
19195,"Worth County, Iowa",-0.2471832907224753,31.66899441340782,Moderate Stability
29037,"Cass County, Missouri",-0.1755016879636151,39.175977653631286,Moderate Stability
39005,"Ashland County, Ohio",-0.06056945569302244,53.072625698324025,Moderate Stability
38097,"Traill County, North Dakota",-0.3116816372384181,24.057262569832403,Very Stable (Top 25%)
08059,"Jefferson County, Colorado",-0.08552580571631722,50.174581005586596,Moderate Stability
17039,"De Witt County, Illinois",-0.3981659332172506,14.175977653631286,Very Stable (Top 25%)
37191,"Wayne County, North Carolina",-0.2142877254797656,35.19553072625698,Moderate Stability
45059,"Laurens County, South Carolina",-0.1431403871930079,43.19134078212291,Moderate Stability
45077,"Pickens County, South Carolina",-0.11120260288716717,46.822625698324025,Moderate Stability
51093,"Isle of Wight County, Virginia",-0.13206431293129625,44.48324022346369,Moderate Stability
30093,"Silver Bow County, Montana",-0.10623160489195042,47.660614525139664,Moderate Stability
29033,"Carroll County, Missouri",0.029803536586328463,62.08100558659218,Moderate Stability
50011,"Franklin County, Vermont",-0.5097631879992766,5.167597765363128,Most Stable (Top 10%)
29131,"Miller County, Missouri",-0.08811268626765495,49.755586592178766,Moderate Stability
51790,"Staunton city, Virginia",-0.15025093324467842,42.213687150837984,Moderate Stability
26069,"Iosco County, Michigan",-0.47594224459359313,7.786312849162011,Most Stable (Top 10%)
28131,"Stone County, Mississippi",-0.16272247714943283,40.39804469273743,Moderate Stability
13073,"Columbia County, Georgia",-0.02154866498270915,57.227653631284916,Moderate Stability
35035,"Otero County, New Mexico",0.01956897535441728,61.27793296089386,Moderate Stability
06069,"San Benito County, California",0.9370007604178026,96.7527932960894,Least Stable (Bottom 10%)
21005,"Anderson County, Kentucky",-0.003526523670388757,58.729050279329606,Moderate Stability
36019,"Clinton County, New York",-0.4512620037980187,9.008379888268156,Most Stable (Top 10%)
13219,"Oconee County, Georgia",1.045743887187022,97.7304469273743,Least Stable (Bottom 10%)
19121,"Madison County, Iowa",0.0893144086728667,66.34078212290503,Moderate Stability
18043,"Floyd County, Indiana",-0.10287253574408459,47.97486033519553,Moderate Stability
22079,"Rapides Parish, Louisiana",-0.45898261763047693,8.554469273743017,Most Stable (Top 10%)
17063,"Grundy County, Illinois",-0.09205229826292746,49.37150837988827,Moderate Stability
05085,"Lonoke County, Arkansas",-0.3903156355351118,15.223463687150836,Very Stable (Top 25%)
21061,"Edmonson County, Kentucky",-0.3557679019983163,18.505586592178773,Very Stable (Top 25%)
31079,"Hall County, Nebraska",0.41670404794849314,85.33519553072625,Less Stable (Bottom 25%)
37163,"Sampson County, North Carolina",0.1925750345663235,73.49860335195531,Moderate Stability
47049,"Fentress County, Tennessee",0.17790793620320391,72.45111731843575,Moderate Stability
51037,"Charlotte County, Virginia",0.008045978126946737,60.055865921787714,Moderate Stability
13239,NA,NA,NA,Insufficient Data
36109,"Tompkins County, New York",-0.12283034274023742,45.565642458100555,Moderate Stability
47041,"DeKalb County, Tennessee",-0.04319391449551492,54.99301675977654,Moderate Stability
18021,"Clay County, Indiana",-0.25289301513402845,30.8659217877095,Moderate Stability
17027,"Clinton County, Illinois",-0.4207604160148221,11.487430167597765,Very Stable (Top 25%)
29071,"Franklin County, Missouri",-0.20475756216948884,36.20810055865922,Moderate Stability
20135,NA,NA,NA,Insufficient Data
18119,"Owen County, Indiana",-0.3896299113071792,15.258379888268156,Very Stable (Top 25%)
17097,"Lake County, Illinois",-0.10315104297811208,47.93994413407821,Moderate Stability
29121,"Macon County, Missouri",-0.0335525279110295,55.83100558659218,Moderate Stability
29135,"Moniteau County, Missouri",-0.36050573556041954,18.08659217877095,Very Stable (Top 25%)
22061,"Lincoln Parish, Louisiana",-0.13590179958199172,43.959497206703915,Moderate Stability
47119,"Maury County, Tennessee",0.8576823150846846,95.84497206703911,Least Stable (Bottom 10%)
49011,"Davis County, Utah",0.018199714451666547,61.03351955307262,Moderate Stability
53003,"Asotin County, Washington",-0.025991295327798074,56.84357541899442,Moderate Stability
26153,"Schoolcraft County, Michigan",0.3099992279619724,80.48184357541899,Less Stable (Bottom 25%)
21183,"Ohio County, Kentucky",-0.10765110365003294,47.451117318435756,Moderate Stability
37097,"Iredell County, North Carolina",0.4106862862923584,85.05586592178771,Less Stable (Bottom 25%)
48147,"Fannin County, Texas",0.033729973482151794,62.56983240223464,Moderate Stability
46077,"Kingsbury County, South Dakota",-0.18228785059197752,38.512569832402235,Moderate Stability
48483,NA,NA,NA,Insufficient Data
51029,"Buckingham County, Virginia",0.13796431871256848,70.04189944134079,Moderate Stability
48107,"Crosby County, Texas",0.6538350658627932,92.24860335195531,Least Stable (Bottom 10%)
21075,"Fulton County, Kentucky",0.0052870906632763595,59.601955307262564,Moderate Stability
37123,"Montgomery County, North Carolina",0.7847044677867978,94.6927374301676,Least Stable (Bottom 10%)
19067,"Floyd County, Iowa",-0.047718673141882495,54.46927374301676,Moderate Stability
42023,NA,NA,NA,Insufficient Data
27101,"Murray County, Minnesota",-0.2421640488841474,32.262569832402235,Moderate Stability
01005,"Barbour County, Alabama",-0.2517313736474115,31.21508379888268,Moderate Stability
30109,NA,NA,NA,Insufficient Data
39099,"Mahoning County, Ohio",-0.36823650214989034,17.318435754189945,Very Stable (Top 25%)
08037,"Eagle County, Colorado",-0.11725568703948944,46.263966480446925,Moderate Stability
13169,"Jones County, Georgia",-0.4466878620340601,9.462290502793296,Most Stable (Top 10%)
21099,"Hart County, Kentucky",-0.3145642372145157,23.63826815642458,Very Stable (Top 25%)
31159,"Seward County, Nebraska",-0.48270167690286014,7.192737430167598,Most Stable (Top 10%)
42093,"Montour County, Pennsylvania",-0.033783897851068154,55.72625698324022,Moderate Stability
27105,"Nobles County, Minnesota",0.5807963884097018,90.29329608938548,Least Stable (Bottom 10%)
42099,"Perry County, Pennsylvania",-0.44788459671800906,9.39245810055866,Most Stable (Top 10%)
05023,"Cleburne County, Arkansas",-0.32272378927451884,22.52094972067039,Very Stable (Top 25%)
05027,"Columbia County, Arkansas",-0.19273542117629353,37.53491620111732,Moderate Stability
05029,"Conway County, Arkansas",-0.21562885742076746,35.055865921787714,Moderate Stability
31165,NA,NA,NA,Insufficient Data
37111,"McDowell County, North Carolina",0.010868147177241357,60.43994413407822,Moderate Stability
11001,"District of Columbia, District of Columbia",0.3333114433123273,81.59916201117319,Less Stable (Bottom 25%)
12027,"DeSoto County, Florida",0.16444726197057952,71.43854748603353,Moderate Stability
13089,"DeKalb County, Georgia",0.1411725733663529,70.49581005586593,Moderate Stability
47181,"Wayne County, Tennessee",0.22063335882263607,75.3840782122905,Less Stable (Bottom 25%)
20075,NA,NA,NA,Insufficient Data
28033,"DeSoto County, Mississippi",0.5448881724052702,89.66480446927375,Less Stable (Bottom 25%)
47065,"Hamilton County, Tennessee",0.08585877454144261,66.02653631284916,Moderate Stability
16047,"Gooding County, Idaho",0.4356956607648466,86.24301675977654,Less Stable (Bottom 25%)
36039,"Greene County, New York",0.04861847752895676,63.79189944134078,Moderate Stability
31121,"Merrick County, Nebraska",-0.33746049580030313,20.56564245810056,Very Stable (Top 25%)
50025,"Windham County, Vermont",-0.5551043130444143,3.3170391061452515,Most Stable (Top 10%)
38031,NA,NA,NA,Insufficient Data
27097,"Morrison County, Minnesota",-0.5771219566448231,2.5139664804469275,Most Stable (Top 10%)
13267,"Tattnall County, Georgia",0.17217405266463004,71.9972067039106,Moderate Stability
13167,"Johnson County, Georgia",-0.20845724087603124,35.89385474860335,Moderate Stability
13015,"Bartow County, Georgia",0.3294410286333123,81.49441340782123,Less Stable (Bottom 25%)
01011,"Bullock County, Alabama",0.8817473914089136,96.08938547486034,Least Stable (Bottom 10%)
51021,"Bland County, Virginia",-0.004283429999169556,58.589385474860336,Moderate Stability
48031,"Blanco County, Texas",0.26432055327715254,78.2122905027933,Less Stable (Bottom 25%)
51690,"Martinsville city, Virginia",0.1088092560227837,67.94692737430168,Moderate Stability
51085,"Hanover County, Virginia",-0.1797304836218464,38.72206703910614,Moderate Stability
21035,"Calloway County, Kentucky",-0.3165265739139103,23.324022346368714,Very Stable (Top 25%)
27061,"Itasca County, Minnesota",-0.5000173961492638,5.865921787709497,Most Stable (Top 10%)
08083,"Montezuma County, Colorado",-0.050384404267702375,54.08519553072626,Moderate Stability
21185,"Oldham County, Kentucky",-0.29293289369263636,26.466480446927378,Moderate Stability
17011,"Bureau County, Illinois",-0.38534547803782676,15.782122905027931,Very Stable (Top 25%)
40037,"Creek County, Oklahoma",-0.44616879383364644,9.567039106145252,Most Stable (Top 10%)
48269,NA,NA,NA,Insufficient Data
40041,"Delaware County, Oklahoma",-0.22934298102668868,33.5195530726257,Moderate Stability
13013,"Barrow County, Georgia",0.8423900686076701,95.53072625698324,Least Stable (Bottom 10%)
39017,"Butler County, Ohio",-0.17420976285005396,39.385474860335194,Moderate Stability
39027,"Clinton County, Ohio",-0.16158365411868145,40.642458100558656,Moderate Stability
13159,"Jasper County, Georgia",0.537382676908132,89.35055865921788,Less Stable (Bottom 25%)
24009,"Calvert County, Maryland",-0.19085828773196353,37.814245810055866,Moderate Stability
21087,"Green County, Kentucky",-0.5284115012350485,4.189944134078212,Most Stable (Top 10%)
51071,"Giles County, Virginia",-0.3381858554196271,20.53072625698324,Very Stable (Top 25%)
54005,"Boone County, West Virginia",-0.15597502625742135,41.62011173184357,Moderate Stability
01079,"Lawrence County, Alabama",-0.32668307278490805,21.82262569832402,Very Stable (Top 25%)
12039,"Gadsden County, Florida",-0.07663498003498231,51.117318435754186,Moderate Stability
13095,"Dougherty County, Georgia",0.18472245244119476,72.90502793296089,Moderate Stability
28113,"Pike County, Mississippi",-0.48725131579352693,6.94832402234637,Most Stable (Top 10%)
50017,"Orange County, Vermont",-0.3908902796953892,15.153631284916202,Very Stable (Top 25%)
39029,"Columbiana County, Ohio",-0.336621720828056,20.635474860335197,Very Stable (Top 25%)
48169,"Garza County, Texas",2.166204529762392,99.89525139664805,Least Stable (Bottom 10%)
48223,"Hopkins County, Texas",0.05420075092632525,64.28072625698324,Moderate Stability
36121,"Wyoming County, New York",-0.3958872349582799,14.52513966480447,Very Stable (Top 25%)
36067,"Onondaga County, New York",-0.5280032216022055,4.2248603351955305,Most Stable (Top 10%)
31083,NA,NA,NA,Insufficient Data
48489,"Willacy County, Texas",0.9533799762620301,96.85754189944134,Least Stable (Bottom 10%)
01113,"Russell County, Alabama",-0.0590132613243711,53.177374301675975,Moderate Stability
19013,"Black Hawk County, Iowa",-0.3663962541047987,17.562849162011172,Very Stable (Top 25%)
26133,"Osceola County, Michigan",0.03134138422991907,62.36033519553072,Moderate Stability
19157,"Poweshiek County, Iowa",-0.8711506939728243,0,Most Stable (Top 10%)
37103,"Jones County, North Carolina",0.39688121769544604,84.4622905027933,Less Stable (Bottom 25%)
48415,"Scurry County, Texas",0.03647757220717959,62.814245810055866,Moderate Stability
51199,"York County, Virginia",-0.252185222054768,31.110335195530723,Moderate Stability
13281,"Towns County, Georgia",0.616804318071411,91.30586592178771,Least Stable (Bottom 10%)
23011,"Kennebec County, Maine",-0.4075378647131372,12.779329608938546,Very Stable (Top 25%)
16023,NA,NA,NA,Insufficient Data
48429,"Stephens County, Texas",0.2899782342085159,79.57402234636871,Less Stable (Bottom 25%)
29159,"Pettis County, Missouri",-0.4053939208045654,13.128491620111731,Very Stable (Top 25%)
30065,NA,NA,NA,Insufficient Data
40129,NA,NA,NA,Insufficient Data
19073,"Greene County, Iowa",-0.5997490565248771,1.7458100558659218,Most Stable (Top 10%)
27015,"Brown County, Minnesota",-0.41765755676567146,11.731843575418994,Very Stable (Top 25%)
21033,"Caldwell County, Kentucky",-0.38076539014233846,16.34078212290503,Very Stable (Top 25%)
46097,NA,NA,NA,Insufficient Data
54001,"Barbour County, West Virginia",-0.3958463480319941,14.560055865921786,Very Stable (Top 25%)
47113,"Madison County, Tennessee",-0.5070722888283126,5.377094972067039,Most Stable (Top 10%)
55117,"Sheboygan County, Wisconsin",-0.4167985857786522,11.80167597765363,Very Stable (Top 25%)
09120,NA,NA,NA,Insufficient Data
26047,"Emmet County, Michigan",-0.37812866576429055,16.620111731843576,Very Stable (Top 25%)
45071,"Newberry County, South Carolina",-0.29210382363242177,26.571229050279328,Moderate Stability
18067,"Howard County, Indiana",-0.28904462737006,26.850558659217878,Moderate Stability
13079,"Crawford County, Georgia",-0.04949840257429662,54.259776536312856,Moderate Stability
36017,"Chenango County, New York",-0.5015398200429604,5.761173184357542,Most Stable (Top 10%)
55079,"Milwaukee County, Wisconsin",-0.08097385580867075,50.69832402234636,Moderate Stability
48265,"Kerr County, Texas",0.07605947060214983,65.25837988826815,Moderate Stability
37065,"Edgecombe County, North Carolina",0.3545124258781061,82.54189944134079,Less Stable (Bottom 25%)
48145,"Falls County, Texas",0.1786402843883636,72.66061452513966,Moderate Stability
01039,"Covington County, Alabama",-0.6356854410354245,0.9427374301675978,Most Stable (Top 10%)
12065,"Jefferson County, Florida",-0.02949140533135214,56.18016759776536,Moderate Stability
48233,"Hutchinson County, Texas",0.3991745147995734,84.53212290502793,Less Stable (Bottom 25%)
12035,"Flagler County, Florida",0.8043134917694921,95.00698324022346,Least Stable (Bottom 10%)
13033,"Burke County, Georgia",0.8433588920956873,95.56564245810057,Least Stable (Bottom 10%)
16009,"Benewah County, Idaho",-0.17913386651660118,38.86173184357542,Moderate Stability
31051,"Dixon County, Nebraska",0.2115811155121453,74.72067039106145,Moderate Stability
13163,"Jefferson County, Georgia",0.8981426061458078,96.22905027932961,Least Stable (Bottom 10%)
36061,"New York County, New York",-0.3187711775625574,23.149441340782122,Very Stable (Top 25%)
27139,"Scott County, Minnesota",0.17834200882572496,72.59078212290503,Moderate Stability
39057,"Greene County, Ohio",-0.36603068139667294,17.63268156424581,Very Stable (Top 25%)
37107,"Lenoir County, North Carolina",-0.3671584041430122,17.45810055865922,Very Stable (Top 25%)
13029,"Bryan County, Georgia",0.9969616245049683,97.31145251396647,Least Stable (Bottom 10%)
01025,"Clarke County, Alabama",0.18805092242502697,73.21927374301676,Moderate Stability
26119,"Montmorency County, Michigan",0.1781009018801803,72.55586592178771,Moderate Stability
28123,"Scott County, Mississippi",-0.09582982340421957,48.917597765363126,Moderate Stability
42025,"Carbon County, Pennsylvania",-0.2623559245890341,29.9231843575419,Moderate Stability
31009,NA,NA,NA,Insufficient Data
20207,NA,NA,NA,Insufficient Data
05089,"Marion County, Arkansas",-0.6322132896751167,0.9776536312849162,Most Stable (Top 10%)
19139,"Muscatine County, Iowa",-0.27394276016379493,28.5963687150838,Moderate Stability
31025,"Cass County, Nebraska",-0.30145590184779814,25.20949720670391,Moderate Stability
05079,"Lincoln County, Arkansas",0.8290311395668516,95.4608938547486,Least Stable (Bottom 10%)
34009,"Cape May County, New Jersey",0.052957785668762636,64.14106145251397,Moderate Stability
17081,"Jefferson County, Illinois",-0.38870156627086305,15.39804469273743,Very Stable (Top 25%)
13205,"Mitchell County, Georgia",-0.16724094251069654,40.08379888268156,Moderate Stability
19003,NA,NA,NA,Insufficient Data
31021,"Burt County, Nebraska",-0.2575482173987326,30.34217877094972,Moderate Stability
17159,"Richland County, Illinois",-0.45737516957882857,8.69413407821229,Most Stable (Top 10%)
01099,"Monroe County, Alabama",0.05569389810550724,64.35055865921788,Moderate Stability
17113,"McLean County, Illinois",-0.5199233512292571,4.67877094972067,Most Stable (Top 10%)
22127,"Winn Parish, Louisiana",0.21126551453922426,74.68575418994413,Moderate Stability
36095,"Schoharie County, New York",-0.08385721746132689,50.41899441340782,Moderate Stability
46005,"Beadle County, South Dakota",0.605751052785317,91.13128491620111,Least Stable (Bottom 10%)
51011,"Appomattox County, Virginia",-0.060906319886162436,53.037709497206706,Moderate Stability
55011,"Buffalo County, Wisconsin",-0.38166827717300283,16.23603351955307,Very Stable (Top 25%)
18073,"Jasper County, Indiana",-0.17967972785232178,38.75698324022346,Moderate Stability
48289,"Leon County, Texas",-0.29034026570057303,26.74581005586592,Moderate Stability
48309,"McLennan County, Texas",0.05649002015868957,64.3854748603352,Moderate Stability
13151,"Henry County, Georgia",0.779048746508561,94.65782122905027,Least Stable (Bottom 10%)
16057,"Latah County, Idaho",0.09574076490782903,66.68994413407822,Moderate Stability
13059,"Clarke County, Georgia",0.3008144606081378,80.06284916201118,Less Stable (Bottom 25%)
19143,"Osceola County, Iowa",-0.2759049037293431,28.247206703910617,Moderate Stability
12101,"Pasco County, Florida",0.6213192659118677,91.44553072625699,Least Stable (Bottom 10%)
21053,"Clinton County, Kentucky",0.03937633325952265,63.0586592178771,Moderate Stability
42049,"Erie County, Pennsylvania",-0.4794666143600515,7.402234636871509,Most Stable (Top 10%)
16077,"Power County, Idaho",0.13671947196953138,69.93715083798882,Moderate Stability
20095,"Kingman County, Kansas",-0.15457696765075687,41.934357541899445,Moderate Stability
31091,NA,NA,NA,Insufficient Data
47177,"Warren County, Tennessee",-0.15581925207532252,41.65502793296089,Moderate Stability
55023,"Crawford County, Wisconsin",-0.38912361276811375,15.328212290502794,Very Stable (Top 25%)
27059,"Isanti County, Minnesota",-0.07404959526747946,51.536312849162016,Moderate Stability
48089,"Colorado County, Texas",0.46464113798943807,87.32541899441341,Less Stable (Bottom 25%)
55005,"Barron County, Wisconsin",-0.27686736569103226,28.10754189944134,Moderate Stability
08025,NA,NA,NA,Insufficient Data
48227,"Howard County, Texas",-0.1973878036117491,36.90642458100559,Moderate Stability
48423,"Smith County, Texas",0.1010802763326599,67.35335195530726,Moderate Stability
46051,"Grant County, South Dakota",-0.29428488164526223,26.36173184357542,Moderate Stability
48247,NA,NA,NA,Insufficient Data
18175,"Washington County, Indiana",-0.2831827961559068,27.47905027932961,Moderate Stability
42011,"Berks County, Pennsylvania",0.03904670380939989,62.98882681564246,Moderate Stability
51530,"Buena Vista city, Virginia",0.631033763305669,91.65502793296089,Least Stable (Bottom 10%)
53069,NA,NA,NA,Insufficient Data
13111,"Fannin County, Georgia",0.7080025909712899,93.61033519553072,Least Stable (Bottom 10%)
18115,"Ohio County, Indiana",-0.09925561064236123,48.463687150837984,Moderate Stability
19051,"Davis County, Iowa",0.253437668265721,77.54888268156425,Less Stable (Bottom 25%)
29213,"Taney County, Missouri",0.23252664339954526,76.36173184357543,Less Stable (Bottom 25%)
48195,"Hansford County, Texas",0.7343689729737164,94.1340782122905,Least Stable (Bottom 10%)
01131,"Wilcox County, Alabama",0.6418777316015419,91.93435754189943,Least Stable (Bottom 10%)
17065,"Hamilton County, Illinois",-0.3012893267834334,25.24441340782123,Moderate Stability
48451,"Tom Green County, Texas",0.32925799671244516,81.45949720670392,Less Stable (Bottom 25%)
39157,"Tuscarawas County, Ohio",-0.40115758326391326,13.756983240223464,Very Stable (Top 25%)
39151,"Stark County, Ohio",-0.5517095493542928,3.3868715083798886,Most Stable (Top 10%)
29207,"Stoddard County, Missouri",-0.489236647589066,6.738826815642458,Most Stable (Top 10%)
31023,"Butler County, Nebraska",0.31298471883769047,80.51675977653632,Less Stable (Bottom 25%)
48193,"Hamilton County, Texas",0.6568106847371701,92.28351955307262,Least Stable (Bottom 10%)
05065,"Izard County, Arkansas",0.04317100080839917,63.37290502793296,Moderate Stability
29215,"Texas County, Missouri",-0.6712567466022195,0.6983240223463687,Most Stable (Top 10%)
18075,"Jay County, Indiana",-0.5068921957594519,5.4469273743016755,Most Stable (Top 10%)
28069,"Kemper County, Mississippi",0.5194708828054024,88.8268156424581,Less Stable (Bottom 25%)
33011,"Hillsborough County, New Hampshire",-0.2031386962487513,36.417597765363126,Moderate Stability
17021,"Christian County, Illinois",-0.5069831822891644,5.412011173184358,Most Stable (Top 10%)
21129,"Lee County, Kentucky",0.016715057723233954,60.893854748603346,Moderate Stability
47017,"Carroll County, Tennessee",-0.266262819257778,29.43435754189944,Moderate Stability
51063,"Floyd County, Virginia",-0.10373584903345975,47.90502793296089,Moderate Stability
31113,NA,NA,NA,Insufficient Data
20183,NA,NA,NA,Insufficient Data
35055,"Taos County, New Mexico",0.47886299707396124,87.74441340782123,Less Stable (Bottom 25%)
05131,"Sebastian County, Arkansas",0.03333311551675249,62.53491620111732,Moderate Stability
23015,"Lincoln County, Maine",-0.18422615248808855,38.30307262569833,Moderate Stability
13221,"Oglethorpe County, Georgia",-0.10791157408519117,47.41620111731844,Moderate Stability
30055,NA,NA,NA,Insufficient Data
48361,"Orange County, Texas",-0.08380955935284955,50.45391061452514,Moderate Stability
48043,"Brewster County, Texas",0.7380258070275143,94.16899441340783,Least Stable (Bottom 10%)
06045,"Mendocino County, California",0.14018036885819826,70.35614525139665,Moderate Stability
56017,NA,NA,NA,Insufficient Data
51001,"Accomack County, Virginia",-0.11359083032384884,46.50837988826816,Moderate Stability
30063,"Missoula County, Montana",-0.027658597325245594,56.564245810055866,Moderate Stability
51105,"Lee County, Virginia",-0.27684016969371,28.14245810055866,Moderate Stability
17181,"Union County, Illinois",-0.40996406163009225,12.604748603351956,Very Stable (Top 25%)
36031,"Essex County, New York",-0.14141427776239254,43.435754189944134,Moderate Stability
22005,"Ascension Parish, Louisiana",0.09281404084503048,66.55027932960894,Moderate Stability
06073,"San Diego County, California",0.18163791236493937,72.7304469273743,Moderate Stability
51059,"Fairfax County, Virginia",-0.47971529161424464,7.36731843575419,Most Stable (Top 10%)
22125,"West Feliciana Parish, Louisiana",-0.3453975033227629,19.692737430167597,Very Stable (Top 25%)
53017,"Douglas County, Washington",0.42711512059887646,85.89385474860335,Less Stable (Bottom 25%)
05135,"Sharp County, Arkansas",-0.03771940040928019,55.37709497206704,Moderate Stability
27021,"Cass County, Minnesota",-0.10118842478966675,48.219273743016764,Moderate Stability
20103,"Leavenworth County, Kansas",-0.2646723757945325,29.643854748603353,Moderate Stability
37185,"Warren County, North Carolina",-0.2123632974673061,35.50977653631285,Moderate Stability
26029,"Charlevoix County, Michigan",-0.007047125262114134,58.37988826815642,Moderate Stability
13225,"Peach County, Georgia",0.3495715681673658,82.40223463687151,Less Stable (Bottom 25%)
21027,"Breckinridge County, Kentucky",-0.22964967651383056,33.44972067039106,Moderate Stability
45003,"Aiken County, South Carolina",-0.1669937760100957,40.1536312849162,Moderate Stability
47009,"Blount County, Tennessee",0.1194917055335353,68.71508379888269,Moderate Stability
25023,"Plymouth County, Massachusetts",-0.0034229839826300226,58.763966480446925,Moderate Stability
45053,"Jasper County, South Carolina",1.5549973357730105,99.37150837988827,Least Stable (Bottom 10%)
55057,"Juneau County, Wisconsin",-0.19293438873518054,37.43016759776536,Moderate Stability
05077,"Lee County, Arkansas",0.3130837365213753,80.58659217877096,Less Stable (Bottom 25%)
01063,NA,NA,NA,Insufficient Data
06051,"Mono County, California",0.6804660395636793,93.05167597765363,Least Stable (Bottom 10%)
33003,"Carroll County, New Hampshire",-0.27573884878647764,28.35195530726257,Moderate Stability
17141,"Ogle County, Illinois",-0.1588288864293526,41.13128491620112,Moderate Stability
41005,"Clackamas County, Oregon",0.08328274639402172,65.88687150837988,Moderate Stability
45047,"Greenwood County, South Carolina",-0.22352469154518081,34.11312849162011,Moderate Stability
27125,NA,NA,NA,Insufficient Data
47175,"Van Buren County, Tennessee",0.03756654708719339,62.95391061452514,Moderate Stability
21113,"Jessamine County, Kentucky",0.10671182324971698,67.8072625698324,Moderate Stability
55045,"Green County, Wisconsin",-0.32452832702206563,22.101955307262568,Very Stable (Top 25%)
31141,"Platte County, Nebraska",0.2573020850755187,77.68854748603353,Less Stable (Bottom 25%)
47011,"Bradley County, Tennessee",0.12459153414292838,69.27374301675978,Moderate Stability
16017,"Bonner County, Idaho",0.36557671561365807,83.10055865921788,Less Stable (Bottom 25%)
48351,"Newton County, Texas",0.5303951901172677,89.10614525139665,Less Stable (Bottom 25%)
51089,"Henry County, Virginia",-0.12237671365663169,45.67039106145251,Moderate Stability
41057,"Tillamook County, Oregon",0.018367520845254583,61.13826815642458,Moderate Stability
51119,"Middlesex County, Virginia",-0.26346935216501854,29.748603351955303,Moderate Stability
46009,"Bon Homme County, South Dakota",-0.42241820803476415,11.347765363128492,Very Stable (Top 25%)
48127,"Dimmit County, Texas",2.2903446932203226,99.96508379888269,Least Stable (Bottom 10%)
37165,"Scotland County, North Carolina",-0.1584654473587493,41.16620111731844,Moderate Stability
38009,"Bottineau County, North Dakota",0.20122934849354082,74.12709497206704,Moderate Stability
29143,"New Madrid County, Missouri",0.17427845587419238,72.13687150837988,Moderate Stability
06049,"Modoc County, California",0.2257047968702865,75.76815642458101,Less Stable (Bottom 25%)
22077,"Pointe Coupee Parish, Louisiana",-0.4408320950092242,10.02094972067039,Very Stable (Top 25%)
47123,"Monroe County, Tennessee",0.026537958378781153,61.83659217877096,Moderate Stability
06035,"Lassen County, California",-0.24076508792205906,32.332402234636874,Moderate Stability
18123,"Perry County, Indiana",-0.4135920306063557,12.150837988826815,Very Stable (Top 25%)
38055,"McLean County, North Dakota",0.19425789414420483,73.53351955307262,Moderate Stability
16055,"Kootenai County, Idaho",0.3406430094299591,81.98324022346368,Less Stable (Bottom 25%)
32033,"White Pine County, Nevada",0.11526247049688737,68.40083798882681,Moderate Stability
41045,"Malheur County, Oregon",0.10339039470539056,67.63268156424581,Moderate Stability
28115,"Pontotoc County, Mississippi",-0.13345138142767488,44.203910614525135,Moderate Stability
21235,"Whitley County, Kentucky",-0.39593626792421394,14.490223463687151,Very Stable (Top 25%)
27127,"Redwood County, Minnesota",-0.32657463568804257,21.89245810055866,Very Stable (Top 25%)
35043,"Sandoval County, New Mexico",0.25747673619786,77.75837988826815,Less Stable (Bottom 25%)
41023,"Grant County, Oregon",-0.07983615089856862,50.768156424581,Moderate Stability
27115,"Pine County, Minnesota",-0.16750147793291953,39.979050279329606,Moderate Stability
06031,"Kings County, California",0.2581694352604619,77.79329608938548,Less Stable (Bottom 25%)
53025,"Grant County, Washington",0.5082232605666179,88.40782122905027,Less Stable (Bottom 25%)
22107,NA,NA,NA,Insufficient Data
48037,"Bowie County, Texas",-0.35976969849765095,18.156424581005588,Very Stable (Top 25%)
55033,"Dunn County, Wisconsin",-0.33140559445592055,21.368715083798882,Very Stable (Top 25%)
55095,"Polk County, Wisconsin",-0.19438710793017488,37.22067039106145,Moderate Stability
56029,"Park County, Wyoming",-0.38143827161897287,16.27094972067039,Very Stable (Top 25%)
06047,"Merced County, California",0.6386208175904844,91.8296089385475,Least Stable (Bottom 10%)
13031,"Bulloch County, Georgia",0.2764191539749964,78.73603351955308,Less Stable (Bottom 25%)
54077,"Preston County, West Virginia",-0.37624751258563716,16.794692737430168,Very Stable (Top 25%)
24027,"Howard County, Maryland",8.196549283635877e-4,59.148044692737436,Moderate Stability
17163,"St. Clair County, Illinois",-0.19051617891744638,37.884078212290504,Moderate Stability
22085,"Sabine Parish, Louisiana",-0.2242639467623591,34.07821229050279,Moderate Stability
33007,"Coos County, New Hampshire",-0.3936284573496171,14.7695530726257,Very Stable (Top 25%)
09160,NA,NA,NA,Insufficient Data
24043,"Washington County, Maryland",-0.3443745943709374,19.86731843575419,Very Stable (Top 25%)
48097,"Cooke County, Texas",-0.11917196748207431,46.089385474860336,Moderate Stability
23007,"Franklin County, Maine",-0.18249085140461394,38.477653631284916,Moderate Stability
20049,NA,NA,NA,Insufficient Data
47151,"Scott County, Tennessee",-0.4146749870785896,12.046089385474861,Very Stable (Top 25%)
21101,"Henderson County, Kentucky",-0.39788339052252486,14.24581005586592,Very Stable (Top 25%)
38029,NA,NA,NA,Insufficient Data
21127,"Lawrence County, Kentucky",-0.49249598821493823,6.529329608938547,Most Stable (Top 10%)
27029,"Clearwater County, Minnesota",-0.3108931935997109,24.162011173184357,Very Stable (Top 25%)
48453,"Travis County, Texas",0.7549501386916907,94.44832402234637,Least Stable (Bottom 10%)
27137,"St. Louis County, Minnesota",-0.5042555481083224,5.621508379888268,Most Stable (Top 10%)
39117,"Morrow County, Ohio",-0.34521521520603987,19.727653631284916,Very Stable (Top 25%)
16037,NA,NA,NA,Insufficient Data
08073,"Lincoln County, Colorado",0.6775616218968603,92.94692737430168,Least Stable (Bottom 10%)
08117,"Summit County, Colorado",0.4399938456794356,86.34776536312849,Less Stable (Bottom 25%)
41019,"Douglas County, Oregon",-0.15458563204883966,41.899441340782126,Moderate Stability
26089,"Leelanau County, Michigan",0.2857317697187314,79.18994413407822,Less Stable (Bottom 25%)
51171,"Shenandoah County, Virginia",-0.5709992251403051,2.793296089385475,Most Stable (Top 10%)
29045,"Clark County, Missouri",-0.5395811693138831,3.910614525139665,Most Stable (Top 10%)
30019,NA,NA,NA,Insufficient Data
30079,NA,NA,NA,Insufficient Data
30009,"Carbon County, Montana",-0.31576638690520414,23.463687150837988,Very Stable (Top 25%)
05145,"White County, Arkansas",-0.622135340906884,1.1173184357541899,Most Stable (Top 10%)
06079,"San Luis Obispo County, California",0.1379802576298879,70.0768156424581,Moderate Stability
16027,"Canyon County, Idaho",1.0564105122836678,97.80027932960894,Least Stable (Bottom 10%)
35009,"Curry County, New Mexico",-0.1086766762746108,47.17178770949721,Moderate Stability
29189,"St. Louis County, Missouri",-0.45606584929989896,8.763966480446928,Most Stable (Top 10%)
41007,"Clatsop County, Oregon",-0.05689362209309049,53.38687150837988,Moderate Stability
48137,NA,NA,NA,Insufficient Data
18063,"Hendricks County, Indiana",0.4431140905285308,86.5572625698324,Less Stable (Bottom 25%)
48411,"San Saba County, Texas",0.1977901517990792,73.88268156424581,Moderate Stability
12067,"Lafayette County, Florida",0.20650128820096292,74.4413407821229,Moderate Stability
36073,"Orleans County, New York",-0.25845290161100765,30.23743016759777,Moderate Stability
45009,"Bamberg County, South Carolina",0.2854112749838519,79.15502793296089,Less Stable (Bottom 25%)
45013,"Beaufort County, South Carolina",0.543284703150943,89.59497206703911,Less Stable (Bottom 25%)
46099,"Minnehaha County, South Dakota",0.14805736683567783,70.87988826815642,Moderate Stability
56035,"Sublette County, Wyoming",0.05331093410405194,64.17597765363129,Moderate Stability
41069,NA,NA,NA,Insufficient Data
42029,"Chester County, Pennsylvania",-0.23322984556783816,33.17039106145251,Moderate Stability
01091,"Marengo County, Alabama",-0.18108159312428113,38.582402234636874,Moderate Stability
21073,"Franklin County, Kentucky",-0.3238067760618518,22.276536312849164,Very Stable (Top 25%)
21029,"Bullitt County, Kentucky",-0.10283039066523972,48.04469273743017,Moderate Stability
40007,"Beaver County, Oklahoma",0.21122447026033184,74.65083798882681,Moderate Stability
55061,"Kewaunee County, Wisconsin",-0.14551513413951317,42.8072625698324,Moderate Stability
40045,NA,NA,NA,Insufficient Data
01097,"Mobile County, Alabama",-0.3462181737334492,19.553072625698324,Very Stable (Top 25%)
26125,"Oakland County, Michigan",-0.16248652149901177,40.502793296089386,Moderate Stability
26145,"Saginaw County, Michigan",-0.5503785102401229,3.4217877094972065,Most Stable (Top 10%)
20167,"Russell County, Kansas",-0.24662842466400944,31.70391061452514,Moderate Stability
45031,"Darlington County, South Carolina",-0.228497579934849,33.624301675977655,Moderate Stability
55139,"Winnebago County, Wisconsin",-0.4759025854114066,7.82122905027933,Most Stable (Top 10%)
53077,"Yakima County, Washington",0.21330594267081457,74.86033519553072,Moderate Stability
39133,"Portage County, Ohio",-0.2649405252817334,29.608938547486037,Moderate Stability
49003,"Box Elder County, Utah",-0.11786195667557127,46.19413407821229,Moderate Stability
01077,"Lauderdale County, Alabama",-0.3418967242092203,20.181564245810055,Very Stable (Top 25%)
42009,"Bedford County, Pennsylvania",-0.44999509715799313,9.113128491620111,Most Stable (Top 10%)
41039,"Lane County, Oregon",-0.040245616508212775,55.237430167597765,Moderate Stability
41043,"Linn County, Oregon",0.07880680218266992,65.46787709497207,Moderate Stability
39127,"Perry County, Ohio",-0.15772886608611386,41.236033519553075,Moderate Stability
06039,"Madera County, California",0.6989966135235025,93.40083798882681,Least Stable (Bottom 10%)
17073,"Henry County, Illinois",-0.3489755128726098,19.099162011173185,Very Stable (Top 25%)
16033,NA,NA,NA,Insufficient Data
48217,"Hill County, Texas",0.2782031860160515,78.77094972067039,Less Stable (Bottom 25%)
54105,"Wirt County, West Virginia",0.03406380902587966,62.674581005586596,Moderate Stability
12079,"Madison County, Florida",0.4071637312653896,84.8463687150838,Less Stable (Bottom 25%)
49051,"Wasatch County, Utah",1.4148712337906986,99.02234636871509,Least Stable (Bottom 10%)
36045,"Jefferson County, New York",-0.2730782037321013,28.73603351955307,Moderate Stability
51083,"Halifax County, Virginia",-0.0704629541407095,51.885474860335194,Moderate Stability
39139,"Richland County, Ohio",-0.5531809967654492,3.35195530726257,Most Stable (Top 10%)
45073,"Oconee County, South Carolina",-0.03796540699632614,55.34217877094972,Moderate Stability
05087,"Madison County, Arkansas",-0.0998479038972163,48.42877094972067,Moderate Stability
05101,"Newton County, Arkansas",0.4425143598787514,86.52234636871509,Less Stable (Bottom 25%)
48343,"Morris County, Texas",-0.17161745022097646,39.56005586592179,Moderate Stability
36025,"Delaware County, New York",-0.19717298428525437,37.046089385474865,Moderate Stability
30049,"Lewis and Clark County, Montana",-0.3782253692881925,16.585195530726256,Very Stable (Top 25%)
31049,NA,NA,NA,Insufficient Data
37121,"Mitchell County, North Carolina",-0.06513357403341093,52.58379888268156,Moderate Stability
13125,NA,NA,NA,Insufficient Data
06083,"Santa Barbara County, California",0.08297274162224812,65.81703910614524,Moderate Stability
27077,NA,NA,NA,Insufficient Data
19169,"Story County, Iowa",-0.4112033340352515,12.395251396648046,Very Stable (Top 25%)
39123,"Ottawa County, Ohio",-0.3305760509922864,21.438547486033517,Very Stable (Top 25%)
26139,"Ottawa County, Michigan",0.0026816709947083276,59.287709497206706,Moderate Stability
35061,"Valencia County, New Mexico",-0.09110070127208972,49.44134078212291,Moderate Stability
48381,"Randall County, Texas",0.20603589419409138,74.37150837988827,Moderate Stability
48073,"Cherokee County, Texas",-0.03560377995260549,55.51675977653632,Moderate Stability
49015,"Emery County, Utah",-0.13625154025163647,43.924581005586596,Moderate Stability
45091,"York County, South Carolina",0.6722889022854913,92.84217877094973,Least Stable (Bottom 10%)
08057,NA,NA,NA,Insufficient Data
53019,"Ferry County, Washington",0.3280378550631168,81.38966480446928,Less Stable (Bottom 25%)
53057,"Skagit County, Washington",0.10895911212523474,67.98184357541899,Moderate Stability
38007,NA,NA,NA,Insufficient Data
47021,"Cheatham County, Tennessee",0.03963205766445071,63.09357541899442,Moderate Stability
48445,"Terry County, Texas",0.3055675831688199,80.23743016759776,Less Stable (Bottom 25%)
54071,"Pendleton County, West Virginia",0.6603349770302228,92.45810055865921,Least Stable (Bottom 10%)
05035,"Crittenden County, Arkansas",-0.1775895973947958,39.0013966480447,Moderate Stability
06071,"San Bernardino County, California",0.4308325297422444,86.03351955307262,Less Stable (Bottom 25%)
55035,"Eau Claire County, Wisconsin",-0.077066764950955,51.082402234636874,Moderate Stability
38053,NA,NA,NA,Insufficient Data
29003,"Andrew County, Missouri",-0.44355562497202966,9.776536312849162,Most Stable (Top 10%)
48085,"Collin County, Texas",0.8102200066839853,95.18156424581005,Least Stable (Bottom 10%)
27003,"Anoka County, Minnesota",0.18993927706734967,73.32402234636871,Moderate Stability
21149,"McLean County, Kentucky",0.11879848591434011,68.64525139664805,Moderate Stability
24045,"Wicomico County, Maryland",-0.1841057248843783,38.337988826815646,Moderate Stability
41001,"Baker County, Oregon",-0.10070909839092551,48.254189944134076,Moderate Stability
49005,"Cache County, Utah",0.11276731426481015,68.26117318435753,Moderate Stability
30013,"Cascade County, Montana",-0.45570778056259914,8.798882681564246,Most Stable (Top 10%)
41025,"Harney County, Oregon",-0.1279078932620754,45.00698324022346,Moderate Stability
42053,"Forest County, Pennsylvania",0.6504035280763936,92.14385474860335,Least Stable (Bottom 10%)
30053,"Lincoln County, Montana",-0.34609166926460466,19.587988826815643,Very Stable (Top 25%)
21227,"Warren County, Kentucky",0.3630692972623934,82.85614525139665,Less Stable (Bottom 25%)
21039,NA,NA,NA,Insufficient Data
35027,"Lincoln County, New Mexico",-0.028507136740445718,56.31983240223464,Moderate Stability
21047,"Christian County, Kentucky",-0.3935315365809085,14.90921787709497,Very Stable (Top 25%)
34005,"Burlington County, New Jersey",-0.21612567887607942,34.951117318435756,Moderate Stability
21135,"Lewis County, Kentucky",0.11652676370960463,68.47067039106145,Moderate Stability
06077,"San Joaquin County, California",0.6446949988506029,92.00418994413407,Least Stable (Bottom 10%)
01107,"Pickens County, Alabama",0.8268814247408793,95.35614525139665,Least Stable (Bottom 10%)
47157,"Shelby County, Tennessee",-0.3097372929622144,24.37150837988827,Very Stable (Top 25%)
20133,"Neosho County, Kansas",-0.5075244557206637,5.342178770949721,Most Stable (Top 10%)
06009,"Calaveras County, California",-0.15411758532712655,41.969273743016764,Moderate Stability
23017,"Oxford County, Maine",-0.3196356775168211,23.00977653631285,Very Stable (Top 25%)
23031,"York County, Maine",-0.18805624293176962,38.09357541899441,Moderate Stability
30033,NA,NA,NA,Insufficient Data
40101,"Muskogee County, Oklahoma",-0.3615824382407565,17.981843575418992,Very Stable (Top 25%)
13269,"Taylor County, Georgia",0.47736030950574815,87.70949720670392,Less Stable (Bottom 25%)
36089,"St. Lawrence County, New York",-0.5171995867535342,4.853351955307263,Most Stable (Top 10%)
40065,"Jackson County, Oklahoma",-0.17528761591738445,39.210893854748605,Moderate Stability
08093,"Park County, Colorado",-0.05451138690109577,53.66620111731844,Moderate Stability
12105,"Polk County, Florida",0.7552055814460085,94.48324022346368,Least Stable (Bottom 10%)
08123,"Weld County, Colorado",0.7386083152843155,94.20391061452514,Least Stable (Bottom 10%)
39161,"Van Wert County, Ohio",-0.342062504346381,20.14664804469274,Very Stable (Top 25%)
36071,"Orange County, New York",-0.13545888957084937,44.02932960893855,Moderate Stability
28063,"Jefferson County, Mississippi",2.3952002885058166,100,Least Stable (Bottom 10%)
36115,"Washington County, New York",-0.3559563712785249,18.435754189944134,Very Stable (Top 25%)
10003,"New Castle County, Delaware",-0.15211481962427872,42.14385474860335,Moderate Stability
48229,NA,NA,NA,Insufficient Data
01021,"Chilton County, Alabama",-0.0043677701217236155,58.55446927374302,Moderate Stability
08045,"Garfield County, Colorado",0.3211662575168349,80.8659217877095,Less Stable (Bottom 25%)
01067,"Henry County, Alabama",0.0040478750760056924,59.392458100558656,Moderate Stability
48435,NA,NA,NA,Insufficient Data
27123,"Ramsey County, Minnesota",-0.021314061619934883,57.332402234636874,Moderate Stability
33015,"Rockingham County, New Hampshire",-0.22227085910793923,34.287709497206706,Moderate Stability
49039,"Sanpete County, Utah",-0.34410641622187355,19.937150837988828,Very Stable (Top 25%)
06093,"Siskiyou County, California",0.0987202312230265,67.10893854748603,Moderate Stability
47139,"Polk County, Tennessee",-0.026885292497311513,56.73882681564246,Moderate Stability
47029,"Cocke County, Tennessee",-0.08324247737492126,50.48882681564246,Moderate Stability
41015,"Curry County, Oregon",0.4994444975208247,88.30307262569832,Less Stable (Bottom 25%)
27135,"Roseau County, Minnesota",-0.4780563561918158,7.611731843575418,Most Stable (Top 10%)
22041,"Franklin Parish, Louisiana",-0.19206764471994892,37.60474860335196,Moderate Stability
22029,"Concordia Parish, Louisiana",0.20647662298804267,74.40642458100558,Moderate Stability
48473,"Waller County, Texas",1.273512989913438,98.63826815642457,Least Stable (Bottom 10%)
48291,"Liberty County, Texas",1.5284785520992115,99.23184357541899,Least Stable (Bottom 10%)
06067,"Sacramento County, California",0.41052470045009937,85.02094972067039,Less Stable (Bottom 25%)
30099,"Teton County, Montana",-0.35845004087195353,18.261173184357542,Very Stable (Top 25%)
13129,"Gordon County, Georgia",0.32564124766328173,81.21508379888269,Less Stable (Bottom 25%)
16043,"Fremont County, Idaho",-0.16649608976573033,40.22346368715084,Moderate Stability
54037,"Jefferson County, West Virginia",0.12536659008391646,69.37849162011173,Moderate Stability
32001,"Churchill County, Nevada",0.3450814981998724,82.26256983240224,Less Stable (Bottom 25%)
32015,"Lander County, Nevada",0.5132735507819011,88.54748603351955,Less Stable (Bottom 25%)
13295,"Walker County, Georgia",-0.19630129466405694,37.115921787709496,Moderate Stability
17197,"Will County, Illinois",-0.04060993791233204,55.202513966480446,Moderate Stability
22011,"Beauregard Parish, Louisiana",-0.13337613947304966,44.238826815642454,Moderate Stability
31033,"Cheyenne County, Nebraska",-0.3250197101354668,22.032122905027933,Very Stable (Top 25%)
56025,"Natrona County, Wyoming",-0.34820883014236126,19.203910614525142,Very Stable (Top 25%)
41013,"Crook County, Oregon",1.348257459704371,98.81284916201118,Least Stable (Bottom 10%)
19119,"Lyon County, Iowa",-0.5907131546434313,1.8854748603351956,Most Stable (Top 10%)
16069,"Nez Perce County, Idaho",-0.28368702561231224,27.40921787709497,Moderate Stability
51700,"Newport News city, Virginia",-0.21425049520809766,35.2304469273743,Moderate Stability
22051,"Jefferson Parish, Louisiana",-0.2879232826661595,26.920391061452513,Moderate Stability
35057,"Torrance County, New Mexico",0.4499598967501743,86.87150837988827,Less Stable (Bottom 25%)
45055,"Kershaw County, South Carolina",-0.028510437091853344,56.28491620111732,Moderate Stability
54053,"Mason County, West Virginia",-0.06532541092489394,52.513966480446925,Moderate Stability
42115,"Susquehanna County, Pennsylvania",-0.33611204196054695,20.705307262569832,Very Stable (Top 25%)
47057,"Grainger County, Tennessee",0.05169848258341373,64.03631284916202,Moderate Stability
48025,"Bee County, Texas",-0.12876039615205054,44.832402234636874,Moderate Stability
41037,"Lake County, Oregon",0.17494868460013774,72.17178770949721,Moderate Stability
13153,"Houston County, Georgia",0.36423593392056,82.92597765363129,Less Stable (Bottom 25%)
48469,"Victoria County, Texas",-0.061012980902513905,53.00279329608939,Moderate Stability
37045,"Cleveland County, North Carolina",-0.40312484850082875,13.442737430167599,Very Stable (Top 25%)
34011,"Cumberland County, New Jersey",-0.15276127683534269,42.039106145251395,Moderate Stability
34039,"Union County, New Jersey",0.35473875410873845,82.61173184357543,Less Stable (Bottom 25%)
12015,"Charlotte County, Florida",0.3317447104695308,81.56424581005587,Less Stable (Bottom 25%)
01123,"Tallapoosa County, Alabama",-0.3009733280165354,25.34916201117318,Moderate Stability
26081,"Kent County, Michigan",0.004230906282484083,59.427374301675975,Moderate Stability
26083,NA,NA,NA,Insufficient Data
49035,"Salt Lake County, Utah",0.383507154576473,83.79888268156425,Less Stable (Bottom 25%)
21181,"Nicholas County, Kentucky",-0.04522675760488902,54.713687150837984,Moderate Stability
22087,"St. Bernard Parish, Louisiana",0.24000578217816468,76.74581005586593,Less Stable (Bottom 25%)
51061,"Fauquier County, Virginia",0.08965102470878052,66.41061452513966,Moderate Stability
13145,"Harris County, Georgia",-0.39598767524069167,14.455307262569834,Very Stable (Top 25%)
42059,"Greene County, Pennsylvania",-0.1485993246969018,42.38826815642458,Moderate Stability
51069,"Frederick County, Virginia",-0.05607595386227832,53.49162011173184,Moderate Stability
13071,"Colquitt County, Georgia",-0.1430502283983749,43.226256983240226,Moderate Stability
12029,"Dixie County, Florida",-0.08788425187485835,49.825418994413404,Moderate Stability
46059,NA,NA,NA,Insufficient Data
42045,"Delaware County, Pennsylvania",-0.31993714852506333,22.97486033519553,Very Stable (Top 25%)
27069,NA,NA,NA,Insufficient Data
42035,"Clinton County, Pennsylvania",-0.5195768202607342,4.713687150837989,Most Stable (Top 10%)
39115,"Morgan County, Ohio",-0.4008878752826721,13.86173184357542,Very Stable (Top 25%)
44009,"Washington County, Rhode Island",-0.39892038347479747,14.07122905027933,Very Stable (Top 25%)
06095,"Solano County, California",0.3451577826856894,82.29748603351955,Less Stable (Bottom 25%)
36111,"Ulster County, New York",-0.20000679179917874,36.76675977653631,Moderate Stability
01125,"Tuscaloosa County, Alabama",0.005303074702048605,59.63687150837988,Moderate Stability
28011,"Bolivar County, Mississippi",0.07870611566578341,65.43296089385476,Moderate Stability
53041,"Lewis County, Washington",0.3054453090027203,80.20251396648045,Less Stable (Bottom 25%)
54081,"Raleigh County, West Virginia",-0.44642947104556996,9.532122905027933,Most Stable (Top 10%)
05125,"Saline County, Arkansas",0.12438213966691657,69.23882681564247,Moderate Stability
20091,"Johnson County, Kansas",-0.2458568880643526,31.87849162011173,Moderate Stability
48277,"Lamar County, Texas",-0.21315416342425514,35.33519553072625,Moderate Stability
13231,"Pike County, Georgia",0.09969519091638508,67.28351955307262,Moderate Stability
12086,"Miami-Dade County, Florida",1.0999436647270746,98.00977653631286,Least Stable (Bottom 10%)
29139,"Montgomery County, Missouri",-0.09705530099820606,48.6731843575419,Moderate Stability
13185,"Lowndes County, Georgia",0.12140651689322422,68.92458100558659,Moderate Stability
16019,"Bonneville County, Idaho",0.1858151123291772,72.97486033519553,Moderate Stability
06115,"Yuba County, California",0.567278727198568,90.04888268156425,Least Stable (Bottom 10%)
13317,"Wilkes County, Georgia",0.5238547608160642,88.93156424581005,Less Stable (Bottom 25%)
17071,"Henderson County, Illinois",-0.1352284567522823,44.099162011173185,Moderate Stability
16015,"Boise County, Idaho",0.6889931595621944,93.22625698324022,Least Stable (Bottom 10%)
34007,"Camden County, New Jersey",-0.15625249512518147,41.4804469273743,Moderate Stability
51175,"Southampton County, Virginia",0.22688589317722624,75.87290502793296,Less Stable (Bottom 25%)
29017,"Bollinger County, Missouri",0.003969015885676783,59.357541899441344,Moderate Stability
37143,"Perquimans County, North Carolina",-0.09414964211123118,49.092178770949715,Moderate Stability
48299,"Llano County, Texas",0.24297168291041826,76.99022346368714,Less Stable (Bottom 25%)
54007,"Braxton County, West Virginia",0.08706362605221335,66.13128491620111,Moderate Stability
31063,NA,NA,NA,Insufficient Data
21097,"Harrison County, Kentucky",-0.01910394148566644,57.437150837988824,Moderate Stability
18089,"Lake County, Indiana",-0.06487290701496365,52.6536312849162,Moderate Stability
42073,"Lawrence County, Pennsylvania",-0.5931662350324637,1.78072625698324,Most Stable (Top 10%)
42079,"Luzerne County, Pennsylvania",0.25744726042774757,77.72346368715084,Less Stable (Bottom 25%)
22053,"Jefferson Davis Parish, Louisiana",-0.29706117581789304,25.803072625698327,Moderate Stability
42095,"Northampton County, Pennsylvania",-0.05032555866954606,54.12011173184358,Moderate Stability
36103,"Suffolk County, New York",0.04865061495053229,63.8268156424581,Moderate Stability
16025,NA,NA,NA,Insufficient Data
29107,"Lafayette County, Missouri",-0.19373474803118357,37.36033519553072,Moderate Stability
37177,NA,NA,NA,Insufficient Data
08033,NA,NA,NA,Insufficient Data
08051,"Gunnison County, Colorado",0.30426260912144626,80.13268156424581,Less Stable (Bottom 25%)
31139,"Pierce County, Nebraska",-0.588139192464229,1.9902234636871508,Most Stable (Top 10%)
04025,"Yavapai County, Arizona",0.22896750704600904,76.08240223463687,Less Stable (Bottom 25%)
01049,"DeKalb County, Alabama",-0.3780137608952979,16.655027932960895,Very Stable (Top 25%)
46111,NA,NA,NA,Insufficient Data
53007,"Chelan County, Washington",0.44074240490726196,86.45251396648045,Less Stable (Bottom 25%)
51087,"Henrico County, Virginia",-0.20862130845532628,35.858938547486034,Moderate Stability
48245,"Jefferson County, Texas",0.08885388839765108,66.20111731843575,Moderate Stability
27083,"Lyon County, Minnesota",-0.2596738014288833,30.09776536312849,Moderate Stability
47125,"Montgomery County, Tennessee",0.3546023344893627,82.5768156424581,Less Stable (Bottom 25%)
56003,"Big Horn County, Wyoming",-0.68302764699292,0.4888268156424581,Most Stable (Top 10%)
05067,"Jackson County, Arkansas",0.012147539597262712,60.544692737430175,Moderate Stability
05069,"Jefferson County, Arkansas",-0.14742118492470124,42.597765363128495,Moderate Stability
31027,"Cedar County, Nebraska",-0.08172304818360675,50.66340782122904,Moderate Stability
06027,"Inyo County, California",0.27330472750463897,78.56145251396647,Less Stable (Bottom 25%)
51670,"Hopewell city, Virginia",0.098659100269902,67.07402234636871,Moderate Stability
22101,"St. Mary Parish, Louisiana",-0.37286832198186,17.00418994413408,Very Stable (Top 25%)
42129,"Westmoreland County, Pennsylvania",-0.5240577449089614,4.434357541899441,Most Stable (Top 10%)
54087,"Roane County, West Virginia",-0.42160661492534174,11.382681564245809,Very Stable (Top 25%)
17043,"DuPage County, Illinois",-0.2642485178190076,29.678770949720672,Moderate Stability
21089,"Greenup County, Kentucky",-0.5027053439627653,5.656424581005587,Most Stable (Top 10%)
24037,"St. Mary's County, Maryland",-0.40241645110633917,13.582402234636874,Very Stable (Top 25%)
21095,"Harlan County, Kentucky",-0.5086553578510492,5.272346368715084,Most Stable (Top 10%)
30071,NA,NA,NA,Insufficient Data
42111,"Somerset County, Pennsylvania",-0.5089951759736231,5.2025139664804465,Most Stable (Top 10%)
12059,"Holmes County, Florida",-0.09588069638562849,48.882681564245814,Moderate Stability
23003,"Aroostook County, Maine",-0.2695978599631748,29.120111731843572,Moderate Stability
38093,"Stutsman County, North Dakota",-0.4479474793764479,9.35754189944134,Most Stable (Top 10%)
30037,NA,NA,NA,Insufficient Data
39061,"Hamilton County, Ohio",-0.2855605134466186,27.269553072625698,Moderate Stability
49013,"Duchesne County, Utah",-0.3871495527020757,15.60754189944134,Very Stable (Top 25%)
49041,"Sevier County, Utah",-0.04950926787953721,54.22486033519554,Moderate Stability
49047,"Uintah County, Utah",-0.20494549210809762,36.1731843575419,Moderate Stability
19061,"Dubuque County, Iowa",-0.3305545996964823,21.473463687150836,Very Stable (Top 25%)
30025,NA,NA,NA,Insufficient Data
42001,"Adams County, Pennsylvania",-0.39118418896357543,15.083798882681565,Very Stable (Top 25%)
47133,"Overton County, Tennessee",-0.32910603436260527,21.648044692737432,Very Stable (Top 25%)
39055,"Geauga County, Ohio",-0.49608035510506,6.25,Most Stable (Top 10%)
22023,"Cameron Parish, Louisiana",0.27347982081380073,78.5963687150838,Less Stable (Bottom 25%)
48349,"Navarro County, Texas",0.5908065076331547,90.57262569832403,Least Stable (Bottom 10%)
40085,"Love County, Oklahoma",-0.23532854029178016,33.030726256983236,Moderate Stability
55003,"Ashland County, Wisconsin",-0.4056253400131054,13.058659217877095,Very Stable (Top 25%)
26033,"Chippewa County, Michigan",-0.003960600773088209,58.659217877094974,Moderate Stability
30081,"Ravalli County, Montana",0.47370719646731513,87.60474860335195,Less Stable (Bottom 25%)
30029,"Flathead County, Montana",0.158745432933259,71.26396648044692,Moderate Stability
40033,"Cotton County, Oklahoma",-0.046183569985232015,54.608938547486034,Moderate Stability
40067,"Jefferson County, Oklahoma",0.3436291711469908,82.22765363128491,Less Stable (Bottom 25%)
29179,"Reynolds County, Missouri",0.1216551389523933,69.02932960893855,Moderate Stability
12077,"Liberty County, Florida",0.21608788065915174,75.06983240223464,Less Stable (Bottom 25%)
04015,"Mohave County, Arizona",0.2904088483664457,79.64385474860335,Less Stable (Bottom 25%)
21105,NA,NA,NA,Insufficient Data
23029,"Washington County, Maine",-0.20294009350231884,36.487430167597765,Moderate Stability
22113,"Vermilion Parish, Louisiana",-0.4048427692879754,13.268156424581006,Very Stable (Top 25%)
30087,"Rosebud County, Montana",-0.19419420117754138,37.255586592178766,Moderate Stability
27007,"Beltrami County, Minnesota",-0.1475624551338879,42.52793296089386,Moderate Stability
40131,"Rogers County, Oklahoma",-0.49978091993663953,5.900837988826815,Most Stable (Top 10%)
41063,"Wallowa County, Oregon",0.19947838215967012,73.98743016759776,Moderate Stability
48053,"Burnet County, Texas",0.7952651830933747,94.86731843575419,Least Stable (Bottom 10%)
13289,"Twiggs County, Georgia",0.6489712885208232,92.0391061452514,Least Stable (Bottom 10%)
26097,"Mackinac County, Michigan",0.25684239110054763,77.6536312849162,Less Stable (Bottom 25%)
47089,"Jefferson County, Tennessee",0.11064312740985331,68.1913407821229,Moderate Stability
40151,"Woods County, Oklahoma",-0.03754890763799628,55.44692737430168,Moderate Stability
12127,"Volusia County, Florida",0.413933957062418,85.2304469273743,Less Stable (Bottom 25%)
48095,NA,NA,NA,Insufficient Data
47149,"Rutherford County, Tennessee",0.7279849210467663,93.92458100558659,Least Stable (Bottom 10%)
40103,"Noble County, Oklahoma",-0.060537892010056465,53.107541899441344,Moderate Stability
30059,NA,NA,NA,Insufficient Data
39023,"Clark County, Ohio",-0.5490425605642967,3.4916201117318435,Most Stable (Top 10%)
31123,NA,NA,NA,Insufficient Data
29109,"Lawrence County, Missouri",-0.38664433505335183,15.64245810055866,Very Stable (Top 25%)
51167,"Russell County, Virginia",-0.29365431510274154,26.43156424581006,Moderate Stability
40089,"McCurtain County, Oklahoma",0.08123316305418887,65.67737430167597,Moderate Stability
01105,"Perry County, Alabama",0.6404337513336951,91.89944134078212,Least Stable (Bottom 10%)
54043,"Lincoln County, West Virginia",-0.17600867297048015,39.10614525139665,Moderate Stability
17125,"Mason County, Illinois",-0.10979947210505375,46.997206703910614,Moderate Stability
02150,"Kodiak Island Borough, Alaska",0.2818060522650877,78.9804469273743,Less Stable (Bottom 25%)
02013,NA,NA,NA,Insufficient Data
02020,"Anchorage Municipality, Alaska",-0.24726723329113212,31.6340782122905,Moderate Stability
02170,"Matanuska-Susitna Borough, Alaska",-0.08891835149072004,49.685754189944134,Moderate Stability
02230,NA,NA,NA,Insufficient Data
02185,"North Slope Borough, Alaska",-0.16120095056147032,40.677374301675975,Moderate Stability
02050,"Bethel Census Area, Alaska",-0.3284782047772416,21.717877094972067,Very Stable (Top 25%)
02180,"Nome Census Area, Alaska",-0.11159862143480526,46.787709497206706,Moderate Stability
02164,NA,NA,NA,Insufficient Data
02122,"Kenai Peninsula Borough, Alaska",-0.2620537642480387,29.95810055865922,Moderate Stability
02290,"Yukon-Koyukuk Census Area, Alaska",-0.265142008282459,29.574022346368718,Moderate Stability
02275,NA,NA,NA,Insufficient Data
02016,"Aleutians West Census Area, Alaska",1.2952192970647698,98.74301675977654,Least Stable (Bottom 10%)
02130,"Ketchikan Gateway Borough, Alaska",0.08943967469763361,66.37569832402235,Moderate Stability
02110,"Juneau City and Borough, Alaska",-0.35768218458538503,18.296089385474858,Very Stable (Top 25%)
02090,"Fairbanks North Star Borough, Alaska",-0.48385646787322023,7.157821229050279,Most Stable (Top 10%)
02063,NA,NA,NA,Insufficient Data
02195,NA,NA,NA,Insufficient Data
02188,"Northwest Arctic Borough, Alaska",0.07675462023996138,65.36312849162012,Moderate Stability
02220,"Sitka City and Borough, Alaska",-0.20215839744155864,36.522346368715084,Moderate Stability
02105,NA,NA,NA,Insufficient Data
02060,NA,NA,NA,Insufficient Data
02100,NA,NA,NA,Insufficient Data
02068,NA,NA,NA,Insufficient Data
02070,NA,NA,NA,Insufficient Data
02158,NA,NA,NA,Insufficient Data
02282,NA,NA,NA,Insufficient Data
02240,"Southeast Fairbanks Census Area, Alaska",-0.15742564557349237,41.340782122905026,Moderate Stability
02198,"Prince of Wales-Hyder Census Area, Alaska",-0.01499531206558474,57.68156424581006,Moderate Stability
02066,NA,NA,NA,Insufficient Data
15003,"Honolulu County, Hawaii",-0.3210426183998092,22.730446927374302,Very Stable (Top 25%)
15001,"Hawaii County, Hawaii",0.2248222212643105,75.73324022346368,Less Stable (Bottom 25%)
15005,NA,NA,NA,Insufficient Data
15009,"Maui County, Hawaii",0.009407598887571793,60.19553072625698,Moderate Stability
15007,"Kauai County, Hawaii",-0.27261825864506256,28.84078212290503,Moderate Stability
72043,"Coamo Municipio, Puerto Rico",0.9810769547987349,97.17178770949721,Least Stable (Bottom 10%)
72041,"Cidra Municipio, Puerto Rico",1.1725610470415933,98.35893854748603,Least Stable (Bottom 10%)
72069,"Humacao Municipio, Puerto Rico",0.9808178873005274,97.13687150837988,Least Stable (Bottom 10%)
72067,"Hormigueros Municipio, Puerto Rico",0.6424598398863542,91.96927374301676,Least Stable (Bottom 10%)
72029,"Canóvanas Municipio, Puerto Rico",0.5930584675063376,90.64245810055866,Least Stable (Bottom 10%)
72137,"Toa Baja Municipio, Puerto Rico",0.408049858021663,84.91620111731844,Less Stable (Bottom 25%)
72059,"Guayanilla Municipio, Puerto Rico",0.2344534227403627,76.43156424581005,Less Stable (Bottom 25%)
72053,"Fajardo Municipio, Puerto Rico",0.6054916747227401,91.06145251396647,Least Stable (Bottom 10%)
72147,"Vieques Municipio, Puerto Rico",1.6384372716245876,99.47625698324022,Least Stable (Bottom 10%)
72031,"Carolina Municipio, Puerto Rico",0.5080475301169536,88.37290502793296,Less Stable (Bottom 25%)
72105,"Naranjito Municipio, Puerto Rico",0.191093416053528,73.35893854748603,Moderate Stability
72019,"Barranquitas Municipio, Puerto Rico",0.6205962314072526,91.37569832402235,Least Stable (Bottom 10%)
72063,"Gurabo Municipio, Puerto Rico",0.5149791533149497,88.65223463687151,Less Stable (Bottom 25%)
72037,"Ceiba Municipio, Puerto Rico",0.6081881076671904,91.20111731843575,Least Stable (Bottom 10%)
72083,"Las Marías Municipio, Puerto Rico",0.6857608245337035,93.15642458100558,Least Stable (Bottom 10%)
72071,"Isabela Municipio, Puerto Rico",0.6776660370049622,92.98184357541899,Least Stable (Bottom 10%)
72133,"Santa Isabel Municipio, Puerto Rico",1.1682948129582966,98.32402234636871,Least Stable (Bottom 10%)
72101,"Morovis Municipio, Puerto Rico",1.3885652487057976,98.95251396648045,Least Stable (Bottom 10%)
72089,"Luquillo Municipio, Puerto Rico",0.3677745519491573,83.20530726256983,Less Stable (Bottom 25%)
72073,"Jayuya Municipio, Puerto Rico",1.2364063206355054,98.49860335195531,Least Stable (Bottom 10%)
72093,"Maricao Municipio, Puerto Rico",0.9950436788646733,97.24162011173185,Least Stable (Bottom 10%)
72061,"Guaynabo Municipio, Puerto Rico",0.4210147409852517,85.54469273743017,Less Stable (Bottom 25%)
72075,"Juana Díaz Municipio, Puerto Rico",0.607537013498484,91.16620111731844,Least Stable (Bottom 10%)
72045,"Comerío Municipio, Puerto Rico",0.7052261063316893,93.50558659217877,Least Stable (Bottom 10%)
72013,NA,NA,NA,Insufficient Data
72151,NA,NA,NA,Insufficient Data
72123,"Salinas Municipio, Puerto Rico",1.9266673157079521,99.75558659217877,Least Stable (Bottom 10%)
72103,"Naguabo Municipio, Puerto Rico",0.44494755204655756,86.59217877094973,Less Stable (Bottom 25%)
72095,"Maunabo Municipio, Puerto Rico",1.1201881015767627,98.1145251396648,Least Stable (Bottom 10%)
72025,"Caguas Municipio, Puerto Rico",0.384346147923025,83.97346368715084,Less Stable (Bottom 25%)
72117,NA,NA,NA,Insufficient Data
72023,"Cabo Rojo Municipio, Puerto Rico",1.443022198244204,99.12709497206704,Least Stable (Bottom 10%)
72021,"Bayamón Municipio, Puerto Rico",0.09832754540672525,66.96927374301676,Moderate Stability
72135,"Toa Alta Municipio, Puerto Rico",0.2427039177269038,76.95530726256983,Less Stable (Bottom 25%)
72027,"Camuy Municipio, Puerto Rico",0.18368448137941817,72.80027932960894,Moderate Stability
72001,"Adjuntas Municipio, Puerto Rico",0.9136285241186992,96.43854748603353,Least Stable (Bottom 10%)
72111,NA,NA,NA,Insufficient Data
72125,"San Germán Municipio, Puerto Rico",0.21120416287179383,74.6159217877095,Moderate Stability
72007,NA,NA,NA,Insufficient Data
72033,NA,NA,NA,Insufficient Data
72054,NA,NA,NA,Insufficient Data
72055,"Guánica Municipio, Puerto Rico",0.827413608966151,95.39106145251397,Least Stable (Bottom 10%)
72119,"Río Grande Municipio, Puerto Rico",0.7898178477361811,94.79748603351955,Least Stable (Bottom 10%)
72109,NA,NA,NA,Insufficient Data
72139,"Trujillo Alto Municipio, Puerto Rico",0.275824980829937,78.70111731843575,Less Stable (Bottom 25%)
72149,"Villalba Municipio, Puerto Rico",1.416264132438512,99.0572625698324,Least Stable (Bottom 10%)
72005,"Aguadilla Municipio, Puerto Rico",0.2900902444999961,79.60893854748603,Less Stable (Bottom 25%)
72091,"Manatí Municipio, Puerto Rico",0.44015588322648636,86.38268156424581,Less Stable (Bottom 25%)
72143,"Vega Alta Municipio, Puerto Rico",1.0206877286049538,97.55586592178771,Least Stable (Bottom 10%)
72087,"Loíza Municipio, Puerto Rico",0.5817846686126944,90.32821229050279,Least Stable (Bottom 10%)
72015,"Arroyo Municipio, Puerto Rico",1.2826147490983486,98.70810055865921,Least Stable (Bottom 10%)
72085,NA,NA,NA,Insufficient Data
72035,"Cayey Municipio, Puerto Rico",1.00534214825159,97.41620111731844,Least Stable (Bottom 10%)
72145,NA,NA,NA,Insufficient Data
72131,"San Sebastián Municipio, Puerto Rico",1.068958158296799,97.83519553072625,Least Stable (Bottom 10%)
72009,"Aibonito Municipio, Puerto Rico",0.8783454297741021,96.05446927374301,Least Stable (Bottom 10%)
72113,"Ponce Municipio, Puerto Rico",0.5143200357083383,88.58240223463687,Less Stable (Bottom 25%)
72153,"Yauco Municipio, Puerto Rico",1.0848024771226807,97.93994413407822,Least Stable (Bottom 10%)
72081,NA,NA,NA,Insufficient Data
72127,"San Juan Municipio, Puerto Rico",0.24492007434424326,77.09497206703911,Less Stable (Bottom 25%)
72003,NA,NA,NA,Insufficient Data
72099,"Moca Municipio, Puerto Rico",0.3603860489552638,82.75139664804469,Less Stable (Bottom 25%)
72079,"Lajas Municipio, Puerto Rico",1.4725978259223471,99.19692737430168,Least Stable (Bottom 10%)
72129,NA,NA,NA,Insufficient Data
72049,NA,NA,NA,Insufficient Data
72011,"Añasco Municipio, Puerto Rico",0.8293503642818151,95.49581005586593,Least Stable (Bottom 10%)
72051,"Dorado Municipio, Puerto Rico",0.6952422329109827,93.3659217877095,Least Stable (Bottom 10%)
72065,"Hatillo Municipio, Puerto Rico",0.9247806110043896,96.64804469273743,Least Stable (Bottom 10%)
72097,"Mayagüez Municipio, Puerto Rico",0.9183777543999662,96.54329608938548,Least Stable (Bottom 10%)
72039,"Ciales Municipio, Puerto Rico",0.9694362930950025,97.10195530726257,Least Stable (Bottom 10%)
72121,"Sabana Grande Municipio, Puerto Rico",0.9930001882101949,97.20670391061452,Least Stable (Bottom 10%)
72057,"Guayama Municipio, Puerto Rico",0.46535243410596805,87.43016759776536,Less Stable (Bottom 25%)
72115,"Quebradillas Municipio, Puerto Rico",0.8959123523857715,96.19413407821229,Least Stable (Bottom 10%)
72141,"Utuado Municipio, Puerto Rico",0.6639734000057143,92.56284916201118,Least Stable (Bottom 10%)
72107,"Orocovis Municipio, Puerto Rico",0.7304491160811496,93.99441340782123,Least Stable (Bottom 10%)
72077,"Juncos Municipio, Puerto Rico",1.6091626945649087,99.4413407821229,Least Stable (Bottom 10%)
72047,"Corozal Municipio, Puerto Rico",0.4201306650582367,85.50977653631286,Less Stable (Bottom 25%)
72017,NA,NA,NA,Insufficient Data
