GEOID,NAME,total_speakers,shannon_entropy,english_share,spanish_share,asian_share,foreign_share,median_income,total_population,immigrant_share,state,log_median_income,log_total_population,entropy_quartile,high_diversity
01001,"Autauga County, Alabama",52404,0.222800507001519,0.962178459659568,0.01955957560491565,0.01017097931455614,0.03782154034043206,57982,55639,0.0234188249249627,AL,10.967887896534048,10.926639673194344,2,FALSE
01003,"Baldwin County, Alabama",206329,0.2658330690628878,0.9500700337810004,0.03189081515443781,0.00459460376389164,0.0499299662189997,61756,218289,0.03421610800360989,AL,11.030946415761818,12.293575151896023,3,TRUE
01005,"Barbour County, Alabama",23694,0.3217401688155361,0.9283784924453448,0.05651219718072085,0.00485354942179454,0.07162150755465524,34990,25026,0.02553344521697434,AL,10.462817585361734,10.127670563425,3,TRUE
01007,"Bibb County, Alabama",21121,0.12095949574153668,0.9764689171914208,0.02026419203636191,0,0.02353108280857918,51721,22374,0.01582193617591847,AL,10.853619167579,10.015654849406875,1,FALSE
01009,"Blount County, Alabama",54250,0.29988844193314257,0.9215483870967742,0.07386175115207373,6.63594470046083e-4,0.07845161290322578,48922,57755,0.0435286988139555,AL,10.797982472039823,10.96396520472278,3,TRUE
01011,"Bullock County, Alabama",9579,0.287572758074135,0.9258795281344608,0.06900511535650904,0,0.07412047186553916,33866,10173,0.01503981126511353,AL,10.430166840225288,9.227492430793747,3,TRUE
01013,"Butler County, Alabama",18565,0.12078726112671388,0.9820630218152436,0.00570966873148397,0.00527875033665499,0.01793697818475625,44850,19726,0.01865558146608537,AL,10.71107886748694,9.88969284151394,1,FALSE
01015,"Calhoun County, Alabama",107662,0.2069492942032102,0.9616020508628856,0.02749345172855789,0.00570303356801842,0.03839794913711425,50128,114324,0.02488541338651551,AL,10.822335013191973,11.64679180149478,2,FALSE
01017,"Chambers County, Alabama",31443,0.1653342842105189,0.9721718665521738,0.01323028973062366,0.00842794898705594,0.02782813344782619,43875,33427,0.01857779639213809,AL,10.689099960768168,10.41711923563258,1,FALSE
01019,"Cherokee County, Alabama",24907,0.15053868270205428,0.9726582888344644,0.02156020395872646,0.00204761713574497,0.02734171116553574,42509,26035,0.01932014595736508,AL,10.65747109719941,10.167197065597,1,FALSE
01021,"Chilton County, Alabama",41400,0.31511752940533294,0.9212077294685992,0.07067632850241545,0.0038647342995169,0.07879227053140092,52141,44147,0.04394409586155345,AL,10.86170686643668,10.695280253553513,3,TRUE
01023,"Choctaw County, Alabama",12084,0.15224229102795,0.9735187024164184,0.01117179741807348,0,0.02648129758358164,36634,12755,0.00885927087416699,AL,10.508732049920162,9.453678630575912,1,FALSE
01025,"Clarke County, Alabama",22516,0.04158844283488573,0.9946260437022562,0.00262035885592467,0.00239829454610055,0.00537395629774384,37345,23866,0.00310064526942093,AL,10.527954312791168,10.0802101309296,1,FALSE
01027,"Clay County, Alabama",12563,0.1114368973493418,0.9768367428162064,0.02292446071798137,0,0.02316325718379364,42678,13285,0.01385020700037636,AL,10.66143884396157,9.494390858193912,1,FALSE
01029,"Cleburne County, Alabama",14064,0.1178979155734335,0.9773890784982936,0.01976678043230944,0,0.02261092150170651,46320,14952,0.01444622792937399,AL,10.743329112246878,9.612600349135398,1,FALSE
01031,"Coffee County, Alabama",49013,0.3360129017412396,0.9314059535225347,0.04519209189398731,0.01336380144043417,0.06859404647746514,56799,52238,0.03568283624947356,AL,10.947273998920458,10.863565478378224,3,TRUE
01033,"Colbert County, Alabama",51868,0.14409465964599014,0.9760160407187476,0.01523097092619727,0.00339322896583635,0.02398395928125241,47962,54957,0.01559400986225594,AL,10.77816430968982,10.91430634025357,1,FALSE
01035,"Conecuh County, Alabama",11765,0.03471304822417374,0.9953251168720784,0.0011049723756906,0.00212494687632809,0.00467488312792174,35444,12219,0.01039364923479826,AL,10.475709265167191,9.410747396316522,1,FALSE
01037,"Coosa County, Alabama",10232,0.07951663603107827,0.9871970289288506,0.00762314308053166,0,0.01280297107114936,43571,10696,0.00532909498878085,AL,10.682147070420289,9.27762511878178,1,FALSE
01039,"Covington County, Alabama",34957,0.11393280214788327,0.9814629401836542,0.01221500700861058,0.00417655977343593,0.01853705981634579,42566,37096,0.00754798361009273,AL,10.658811091522749,10.521264426071296,1,FALSE
01041,"Crenshaw County, Alabama",13090,0.16788589705942797,0.9723453017570663,0.01038961038961039,0.01375095492742551,0.02765469824293354,42611,13826,0.01692463474613047,AL,10.659867714887898,9.53430615650521,1,FALSE
01043,"Cullman County, Alabama",78182,0.18296258499301257,0.9628175283313296,0.03228364585198639,0.0019058095213732,0.0371824716686705,48388,83345,0.02534045233667286,AL,10.78700712807974,11.330743898377188,2,FALSE
01045,"Dale County, Alabama",46033,0.30918056878031647,0.9380444463754264,0.04142680251124193,0.00881975973757956,0.06195555362457372,45644,49293,0.02998397338364473,AL,10.72862744255457,10.80553736211994,3,TRUE
01047,"Dallas County, Alabama",35798,0.06909384759973473,0.9906419353036484,0.00248617241186658,0.00363148779261411,0.00935806469635169,33317,38184,0.00908757594804106,AL,10.413823056212888,10.550171858685731,1,FALSE
01049,"DeKalb County, Alabama",67152,0.4117681328621426,0.8697283774124375,0.1262360019061234,0.00159340004765308,0.13027162258756253,42267,71430,0.07173456530869382,AL,10.651761918721386,11.176473228149018,3,TRUE
01051,"Elmore County, Alabama",76825,0.19742069167115472,0.9663260657338106,0.01995444191343963,0.00708102831109664,0.03367393426618936,62324,81526,0.02034933640801707,AL,11.040101863337243,11.30867726675831,2,FALSE
01053,"Escambia County, Alabama",34645,0.10653946377557393,0.9821041997402222,0.0130754798672247,0.00259777745706451,0.01789580025977777,35558,36775,0.00837525492861998,AL,10.478920445076517,10.51257354546964,1,FALSE
01055,"Etowah County, Alabama",96739,0.2395169449404793,0.9558606146435252,0.02986386049059841,0.00458966910966621,0.04413938535647466,44934,102721,0.02733618247485908,AL,10.712950025477422,11.539771854078891,2,FALSE
01057,"Fayette County, Alabama",15484,0.09750477477640387,0.9860501162490312,0.00471454404546628,0.00484370963575303,0.01394988375096872,41469,16406,0.00999634280141411,AL,10.632701439132466,9.705402400562695,1,FALSE
01059,"Franklin County, Alabama",29292,0.5161414764010593,0.8373275979789704,0.1473439847057217,0.00716919295370749,0.16267240202102962,41174,31587,0.09139836008484505,AL,10.625562268169254,10.360500922524867,4,TRUE
01061,"Geneva County, Alabama",24935,0.13384896149205278,0.9738119109685182,0.02338079005414076,0.00188490074192901,0.02618808903148184,41569,26383,0.01644998673388166,AL,10.63510997614786,10.180475142322448,1,FALSE
01063,"Greene County, Alabama",7725,0.04785456634494969,0.9924919093851132,0.006084142394822,0,0.00750809061488677,26688,8221,0.00790658070794307,AL,10.191969305158471,9.014447135152134,1,FALSE
01065,"Hale County, Alabama",13768,0.08522167596705148,0.9866356769320164,0.00893375944218477,5.810575246949448e-4,0.01336432306798374,30793,14754,0.00257557272604039,AL,10.335042670404032,9.599269511444248,1,FALSE
01067,"Henry County, Alabama",16258,0.14632398810402492,0.9736744987083282,0.01949809324640177,6.15081805880182e-4,0.02632550129167177,51715,17123,0.00905215207615488,AL,10.853503153811904,9.748177867988971,1,FALSE
01069,"Houston County, Alabama",98813,0.2262235081122232,0.9608452329146976,0.02301316628378857,0.00635543906166192,0.03915476708530252,49069,105319,0.02403175115601173,AL,10.800982749825955,11.5647491186924,2,FALSE
01071,"Jackson County, Alabama",49112,0.11785614725345071,0.979638377585926,0.01584134223814953,0.00254520280175924,0.02036162241407391,42578,51765,0.01495218777166038,AL,10.659092966935685,10.854469524200214,1,FALSE
01073,"Jefferson County, Alabama",616321,0.30986206765538604,0.9422492499849916,0.03435871891433198,0.00801205865125478,0.0577507500150084,55088,658615,0.03847619626033419,AL,10.916687185578304,13.397894424249614,3,TRUE
01075,"Lamar County, Alabama",13058,0.04060684041242798,0.9940266503293,0.00451830295604227,3.0632562413845916e-4,0.00597334967069995,42688,13854,0.00851739569799336,AL,10.661673129275297,9.536329278582553,1,FALSE
01077,"Lauderdale County, Alabama",88122,0.19476522085070352,0.9665804225959466,0.02107305780622319,0.00439163886430176,0.03341957740405343,48428,92870,0.02124475072682244,AL,10.787833437827633,11.438955944770054,2,FALSE
01079,"Lawrence County, Alabama",31194,0.10509267827591214,0.9805090722574854,0.01727896390331474,0.0010258383022376,0.01949092774251459,47125,32969,0.008007522217841,AL,10.760558924750312,10.403323005002216,1,FALSE
01081,"Lee County, Alabama",153960,0.39724426578427385,0.9279033515198752,0.0256690049363471,0.03172902052481163,0.07209664848012476,52930,163461,0.05529147625427472,AL,10.876725564852034,12.004329708756044,3,TRUE
01083,"Limestone County, Alabama",91525,0.3118539098353348,0.938224528817263,0.04204315760721115,0.00701447691887462,0.06177547118273696,64270,96921,0.03307848660249068,AL,11.070848238365333,11.4816514926651,3,TRUE
01085,"Lowndes County, Alabama",9329,0.03337000474555123,0.9946403687426304,0.00535963125736949,0,0.00535963125736949,33634,9936,0.00674315619967793,AL,10.423292739082695,9.20391980417326,1,FALSE
01087,"Macon County, Alabama",17557,0.1196762644801763,0.9803497180611722,0.01281540126445292,0.00131001879592185,0.01965028193882778,35450,18437,0.00553235341975375,AL,10.475878531960271,9.82211479407039,1,FALSE
01089,"Madison County, Alabama",346126,0.37567037436443435,0.9304646284878916,0.03548996608171591,0.01528634081230534,0.06953537151210831,66887,367686,0.05354568844068036,AL,11.110759907353348,12.81498459204724,3,TRUE
01091,"Marengo County, Alabama",17897,0.09501894750585874,0.9859753031234284,0.00664915907694026,8.940045817734816e-4,0.01402469687657148,33029,19138,0.01092068136691399,AL,10.405141242419408,9.859431166339208,1,FALSE
01093,"Marion County, Alabama",28291,0.1887684506852072,0.965607436994097,0.02428334099183485,0.00311052985048248,0.03439256300590299,40978,29818,0.01371654705211617,AL,10.620790616307143,10.302867516988345,2,FALSE
01095,"Marshall County, Alabama",89412,0.456065931159483,0.8711694179752159,0.11373193754753276,0.00307564980092157,0.12883058202478417,50216,96137,0.0707323923151336,AL,10.824088979997368,11.473529536467634,3,TRUE
01097,"Mobile County, Alabama",386795,0.2656425542161254,0.955981850851226,0.01882392481805607,0.01322664460502333,0.04401814914877389,49625,413977,0.03121912570022006,AL,10.812250017989491,12.933565695708628,3,TRUE
01099,"Monroe County, Alabama",19936,0.04529863744967519,0.9940810593900482,0.00100321027287319,0.00175561797752808,0.00591894060995179,31969,21006,0.00752166047795867,AL,10.372521962240311,9.95256339018272,1,FALSE
01101,"Montgomery County, Alabama",211104,0.3356454888916152,0.9392716386236168,0.0272046005760194,0.02077648931332423,0.06072836137638315,51963,226451,0.04722434433939351,AL,10.85828720583839,12.330283864960478,3,TRUE
01103,"Morgan County, Alabama",112101,0.33536832813470413,0.9202504883988546,0.0672072506043657,0.00256019125609941,0.0797495116011454,52923,119352,0.04481701186406595,AL,10.876593305964516,11.689832389062683,3,TRUE
01105,"Perry County, Alabama",8602,0.14969294670327565,0.969890723087654,0.0265054638456173,0,0.03010927691234599,23875,9104,0.02054042179261863,AL,10.08058716534893,9.116469156366112,1,FALSE
01107,"Pickens County, Alabama",19011,0.2125713549795039,0.9502919362474356,0.04702540634369576,4.208090053127137e-4,0.04970806375256431,40362,20049,0.03715896054666068,AL,10.60564402725366,9.90593455617918,2,FALSE
01109,"Pike County, Alabama",31489,0.30826531626460524,0.9455047794467908,0.01422719044745784,0.02172187112960081,0.0544952205532091,39218,33274,0.04189457233876299,AL,10.57689110405946,10.412531590219688,3,TRUE
01111,"Randolph County, Alabama",21418,0.14529681868825983,0.9729199738537678,0.01923615650387524,0,0.02708002614623217,45141,22732,0.016188632764385,AL,10.717546203426988,10.031528902417012,1,FALSE
01113,"Russell County, Alabama",53882,0.2874349318515658,0.9457889462158048,0.03327641884117145,0.00796184254482016,0.05421105378419511,42208,57938,0.03132659049328593,AL,10.65036505551704,10.967128752260184,3,TRUE
01115,"St. Clair County, Alabama",83709,0.17180047643507748,0.9694656488549618,0.02151501033341695,0.00351216715048561,0.03053435114503822,62531,88929,0.01673244948217117,AL,11.043417712757153,11.395593577531182,2,FALSE
01117,"Shelby County, Alabama",203949,0.3794160489201512,0.924598796758013,0.04690388283345346,0.01237073974375947,0.07540120324198696,78889,216350,0.04985440258839842,AL,11.27579708013099,12.28465274565303,3,TRUE
01119,"Sumter County, Alabama",11875,0.2223890270300017,0.9589894736842104,0.01911578947368421,0.01330526315789473,0.0410105263157895,26150,12595,0.01929337038507344,AL,10.171604469493069,9.441055188786711,2,FALSE
01121,"Talladega County, Alabama",75955,0.19532191489876377,0.9653742347442564,0.02247383319070502,0.00210651043380949,0.03462576525574357,43969,80244,0.02006380539354967,AL,10.691240119137069,11.29282727184198,2,FALSE
01123,"Tallapoosa County, Alabama",38254,0.14832367810675098,0.9725257489412872,0.02188006482982172,0.00133319391436189,0.02747425105871281,48160,40450,0.01624227441285537,AL,10.782284079982702,10.607821922486638,1,FALSE
01125,"Tuscaloosa County, Alabama",196347,0.31841633168024575,0.9427696883578562,0.03013542351041778,0.01007400163995375,0.05723031164214376,54283,208854,0.03524471640476122,AL,10.901966381397214,12.24939072224371,3,TRUE
01127,"Walker County, Alabama",59904,0.12992697336849726,0.9766626602564102,0.01817908653846154,0.00402310363247863,0.02333733974358975,45833,63802,0.01349487476881602,AL,10.732759634666934,11.063539816803926,1,FALSE
01129,"Washington County, Alabama",15518,0.04351375725137361,0.9941358422477125,0.00193323881943549,9.02178115736564e-4,0.00586415775228765,42331,16336,0.01328354554358472,AL,10.653274957143324,9.701126540404449,1,FALSE
01131,"Wilcox County, Alabama",9873,0.13550601892215883,0.975893851919376,0.00769776157196394,0,0.02410614808062394,35063,10552,0.00597043214556482,AL,10.46490172241293,9.26407069439715,1,FALSE
01133,"Winston County, Alabama",22473,0.1113350641584462,0.9801539625328172,0.01655319716993725,7.564633115293908e-4,0.01984603746718283,40991,23712,0.01345310391363023,AL,10.621107809394994,10.073736528095813,1,FALSE
02016,"Aleutians West Census Area, Alaska",5486,1.4906544324063098,0.4402114473204521,0.11210353627415238,0.3973751367116296,0.5597885526795479,87443,5708,0.4202873160476524,AK,11.378742431502491,8.649623978596727,4,TRUE
02020,"Anchorage Municipality, Alaska",271257,0.8229394838358557,0.8235805896253369,0.04645410072366796,0.08524388310716405,0.17641941037466313,84813,292090,0.10837070765859838,AK,11.348204111917251,12.584817252938729,4,TRUE
02050,"Bethel Census Area, Alaska",16340,0.8880584979500452,0.3871481028151775,0.01015911872705018,0.01817625458996328,0.6128518971848225,54400,18263,0.02135465148113672,AK,10.904119432844034,9.81263243419204,4,TRUE
02063,"Chugach Census Area, Alaska",6107,0.6100233055380155,0.865072867201572,0.04126412313738333,0.06255117078762076,0.13492713279842805,90776,6495,0.07528868360277136,AK,11.416150212470823,8.7787879291047,4,TRUE
02090,"Fairbanks North Star Borough, Alaska",90879,0.5297785342844463,0.8998558522871071,0.03230669351555364,0.02764114922039194,0.10014414771289291,76464,98455,0.04989081306180489,AK,11.24457532081794,11.49735486997927,4,TRUE
02110,"Juneau City and Borough, Alaska",30277,0.5844419265110042,0.8767711464147703,0.03610000990851141,0.05416652904845262,0.12322885358522973,88077,32099,0.08411476993052742,AK,11.385966710871005,10.37658015598488,4,TRUE
02122,"Kenai Peninsula Borough, Alaska",55278,0.402678957480367,0.9255219074496184,0.02603205615253808,0.01289844060928398,0.07447809255038174,69245,58809,0.03132173646890782,AK,11.145406219276818,10.982050183398536,3,TRUE
02130,"Ketchikan Gateway Borough, Alaska",13095,0.4922555443974905,0.8923253150057274,0.01947308132875143,0.06666666666666667,0.10767468499427256,74678,13833,0.08942384153835033,AK,11.220940816365069,9.534812320874815,4,TRUE
02150,"Kodiak Island Borough, Alaska",12436,0.9314141843695684,0.7064972660019299,0.05894178192344805,0.21759408169829528,0.29350273399807014,79173,13383,0.21265784951057312,AK,11.279390610588894,9.501740523796377,4,TRUE
02158,"Kusilvak Census Area, Alaska",7228,0.7076359932319913,0.6664360819037078,0.012174875484228,0.0023519645821804,0.33356391809629216,37358,8298,0.00566401542540371,AK,10.528302357719248,9.023769800892811,4,TRUE
02170,"Matanuska-Susitna Borough, Alaska",99849,0.3601793371050588,0.937215194944366,0.01642480145018978,0.01384089975863554,0.062784805055634,76118,107360,0.03350409836065574,AK,11.24004004676118,11.58394295220551,3,TRUE
02180,"Nome Census Area, Alaska",9031,0.8515497471415405,0.6995903000775108,0.009079836120031,0.02989702137083379,0.3004096999224892,62843,10009,0.03107203516834848,AK,11.048394831522833,9.21123996721902,4,TRUE
02185,"North Slope Borough, Alaska",8699,1.1094576069673407,0.6332911828945856,0.02655477641108173,0.0688584894815496,0.3667088171054144,79083,9375,0.07029333333333333,AK,11.278253212832064,9.14580185083861,4,TRUE
02188,"Northwest Arctic Borough, Alaska",6931,0.8285266030528524,0.6645505699033328,0.014427932477276,0.01486077045159428,0.33544943009666717,63750,7709,0.01452847321312751,AK,11.062724463020672,8.950143756459262,4,TRUE
02198,"Prince of Wales-Hyder Census Area, Alaska",5977,0.2948403070460575,0.945959511460599,0.01438848920863309,0.01405387318052534,0.05404048853940102,54018,6338,0.03013568949195329,AK,10.897072603336532,8.754318540250866,3,TRUE
02220,"Sitka City and Borough, Alaska",8158,0.6221646058482462,0.861240500122579,0.04290267222358421,0.06557979897033586,0.13875949987742098,81708,8569,0.0948768817831719,AK,11.310907195270968,9.055906318669118,4,TRUE
02240,"Southeast Fairbanks Census Area, Alaska",6416,0.6051018910149153,0.8566084788029925,0.02930174563591022,0.01807980049875312,0.1433915211970075,66941,6911,0.0792938793228187,AK,11.111566913404856,8.840869624091395,4,TRUE
02290,"Yukon-Koyukuk Census Area, Alaska",4890,0.49922720892638894,0.8642126789366054,0.00797546012269938,0.00879345603271983,0.13578732106339464,41728,5305,0.01376060320452403,AK,10.638927645286325,8.576405051048084,4,TRUE
04001,"Apache County, Arizona",66991,0.8734990686519118,0.4574345807645803,0.03316863459270648,0.00346315176665522,0.5425654192354197,33967,71714,0.01383272443316507,AZ,10.433144744037245,11.180441265546872,4,TRUE
04003,"Cochise County, Arizona",119128,0.7736959322124571,0.7244644416090256,0.23961621113424217,0.01374991605667853,0.27553555839097443,51505,126442,0.10521820281235664,AZ,10.849434169317794,11.747538983983638,4,TRUE
04005,"Coconino County, Arizona",134623,0.8173285588303969,0.7608952407835214,0.06878468018094977,0.01155820327878594,0.23910475921647856,59000,142254,0.04304272639082205,AZ,10.985292722887856,11.86536947110114,4,TRUE
04007,"Gila County, Arizona",50970,0.6294975922853542,0.8363547184618403,0.08179321169315283,0.00651363547184618,0.16364528153815971,46907,53846,0.03268580767373621,AZ,10.755922197028484,10.893883399417064,4,TRUE
04009,"Graham County, Arizona",35541,0.6978253886512544,0.7822233476829578,0.16201007287358263,0.00472693508905208,0.21777665231704224,55693,38304,0.02315685045948204,AZ,10.92760974476828,10.5533096083577,4,TRUE
04011,"Greenlee County, Arizona",8731,0.5714539361604907,0.8194937578742412,0.15359065399152444,0.00836101248425151,0.18050624212575883,66368,9465,0.0259904912836767,AZ,11.1029702915892,9.155356063643422,4,TRUE
04012,"La Paz County, Arizona",20095,0.6169286708587876,0.8049265986563822,0.16417019158994775,0.00696690719084349,0.19507340134361784,34956,21035,0.10149750415973376,AZ,10.461845406747434,9.95394299602462,4,TRUE
04013,"Maricopa County, Arizona",4135464,0.8712905171226956,0.7339415843058965,0.2012141805611172,0.02536571470577425,0.2660584156941035,67799,4412779,0.14729538914140047,AZ,11.12430272455718,15.300015207686547,4,TRUE
04015,"Mohave County, Arizona",201778,0.4335891191283165,0.8938239054802803,0.08629285650566464,0.00674999256608748,0.10617609451971964,47686,210998,0.06172570356117119,AZ,10.772393132748352,12.259603933740294,3,TRUE
04017,"Navajo County, Arizona",102851,0.8939095978823202,0.6359004773896219,0.05622696911065522,0.0061739798349068,0.36409952261037815,43140,110271,0.02599958284589783,AZ,10.672205919943147,11.610696251361285,4,TRUE
04019,"Pima County, Arizona",980870,0.8312504284193184,0.7258199353635039,0.22431922680885336,0.01878842252286235,0.27418006463649613,55023,1038476,0.1246730786267569,AZ,10.915506558619144,13.853264811776082,4,TRUE
04021,"Pinal County, Arizona",422382,0.6789130123838096,0.7907604964226695,0.1745221150522513,0.0122069595768759,0.20923950357733043,60968,447559,0.09028306882444548,AZ,11.018104415345954,13.011563651581866,4,TRUE
04023,"Santa Cruz County, Arizona",43468,0.556221346783766,0.21183399282230608,0.7827827367258673,0.00278365694303855,0.7881660071776939,41424,46594,0.33165214405288235,AZ,10.631615701991318,10.749227056459247,4,TRUE
04025,"Yavapai County, Arizona",222994,0.43887638296134984,0.8959523574625327,0.0812757293918222,0.00622438271881754,0.10404764253746734,53329,232396,0.06174805074097661,AZ,10.884235552246894,12.356198092107812,3,TRUE
04027,"Yuma County, Arizona",196954,0.7997733400072313,0.4594981569300446,0.5238989814880632,0.00760583689592493,0.5405018430699554,48790,211931,0.2671199588545328,AZ,10.795280652809884,12.264016028978627,4,TRUE
05001,"Arkansas County, Arkansas",16642,0.09843609514149972,0.9824540319673116,0.01496214397308015,6.008893161879582e-4,0.01754596803268837,51000,17761,0.0089521986374641,AR,10.839580911706465,9.784760321267326,1,FALSE
05003,"Ashley County, Arkansas",18807,0.21141976446407365,0.9481044292018928,0.05067262189610251,5.317169139150317e-4,0.05189557079810714,43601,20000,0.0247,AR,10.682835364853922,9.903487552536127,2,FALSE
05005,"Baxter County, Arkansas",39933,0.13723424853407834,0.976310319785641,0.01665289359677459,0.0023038589637643,0.02368968021435902,43504,41673,0.01766131548004703,AR,10.680608166872252,10.6376087160655,1,FALSE
05007,"Benton County, Arkansas",254368,0.5376713307718509,0.8607843753931312,0.10321659957227323,0.02673685369228833,0.13921562460686876,71556,273510,0.12159701656246572,AR,11.178235638911106,12.519093463247058,4,TRUE
05009,"Boone County, Arkansas",35317,0.1416552811771898,0.9781691536653736,0.00908910722881332,0.00353937197383696,0.02183084633462639,46392,37525,0.01332445036642238,AR,10.744882309556276,10.532762656501662,1,FALSE
05011,"Bradley County, Arkansas",10128,0.4343018599971356,0.8540679304897314,0.14237756714060032,0,0.1459320695102686,41808,10805,0.08088847755668672,AR,10.640842987760394,9.287764268940986,3,TRUE
05013,"Calhoun County, Arkansas",4958,0.22141015279765683,0.9528035498184751,0.03691004437273094,0.00100847115772488,0.04719645018152485,50441,5160,0.01841085271317829,AR,10.82855961541762,8.548691858475609,2,FALSE
05015,"Carroll County, Arkansas",26518,0.4460510644729168,0.8763104306508787,0.1063805716871559,0.01493325288483294,0.12368956934912134,48249,28062,0.08217518352220084,AR,10.784130381163758,10.242171626953942,3,TRUE
05017,"Chicot County, Arkansas",9831,0.31202887516652317,0.927372596887397,0.06001424066727698,0.00498423354694334,0.07262740311260296,33523,10433,0.03048020703536854,AR,10.419987049397925,9.25272913846797,3,TRUE
05019,"Clark County, Arkansas",21159,0.21161243109106215,0.9582210879531168,0.03246845314050758,0.00387541944326291,0.04177891204688311,39500,22341,0.02287274517702878,AR,10.584055950889214,10.014178834378756,2,FALSE
05021,"Clay County, Arkansas",13922,0.06719447581664374,0.9884355696020688,0.01048699899439735,0,0.01156443039793131,37933,14710,0.0071380013596193,AR,10.543576724621428,9.596282813595485,1,FALSE
05023,"Cleburne County, Arkansas",23859,0.12496079230865394,0.9791692862232282,0.01408273607443732,0.00435894211827821,0.02083071377677181,45563,25063,0.01181023819973666,AR,10.7268512626277,10.129147933974613,1,FALSE
05025,"Cleveland County, Arkansas",7672,0.03806061477815315,0.9943952033368092,0.00456204379562043,0,0.0056047966631908,46349,8063,0.0024804663276696,AR,10.743954995788227,8.995040974685022,1,FALSE
05027,"Columbia County, Arkansas",22171,0.18396140174070463,0.9659465066979388,0.02413062108159307,0.00550268368589599,0.0340534933020612,37609,23620,0.01858594411515664,AR,10.534998662437673,10.069849089751353,2,FALSE
05029,"Conway County, Arkansas",19698,0.17902158607843738,0.9643110975733578,0.02848004873591227,0.00497512437810945,0.03568890242664224,44456,20895,0.02072266092366595,AR,10.702255214959758,9.947265174882016,2,FALSE
05031,"Craighead County, Arkansas",101534,0.29721794379959315,0.9426399038745642,0.03725845529576299,0.00549569602300707,0.0573600961254358,49730,109081,0.03920939485336584,AR,10.814363651708785,11.599846004500929,3,TRUE
05033,"Crawford County, Arkansas",59099,0.32493092902662046,0.929051252982284,0.05302966209242119,0.01270749082048765,0.07094874701771603,48980,63118,0.04252352736144998,AR,10.799167330506158,11.052761269339682,3,TRUE
05035,"Crittenden County, Arkansas",44675,0.1579109185770437,0.974952434247342,0.01403469501958589,0.00521544487968662,0.02504756575265809,42384,48381,0.01783758086852276,AR,10.65452621151185,10.786862453648626,1,FALSE
05037,"Cross County, Arkansas",15475,0.12983375801507988,0.977059773828756,0.00646203554119547,6.462035541195477e-4,0.02294022617124391,44379,16576,0.02111486486486486,AR,10.700521663560345,9.71571114505921,1,FALSE
05039,"Dallas County, Arkansas",6756,0.05713507919578704,0.99052693901717,0.00828892835997631,0,0.00947306098283007,35134,7114,0.00168681473151532,AR,10.466924601573329,8.8698199525084,1,FALSE
05041,"Desha County, Arkansas",10793,0.2754987819491496,0.9324562216251274,0.06105809320856111,0.00500324284258315,0.06754377837487258,31855,11538,0.03761483792685041,AR,10.368949634550589,9.353401214816834,3,TRUE
05043,"Drew County, Arkansas",17135,0.1310429473002277,0.9753136854391596,0.0203093084330318,2.918004085205719e-4,0.02468631456084036,42924,18263,0.0071182171603789,AR,10.667186389047018,9.81263243419204,1,FALSE
05045,"Faulkner County, Arkansas",117212,0.2915924731397919,0.9485206292871036,0.02818824011193393,0.00941883083643313,0.05147937071289632,54191,124800,0.03552083333333333,AR,10.900270121979116,11.734467734917464,3,TRUE
05047,"Franklin County, Arkansas",16753,0.1155693799470875,0.9817943054975228,0.00996836387512684,0.00364113890049543,0.01820569450247722,37561,17785,0.00804048355355636,AR,10.533721557035944,9.786110684382557,1,FALSE
05049,"Fulton County, Arkansas",11700,0.05494553557778661,0.9917094017094016,0.00239316239316239,8.547008547008547e-5,0.0082905982905983,35274,12301,0.01284448418827737,AR,10.47090142763031,9.417435838868784,1,FALSE
05051,"Garland County, Arkansas",93816,0.3224074446437529,0.9347232881384838,0.0436172934254285,0.0079623944742901,0.06527671186151618,48150,99043,0.04299142796563109,AR,10.782076417226271,11.503309378251265,3,TRUE
05053,"Grant County, Arkansas",17217,0.12645152138079185,0.9745600278794216,0.02358134402044491,0,0.02543997212057847,59051,18229,0.01590871687969718,AR,10.986156756283131,9.81076901153292,1,FALSE
05055,"Greene County, Arkansas",42184,0.1037128202203825,0.9834060307225488,0.01123648776787407,0.00263132941399582,0.01659396927745116,50083,45197,0.00681461158926477,AR,10.821436908133151,10.718785991936208,1,FALSE
05057,"Hempstead County, Arkansas",20209,0.3767257903024012,0.8867831164332723,0.1091098025632144,0.00192983324261467,0.11321688356672766,45484,21695,0.06038257663056003,AR,10.725115894744611,9.98483709823245,3,TRUE
05059,"Hot Spring County, Arkansas",32022,0.1884733571784004,0.9605271375929048,0.03435138342389607,0.00165511211042408,0.03947286240709513,46390,33667,0.01003950455936079,AR,10.74483919774579,10.424273408096372,2,FALSE
05061,"Howard County, Arkansas",12328,0.5289145949963636,0.8487994808565866,0.11640168721609344,0.00657040882543802,0.15120051914341337,38038,13267,0.07462124067234492,AR,10.546340939041606,9.493035027916918,4,TRUE
05063,"Independence County, Arkansas",35093,0.23140745480329705,0.9503604707491522,0.04197418288547573,0.00501524520559655,0.0496395292508478,48972,37585,0.02995876014367433,AR,10.799003985193806,10.53436031361157,2,FALSE
05065,"Izard County, Arkansas",12996,0.14467545277470387,0.9757617728531855,0.01231148045552477,0.00230840258541089,0.02423822714681445,42818,13596,0.00706090026478376,AR,10.664713853906669,9.517530910816006,1,FALSE
05067,"Jackson County, Arkansas",16006,0.12894873064794063,0.977945770336124,0.01555666625015619,0.00174934399600149,0.02205422966387604,37885,16908,0.0056777856635912,AR,10.542310534365471,9.73554216168668,1,FALSE
05069,"Jefferson County, Arkansas",64066,0.24324142413422575,0.958979802079106,0.01846533262572971,0.01014578715699435,0.04102019792089406,40402,68123,0.01676379490040074,AR,10.606634567674408,11.129070173736432,2,FALSE
05071,"Johnson County, Arkansas",24817,0.4373595693995131,0.8802836765120683,0.10170447676995607,0.01128258854817262,0.11971632348793172,39346,26475,0.08948064211520303,AR,10.580149596836211,10.183956170469608,3,TRUE
05073,"Lafayette County, Arkansas",6369,0.15177670615084837,0.9726801695713612,0.01821322028575914,0.00785052598524101,0.02731983042863872,33763,6728,0.02348394768133175,AR,10.427120807321092,8.814033201652784,1,FALSE
05075,"Lawrence County, Arkansas",15556,0.08404669475210397,0.9870146567240936,0.00726407816919516,2.5713551041398817e-4,0.01298534327590639,40587,16511,0.00896372115559324,AR,10.61120309727147,9.711782104431832,1,FALSE
05077,"Lee County, Arkansas",8488,0.1471186250010503,0.9709000942507068,0.02521206409048067,0,0.02909990574929311,27902,8963,0.01171482762467923,AR,10.236453649828054,9.100860271357362,1,FALSE
05079,"Lincoln County, Arkansas",12708,0.21564010281717408,0.9512118350645264,0.04438149197355996,0,0.04878816493547366,46554,13278,0.01943063714414821,AR,10.748368208122004,9.493863809279103,2,FALSE
05081,"Little River County, Arkansas",11560,0.10341612679914187,0.9827854671280276,0.01115916955017301,0.00354671280276816,0.01721453287197227,48966,12345,0.0038072093965168,AR,10.7988814586973,9.42100640177928,1,FALSE
05083,"Logan County, Arkansas",20321,0.2207294482078061,0.961665272378328,0.01520594458934107,0.01559962600265735,0.03833472762167211,44232,21619,0.01480179471760951,AR,10.697203788017768,9.981327836654463,2,FALSE
05085,"Lonoke County, Arkansas",68252,0.22002561488014327,0.9602355974916486,0.02653402098107015,0.00777999179511223,0.03976440250835145,59278,73163,0.02230635703839372,AR,10.98999352120919,11.200445107678291,2,FALSE
05087,"Madison County, Arkansas",15292,0.19279850012574043,0.96534135495684,0.01909495160868428,0.00568924928066963,0.03465864504315985,41446,16393,0.02806075764045629,AR,10.632146654097433,9.704609693426455,2,FALSE
05089,"Marion County, Arkansas",15857,0.11050595591153316,0.98360345588699,0.00681087217001955,0.0024594816169515,0.01639654411301006,38426,16586,0.01838900277342337,AR,10.556489592791646,9.71631424501115,1,FALSE
05091,"Miller County, Arkansas",40861,0.12566996207797448,0.9786593573333986,0.01480629451065808,0.00452754460243263,0.0213406426666014,45391,43515,0.01914282431345513,AR,10.72306912649225,10.680860985223614,1,FALSE
05093,"Mississippi County, Arkansas",38424,0.18894736716741875,0.9602331875910888,0.03505621486570893,0.00247241307516135,0.03976681240891111,42986,41396,0.01664412020485071,AR,10.66862976026722,10.630939536788064,2,FALSE
05095,"Monroe County, Arkansas",6449,0.1117007146895523,0.9810823383470304,0.01380058923864165,7.753140021708792e-4,0.01891766165296948,38438,6879,0.00305276929786306,AR,10.55680183259435,8.836228571526014,1,FALSE
05097,"Montgomery County, Arkansas",8532,0.16237079146867056,0.9639006094702296,0.0343413033286451,0.00175808720112517,0.03609939052977029,41165,8964,0.02588130298973672,AR,10.625343659732527,9.100971834920818,1,FALSE
05099,"Nevada County, Arkansas",7760,0.01716628798063441,0.9975515463917526,0.00244845360824742,0,0.00244845360824741,39946,8249,1.212268153715602e-4,AR,10.595283821025117,9.017847259860732,1,FALSE
05101,"Newton County, Arkansas",7407,0.05106058399695965,0.9929796138787632,0.00283515593357634,0.00108005940326717,0.00702038612123667,39542,7753,0.0020637172707339,AR,10.585118677134826,8.955835144218959,1,FALSE
05103,"Ouachita County, Arkansas",22293,0.10838807898066193,0.982326290763917,0.01224599650114385,5.382855604898399e-4,0.01767370923608302,38279,23597,0.00961986693223714,AR,10.552656721923686,10.068874864289374,1,FALSE
05105,"Perry County, Arkansas",9798,0.114376456486912,0.9786691161461524,0.01847315778730353,6.12369871402327e-4,0.02133088385384773,44926,10342,0.00599497195900212,AR,10.712771970725116,9.243968552956169,1,FALSE
05107,"Phillips County, Arkansas",16815,0.0826692398426245,0.9869164436515016,0.0088016651798989,0,0.01308355634849833,33724,18151,0.00512368464547407,AR,10.425965029042564,9.806480934593978,1,FALSE
05109,"Pike County, Arkansas",10140,0.22141913649291753,0.9467455621301776,0.05069033530571992,4.930966469428008e-4,0.05325443786982253,42983,10714,0.03658764233712899,AR,10.668559967667536,9.279306576440906,2,FALSE
05111,"Poinsett County, Arkansas",22244,0.11023141234964648,0.9791404423664808,0.01861176047473476,4.4955943175687825e-5,0.0208595576335191,40700,23747,0.01246473238724891,AR,10.613983371430686,10.075211485694805,1,FALSE
05113,"Polk County, Arkansas",18841,0.27959992547500945,0.937742158059551,0.05084655803832069,0.003980680430975,0.06225784194044903,39084,19999,0.04050202510125506,AR,10.573468455064232,9.903437551286084,3,TRUE
05115,"Pope County, Arkansas",59916,0.4087216664762318,0.9131450697643368,0.05798117364310034,0.00942986848254222,0.08685493023566326,46004,63926,0.0543284422613647,AR,10.736483628212472,11.06548144336906,3,TRUE
05117,"Prairie County, Arkansas",7688,0.03914450652021755,0.9940166493236212,0.00507284079084287,0,0.00598335067637878,42754,8138,0.00307200786434013,AR,10.663218037239226,9.004299728561636,1,FALSE
05119,"Pulaski County, Arkansas",367209,0.3932789444940336,0.9216903725126564,0.04802986854897347,0.01287822466224956,0.07830962748734371,52930,393078,0.05300729117376195,AR,10.876725564852034,12.881763344440625,3,TRUE
05121,"Randolph County, Arkansas",16838,0.2035107306809315,0.9632379142415964,0.01633210595082551,0.01627271647464069,0.03676208575840356,42844,17934,0.03607672577227612,AR,10.66532089088452,9.794453631511994,2,FALSE
05123,"St. Francis County, Arkansas",23884,0.24236413660807735,0.945570256238486,0.04680957963490202,0.00401942723161949,0.05442974376151399,36053,25477,0.03450170742238097,AR,10.49274535700381,10.145531363350818,2,FALSE
05125,"Saline County, Arkansas",113931,0.2554247582979317,0.9507508930844109,0.03444189904415831,0.00939164933161299,0.04924910691558926,66876,120990,0.03052318373419291,AR,11.110595437357537,11.703463176535523,2,FALSE
05127,"Scott County, Arkansas",9654,0.2505650835076524,0.947172156619018,0.0399834265589393,0.01160140874249016,0.05282784338098201,42635,10269,0.02989580290193787,AR,10.66043079117615,9.236884927198297,2,FALSE
05129,"Searcy County, Arkansas",7513,0.0469268220785207,0.993078663649674,5.324104884866232e-4,0.00173033408758152,0.0069213363503261,35077,7898,0.00709040263357812,AR,10.465300924015038,8.974364841846596,1,FALSE
05131,"Sebastian County, Arkansas",119338,0.5781433555226038,0.847709866094622,0.1124201846855151,0.03204343964202517,0.15229013390537804,47878,127670,0.08656693036735333,AR,10.776411387705071,11.757204088814396,4,TRUE
05133,"Sevier County, Arkansas",15591,0.6949335112537366,0.6816111859406068,0.3061381566288243,0.00808158553011352,0.31838881405939323,47872,16947,0.15595680651442734,AR,10.77628606133415,9.737846105993372,4,TRUE
05135,"Sharp County, Arkansas",16351,0.06847823685381506,0.989052657329827,0.00874564246835056,4.892667115161153e-4,0.01094734267017305,35573,17217,0.00673752686298425,AR,10.479342202122597,9.753652546776472,1,FALSE
05137,"Stone County, Arkansas",12004,0.079465080406737,0.987087637454182,0.00858047317560813,0,0.01291236254581806,36067,12582,0.00699411858210141,AR,10.493133598827878,9.440022500129976,1,FALSE
05139,"Union County, Arkansas",36472,0.2318232626792548,0.9537727571835928,0.03578087299846457,0.00707391971923667,0.04622724281640711,45293,39089,0.0242011819181867,AR,10.720907774144534,10.573596376469498,2,FALSE
05141,"Van Buren County, Arkansas",15824,0.13030871685683926,0.9780712841253792,0.01327098078867543,0.00612992922143579,0.02192871587462086,40442,16578,0.01514054771383761,AR,10.607624127895676,9.715831794151471,1,FALSE
05143,"Washington County, Arkansas",220295,0.6476074314359311,0.8210899021766268,0.12798293197757551,0.03886152658934611,0.1789100978233732,52380,236198,0.10751572832962177,AR,10.866280118061702,12.372425715309042,4,TRUE
05145,"White County, Arkansas",73896,0.27413906284889417,0.943163364728808,0.04372361156219551,0.00377557648587203,0.05683663527119198,44000,78725,0.0282756430612893,AR,10.691944912900398,11.273716045969223,3,TRUE
05147,"Woodruff County, Arkansas",6095,0.01216048918025386,0.9983593109105824,0.00164068908941755,0,0.0016406890894175,40331,6477,9.263547938860583e-4,AR,10.604875682997651,8.776012719182917,1,FALSE
05149,"Yell County, Arkansas",20093,0.5372392274828944,0.8173493256357935,0.16836709301746877,0.01149654108395958,0.18265067436420648,47981,21425,0.09554259043173864,AR,10.778560378194,9.97231374346598,4,TRUE
06001,"Alameda County, California",1565658,1.5562662532435036,0.5432093088017945,0.16005858239794388,0.1974901287509788,0.4567906911982055,104888,1661584,0.32756333715298175,CA,11.560648393179235,14.323281922224687,4,TRUE
06005,"Amador County, California",37540,0.4253146059098408,0.9064997336174748,0.06598295151838039,0.007059136920618,0.09350026638252527,65187,39023,0.05870896650693181,CA,11.085015341531545,10.571906494871117,3,TRUE
06007,"Butte County, California",211194,0.6334743841743697,0.8448535469757663,0.1003200848508954,0.03485894485638796,0.1551464530242337,54972,223344,0.0752113331900566,CA,10.914579243674742,12.31646846275254,4,TRUE
06009,"Calaveras County, California",43924,0.3954212219443634,0.9183817502959658,0.05281850468991895,0.01618705035971223,0.0816182497040342,67054,45828,0.04327048965697826,CA,11.113253543902829,10.732650537013516,3,TRUE
06011,"Colusa County, California",19935,0.7718359711321473,0.48582894406822175,0.5015299724103336,0.00346124905944319,0.5141710559317783,59427,21491,0.27774417197896795,CA,10.99250394753079,9.975389521825209,4,TRUE
06013,"Contra Costa County, California",1082824,1.250699134651507,0.6467219049448479,0.1807652951910929,0.0995544982379408,0.35327809505515206,103997,1147788,0.2484082426371421,CA,11.552117331553603,13.953347169818684,4,TRUE
06015,"Del Norte County, California",26036,0.5542920286704246,0.877630972499616,0.07497311414963896,0.02292978952220003,0.12236902750038404,49981,27692,0.08045644951610574,CA,10.819398212191988,10.228898841797916,4,TRUE
06017,"El Dorado County, California",181730,0.5688000871289527,0.8827546359984593,0.0587134760358774,0.02896604853353876,0.11724536400154072,83710,190345,0.09296277811342564,CA,11.335113723654102,12.156593494063497,4,TRUE
06019,"Fresno County, California",913840,1.095076051449494,0.5577212641162567,0.3407762846887858,0.06081699203361639,0.44227873588374333,57109,990204,0.20380143889541952,CA,10.952717001437316,13.805666261489264,4,TRUE
06021,"Glenn County, California",26009,0.8705755177331843,0.6008689299857741,0.3593756007535853,0.02399169518243684,0.3991310700142259,51682,28060,0.17758374910905203,CA,10.852864837398071,10.242100353656452,4,TRUE
06023,"Humboldt County, California",128976,0.5186260160839382,0.8821718769383451,0.07654137203820865,0.02309732043170822,0.11782812306165492,49235,136101,0.05419504632589033,CA,10.804360031681902,11.82115253615114,4,TRUE
06025,"Imperial County, California",166079,0.6668383778662904,0.24930906375881356,0.7357763474009357,0.00862842382239777,0.7506909362411864,46222,180580,0.30106324066895557,CA,10.741211154203317,12.10392917186147,4,TRUE
06027,"Inyo County, California",17204,0.5701691593248546,0.8406765868402697,0.12973727040223204,0.00848639851197395,0.1593234131597303,59296,17930,0.07334076965978807,CA,10.990297129085086,9.79423056659918,4,TRUE
06029,"Kern County, California",823391,0.9455943257713044,0.5614295031157737,0.387032406232276,0.02824539010020755,0.43857049688422634,54851,892458,0.19772695185655795,CA,10.91237569707775,13.7017347327051,4,TRUE
06031,"Kings County, California",139629,0.9083588337028692,0.5840835356552005,0.37050326221630175,0.02485157094872842,0.41591646434479945,61556,151090,0.1946521940565226,CA,11.027702608583745,11.925630964733887,4,TRUE
06033,"Lake County, California",60562,0.5480673651721159,0.8394207588917143,0.13737987516924804,0.00625804960206069,0.1605792411082857,49254,64276,0.08177235671168087,CA,10.804745861576322,11.070941590161643,4,TRUE
06035,"Lassen County, California",29222,0.6468898097153539,0.8093901854766956,0.15608103483676683,0.02015604681404421,0.1906098145233044,56971,30600,0.05333333333333334,CA,10.950297645418509,10.328755287940472,4,TRUE
06037,"Los Angeles County, California",9447621,1.3941849852955126,0.4390955140982053,0.3871711195866134,0.10845936770748954,0.5609044859017948,71358,10040682,0.33729093302626256,CA,11.1754647399553,16.122155598207687,4,TRUE
06039,"Madera County, California",144541,0.8693978931836777,0.5484326246532126,0.4187116458305948,0.00922921523996651,0.45156737534678737,61924,155925,0.2043482443482443,CA,11.033663105660356,11.957130401394323,4,TRUE
06041,"Marin County, California",247427,0.8632121280131749,0.7894045516455358,0.11472878869323072,0.03031601239961685,0.2105954483544642,121671,259441,0.18262726400222015,CA,11.709075959700623,12.466284595429522,4,TRUE
06043,"Mariposa County, California",16568,0.4162834855296462,0.9052993722839208,0.07073877353935297,0.01098503138580396,0.09470062771607923,50960,17319,0.05595011259310584,CA,10.838796290246044,9.759559443729044,3,TRUE
06045,"Mendocino County, California",82105,0.6693646568316657,0.7803178856342489,0.1914865111747153,0.01462761098593264,0.2196821143657511,52915,87110,0.12254620594650442,CA,10.876442131527824,11.374926966812938,4,TRUE
06047,"Merced County, California",252523,1.0556725573892498,0.47523987913972193,0.43818582861759126,0.04030127948741303,0.5247601208602781,56330,273661,0.26407489558249075,CA,10.93898253188876,12.519645393096532,4,TRUE
06049,"Modoc County, California",8371,0.4781623056019267,0.868355035240712,0.10882809700155298,0.02066658702663959,0.131644964759288,51250,8853,0.07590647238224331,CA,10.844470897000654,9.08851166361105,4,TRUE
06051,"Mono County, California",13695,0.8418142397624,0.7368382621394669,0.1813800657174151,0.00606060606060606,0.2631617378605331,64924,14395,0.15943035776311218,CA,11.08097263402496,9.574636203046277,4,TRUE
06053,"Monterey County, California",402245,1.027603372584161,0.4529254558788798,0.48321793931559126,0.03536401944088802,0.5470745441211202,76943,432977,0.28969437175646745,CA,11.250820166968028,12.978439887790918,4,TRUE
06055,"Napa County, California",131730,0.9743643103300716,0.6576102634175967,0.26535337432627343,0.04187352918849161,0.34238973658240335,92219,138572,0.2120341771786508,CA,11.431921462067118,11.83914532512709,4,TRUE
06057,"Nevada County, California",95265,0.3932482679777227,0.9192463129166012,0.0499029024300635,0.00668661103238335,0.08075368708339892,68333,99417,0.05752537292414778,CA,11.132148091391755,11.5070784041783,3,TRUE
06059,"Orange County, California",2984557,1.417104732436533,0.5484143877969159,0.24536472246969987,0.1518074541715906,0.4515856122030842,94441,3170345,0.29619142396174547,CA,11.455730579876976,14.969350972739171,4,TRUE
06061,"Placer County, California",371120,0.7132304773244849,0.8486904505281311,0.06204192713946971,0.03810896744988144,0.15130954947186892,93677,391799,0.11297374419026082,CA,11.447607973847637,12.878504232166708,4,TRUE
06063,"Plumas County, California",18048,0.35333838732019096,0.9248670212765956,0.05186170212765957,0.01091533687943262,0.0751329787234043,57233,18844,0.03958819783485459,CA,10.954885934088674,9.843949839819931,3,TRUE
06065,"Riverside County, California",2281746,1.0158468293014582,0.5885234377533696,0.34174092997204775,0.04307490842539003,0.4114765622466304,70732,2437864,0.21467645446997863,CA,11.166653366174868,14.70663280403836,4,TRUE
06067,"Sacramento County, California",1439031,1.2357556378763508,0.6759576409403272,0.13309720221454577,0.0986476316354547,0.3240423590596728,70684,1537948,0.20912670649462792,CA,11.165974517927946,14.245959618333108,4,TRUE
06069,"San Benito County, California",57446,0.8710523384723445,0.5879434599449919,0.3768234515893187,0.01651986213139296,0.41205654005500814,85808,61547,0.1866703494890084,CA,11.359867521222707,11.027556389563635,4,TRUE
06071,"San Bernardino County, California",2009812,1.0311397051619355,0.5828530230688244,0.3429863091672256,0.05195361556205256,0.4171469769311757,65761,2162532,0.20675948379029768,CA,11.09378223642709,14.586790315366548,4,TRUE
06073,"San Diego County, California",3118216,1.1810056457104463,0.6298691302975804,0.24174207303150264,0.07876555055839621,0.3701308697024196,82426,3323970,0.2293221659641934,CA,11.319656200107769,15.01667040964599,4,TRUE
06075,"San Francisco County, California",835589,1.440527501709274,0.5740202420089302,0.10582355679646334,0.24918949387797112,0.4259797579910698,119136,874784,0.3423816622160442,CA,11.688020976672444,13.681732277722654,4,TRUE
06077,"San Joaquin County, California",699245,1.199613700225862,0.5952606025069896,0.25863896059321123,0.08695664609686161,0.4047393974930104,68628,751615,0.23014575281227756,CA,11.136455893703316,13.529979503746462,4,TRUE
06079,"San Luis Obispo County, California",269611,0.6554593577945459,0.8289053488173702,0.1269681133188186,0.0205073235142483,0.1710946511826298,77948,282517,0.09534293511540898,CA,11.263797216684026,12.55149400474922,4,TRUE
06081,"San Mateo County, California",722535,1.5169767180260094,0.5443044281591896,0.17922730386763272,0.1941885168192544,0.4556955718408104,128091,765623,0.3495480151458355,CA,11.760496227805405,13.54844516046692,4,TRUE
06083,"Santa Barbara County, California",417185,1.0051203966441191,0.5991298824262618,0.33324064863310043,0.03747977515970133,0.40087011757373825,78925,444895,0.22681306825205944,CA,11.276253313426192,13.005593578250425,4,TRUE
06085,"Santa Clara County, California",1810821,1.739840622189634,0.46638237572902014,0.17294917609194946,0.2519067318083897,0.5336176242709798,130890,1924379,0.39724763157361415,CA,11.782112554785764,14.470113876255688,4,TRUE
06087,"Santa Cruz County, California",259509,0.9358806266629154,0.6760305037590219,0.25767121756856215,0.02885063716479968,0.32396949624097815,89986,273170,0.17534502324559798,CA,11.407409381656826,12.517849590986,4,TRUE
06089,"Shasta County, California",168825,0.4354656460277019,0.914207019102621,0.0462668443654672,0.01757441137272323,0.08579298089737897,57139,179267,0.05729442674892757,CA,10.953242174756578,12.09663159357436,3,TRUE
06093,"Siskiyou County, California",41284,0.4139930552847684,0.9049752930917548,0.06944579013661467,0.00845363821335142,0.09502470690824528,47403,43516,0.05910469712289732,CA,10.766440796819609,10.680883965540971,3,TRUE
06095,"Solano County, California",417774,1.0142275013302602,0.7085338005716009,0.16445973181672388,0.1000564898725148,0.29146619942839913,84638,444538,0.19737345288816704,CA,11.346138617323344,13.004790819595929,4,TRUE
06097,"Sonoma County, California",472319,0.8423127295885885,0.7408742820000889,0.2004111627946367,0.02907357103991158,0.25912571799991113,86173,496801,0.16590546315325452,CA,11.364112182528563,13.115944822481827,4,TRUE
06099,"Stanislaus County, California",507018,1.0717263694935557,0.5737468886706192,0.3358993171840053,0.02773866016591127,0.4262531113293808,62873,546235,0.2021931952364825,CA,11.048872097750989,13.210804565060672,4,TRUE
06101,"Sutter County, California",89824,1.024441383254847,0.6339063056644104,0.2064258995368721,0.0202061809761311,0.3660936943355896,63502,96315,0.2174635311218398,CA,11.058826680447783,11.475379348896258,4,TRUE
06103,"Tehama County, California",60369,0.6098756919695473,0.8009243154599215,0.1777236661200285,0.0104855140883566,0.1990756845400785,48895,64176,0.087478184991274,CA,10.797430420746377,11.069384588009834,4,TRUE
06105,"Trinity County, California",11947,0.24033196083024552,0.9531263078597138,0.02485979743868753,0.01841466476939817,0.04687369214028625,41780,12541,0.03109799856470775,CA,10.640173035110555,9.43675855582405,2,FALSE
06107,"Tulare County, California",427013,0.9018993715351836,0.4897602649099676,0.4721753201893151,0.02065510886085435,0.5102397350900324,52534,463955,0.214947570346262,CA,10.869215858012614,13.04754284374664,4,TRUE
06109,"Tuolumne County, California",51769,0.3731182941490218,0.922907531534316,0.04956634279201839,0.01046958604570302,0.07709246846568407,60509,54147,0.04737104548728461,CA,11.01054739328579,10.899457849232355,3,TRUE
06111,"Ventura County, California",796420,1.0330404634067245,0.6205356470204164,0.29955676653022273,0.04144923532809321,0.3794643529795836,89295,845599,0.2127958997113289,CA,11.3997007742556,13.647800530945224,4,TRUE
06113,"Yolo County, California",206713,1.2026574362518034,0.6356494269833054,0.21138970456623435,0.08255407255470144,0.3643505730166946,73746,218774,0.22513187124612613,CA,11.208382035443035,12.295794512487404,4,TRUE
06115,"Yuba County, California",71488,0.8485751591727517,0.7448942479856759,0.17851947179946284,0.05497426141450314,0.25510575201432406,59424,77524,0.12069810639285898,CA,10.992453464152431,11.25834284482064,4,TRUE
08001,"Adams County, Colorado",474092,0.8498997955062694,0.7205352547606794,0.2248550914168558,0.02512592492596373,0.27946474523932063,73817,509844,0.14814335365327433,CO,11.209344336365069,13.141860075556018,4,TRUE
08003,"Alamosa County, Colorado",15064,0.7784385107699939,0.7231810939989378,0.22716409984067976,0.00942644715878916,0.2768189060010622,41121,16153,0.07658020182009534,CO,10.62427421889949,9.68986106991376,4,TRUE
08005,"Arapahoe County, Colorado",610053,0.952362805188516,0.7668251774845792,0.12212381547177048,0.04172588283313089,0.23317482251542077,80291,649980,0.1532139450444629,CO,11.293412813952331,13.384696872167668,4,TRUE
08007,"Archuleta County, Colorado",12989,0.3320317458188697,0.925629378705058,0.05904996535530064,0.0044653168065286,0.07437062129494187,55658,13588,0.04268472181336473,CO,10.926981101987296,9.516942329280475,3,TRUE
08011,"Bent County, Colorado",5473,0.4603000773245326,0.8602229124794446,0.1247944454595286,9.135757354284672e-4,0.1397770875205554,38083,5677,0.03910516117667782,CO,10.547523267314808,8.644178203170727,4,TRUE
08013,"Boulder County, Colorado",310263,0.656968119447936,0.85360162184985,0.08090877739208349,0.02832113400566616,0.14639837815015,87476,324682,0.10136687589703156,CO,11.379119749008211,12.690601520767435,4,TRUE
08014,"Broomfield County, Colorado",65765,0.6487723723381368,0.867862844978332,0.05458830685014825,0.03938265034592869,0.132137155021668,101206,69444,0.10026784171418696,CO,11.524913322615555,11.14827595136184,4,TRUE
08015,"Chaffee County, Colorado",19216,0.3469169377430569,0.9260512073272272,0.04527477102414654,0.00744171523730224,0.07394879267277266,55176,19977,0.03809380787906092,CO,10.918283355111129,9.902336890778733,3,TRUE
08019,"Clear Creek County, Colorado",9217,0.3000752977403052,0.9406531409352284,0.03504394054464576,0.00444830205055875,0.05934685906477166,71919,9533,0.02192384349103115,CO,11.183295764710682,9.162514742493578,3,TRUE
08021,"Conejos County, Colorado",7610,0.7050150167258934,0.7208935611038108,0.25229960578186594,0.00302233902759526,0.27910643889618925,33611,8130,0.02189421894218942,CO,10.422608673326224,9.003316202541857,4,TRUE
08025,"Crowley County, Colorado",5535,0.486630549774992,0.8639566395663957,0.11454381210478772,0.00993676603432701,0.13604336043360432,40785,5733,0.03750218035932321,CO,10.61606964573468,8.653994232908383,4,TRUE
08029,"Delta County, Colorado",29309,0.4077515904493648,0.9013272373673616,0.07956600361663653,0.00668736565560066,0.09867276263263848,47968,30758,0.04470381689316601,CO,10.778289400902324,10.33390540199987,3,TRUE
08031,"Denver County, Colorado",673747,0.840972785779841,0.7543989064144256,0.18225684121784583,0.02339899101591546,0.24560109358557436,72661,715878,0.14034374572203642,CO,11.193560068411012,13.481265040363123,4,TRUE
08035,"Douglas County, Colorado",324378,0.4885513827760367,0.9085696317259494,0.03380623840087798,0.02387646511169068,0.0914303682740506,121393,344280,0.07628093412338793,CO,11.706788495319069,12.74921055876341,4,TRUE
08037,"Eagle County, Colorado",51974,0.7175206286564076,0.7434294070111979,0.22667102782160312,0.00769615577019278,0.25657059298880214,85877,54960,0.15251091703056768,CO,11.360671318918662,10.914360926896231,4,TRUE
08039,"Elbert County, Colorado",25090,0.2431813427324636,0.9530490235153448,0.03100836986847349,0.00346751693901953,0.04695097648465529,104231,26230,0.02535264963781929,CO,11.55436486885409,10.17465907286092,2,FALSE
08041,"El Paso County, Colorado",663336,0.5314433336123097,0.8834919256606003,0.07433939964060446,0.01632355246813078,0.11650807433939968,71517,710499,0.06957082275977869,CO,11.1776904626589,13.473722819058766,4,TRUE
08043,"Fremont County, Colorado",45846,0.3308805641836853,0.9314007765126728,0.0490119094359377,0.00394799982550277,0.06859922348732717,52364,47725,0.02550026191723415,CO,10.86597461129999,10.773210648593947,3,TRUE
08045,"Garfield County, Colorado",55533,0.6760378716641319,0.7418111753371869,0.23958727243260763,0.00442979849819026,0.2581888246628131,75435,59605,0.14027346699102425,CO,11.231026637274176,10.995494742152102,4,TRUE
08047,"Gilpin County, Colorado",5924,0.30630460780460544,0.9405806887238352,0.024983119513842,0,0.05941931127616473,90547,6108,0.04142108709888671,CO,11.413624331895797,8.717354666338522,3,TRUE
08049,"Grand County, Colorado",14942,0.2990912195099437,0.9272520412260742,0.06384687458171596,0.00522018471422834,0.07274795877392581,71769,15536,0.03881307929969104,CO,11.181207906928693,9.650915190531109,3,TRUE
08051,"Gunnison County, Colorado",16401,0.4037679163408707,0.9045180171940737,0.07084933845497225,3.658313517468447e-4,0.09548198280592646,60557,17119,0.03983877562941761,CO,11.011340349235688,9.747944236774778,3,TRUE
08055,"Huerfano County, Colorado",6477,0.3302908892402645,0.9183263856723792,0.06824146981627296,0.00756523081673614,0.08167361432762077,40255,6769,0.02260304328556655,CO,10.60298949873408,8.820108644508608,3,TRUE
08059,"Jefferson County, Colorado",549329,0.500355416907925,0.8966375341553058,0.06039003948453476,0.01832053286828112,0.10336246584469422,87793,578795,0.06246080218384747,CO,11.38273704979339,13.26870363513961,4,TRUE
08063,"Kit Carson County, Colorado",6779,0.43480602960523856,0.8634016816639623,0.12951762796872696,1.475143826523086e-4,0.13659831833603775,50411,7246,0.07341981783052719,CO,10.827964684213782,8.888204871455022,3,TRUE
08065,"Lake County, Colorado",7693,0.5106519394628202,0.8265956063954244,0.1635252827245548,0.00155985961263486,0.1734043936045756,65858,7845,0.09968132568514976,CO,11.095256188023155,8.967631665167133,4,TRUE
08067,"La Plata County, Colorado",53397,0.4125274911751813,0.9090960166301476,0.06017191977077364,0.00580556960128846,0.09090398336985228,69291,56138,0.02374505682425451,CO,11.146070306614268,10.935568224058622,3,TRUE
08069,"Larimer County, Colorado",333109,0.4450581163853763,0.9111732195767752,0.0513975905784593,0.01419355226067143,0.08882678042322478,76366,350523,0.05698912767493146,CO,11.243292849923064,12.76718160384593,3,TRUE
08071,"Las Animas County, Colorado",13635,0.42587080490637935,0.8853685368536853,0.09893656032269892,0.00278694536120278,0.11463146314631469,44159,14323,0.03260490120784751,CO,10.69555203576704,9.569621915779866,3,TRUE
08073,"Lincoln County, Colorado",5307,0.3605185873326318,0.9014509138873188,0.09082344073864708,0.00188430374976446,0.09854908611268132,47042,5608,0.0358416547788873,CO,10.75879609867549,8.631949428714426,3,TRUE
08075,"Logan County, Colorado",21077,0.4222017941714035,0.901361673862504,0.06936471034777246,0.01968970916164539,0.0986383261374959,49560,22282,0.04268019028812495,CO,10.81093933574308,10.011534456619264,3,TRUE
08077,"Mesa County, Colorado",144405,0.3158053648270325,0.9327377860877394,0.05138326235241162,0.00461895363733942,0.06726221391226062,57157,152962,0.04120631267896602,CO,10.953557146411734,11.937944803513554,3,TRUE
08081,"Moffat County, Colorado",12265,0.5229192141300828,0.8648185894822666,0.10550346514472075,0.00741948634325316,0.13518141051773336,54583,13150,0.07224334600760456,CO,10.907477757940512,9.48417703760591,4,TRUE
08083,"Montezuma County, Colorado",24837,0.5339986536195345,0.8738172887224706,0.06268873052301002,0.00889801505817932,0.12618271127752945,50717,26266,0.03472169344399604,CO,10.834016439096796,10.176030606145105,4,TRUE
08085,"Montrose County, Colorado",39957,0.5583882862249222,0.8295417573891933,0.1485096478714618,0.0064819681157244,0.1704582426108067,54611,42280,0.07488174077578051,CO,10.907990606643072,10.652069439984174,4,TRUE
08087,"Morgan County, Colorado",26582,0.7461279830160337,0.7527274095252426,0.19528252200737345,0.00451433300729817,0.24727259047475736,58468,28617,0.13740084565118635,CO,10.976234875009183,10.261756225813318,4,TRUE
08089,"Otero County, Colorado",17198,0.4857456561702022,0.8471333876032097,0.14129549947668332,0.00750087219444121,0.15286661239679034,43075,18284,0.0444104134762634,CO,10.67069806139613,9.813781639451635,4,TRUE
08093,"Park County, Colorado",17617,0.16257049689708855,0.971050689674746,0.01560992223420559,8.514503036839416e-4,0.02894931032525405,76611,18345,0.01226492232215862,CO,11.2464959485519,9.817112336789382,1,FALSE
08097,"Pitkin County, Colorado",17017,0.6181323704574477,0.8603161544338015,0.07063524710583534,0.00834459657989069,0.1396838455661985,82455,17980,0.11590656284760846,CO,11.320007968962871,9.79701530802561,4,TRUE
08099,"Prowers County, Colorado",11215,0.5647094048583786,0.7798484172982613,0.21390994204190816,0.00526081141328577,0.2201515827017387,42648,12035,0.09671790610718738,CO,10.660735658502595,9.395574350217172,4,TRUE
08101,"Pueblo County, Colorado",157849,0.4320665580936169,0.8826346698426978,0.10383341041121578,0.00320559522074894,0.11736533015730222,49979,167412,0.03092968246003871,CO,10.81935819618558,12.028213119056108,3,TRUE
08103,"Rio Blanco County, Colorado",5942,0.2202645567418632,0.9511948838774824,0.04207337596768765,0.001346348030966,0.0488051161225177,54247,6369,0.03422829329565081,CO,10.90130297033446,8.759197750371365,2,FALSE
08105,"Rio Grande County, Colorado",10656,0.6725419296862184,0.7391141141141141,0.23723723723723725,0,0.2608858858858859,43570,11300,0.06070796460176991,CO,10.682124119111489,9.332558004700433,4,TRUE
08107,"Routt County, Colorado",24218,0.3310060725187713,0.9313733586588488,0.04509042860682137,0.00210587166570319,0.06862664134115126,76198,25317,0.05636528814630486,CO,11.241090494611129,10.139231385826076,3,TRUE
08109,"Saguache County, Colorado",6371,0.6897035491542574,0.7416418144718254,0.230262125255062,0.00188353476691257,0.2583581855281746,45231,6730,0.07043090638930163,CO,10.719537971447028,8.814330422638774,4,TRUE
08113,"San Miguel County, Colorado",7825,0.6131021533553781,0.84,0.11782747603833864,0.01520766773162939,0.16000000000000003,66898,8110,0.09901356350184956,CO,11.110924350303224,9.000853147109458,4,TRUE
08117,"Summit County, Colorado",29416,0.4163236608805586,0.8867283111231983,0.09902774000543922,5.099265705738374e-4,0.11327168887680172,80709,30735,0.08478932812754189,CO,11.298605372203252,10.33315734934111,3,TRUE
08119,"Teller County, Colorado",24161,0.1817589335635789,0.9687926824220852,0.01427921029758702,7.863912917511692e-4,0.03120731757791484,61463,24981,0.02193667187062167,CO,11.026190646728798,10.125870814903928,2,FALSE
08123,"Weld County, Colorado",292920,0.612304759812042,0.8074730301788884,0.16896422231325958,0.01006418134644271,0.1925269698211116,74332,315389,0.08903607925450792,CO,11.216296824393542,12.661562076555386,4,TRUE
08125,"Yuma County, Colorado",9283,0.5045029387365007,0.8044813099213616,0.19368738554346657,0,0.1955186900786384,54393,10013,0.12224108658743632,CO,10.903990748093918,9.211639527707804,4,TRUE
09001,"Fairfield County, Connecticut",892661,1.057611474338264,0.7048778875743423,0.15966755576865127,0.02605916467729631,0.29512211242565767,97539,944306,0.21909423428422567,CT,11.488007577007265,13.758205545143928,4,TRUE
09003,"Hartford County, Connecticut",844435,0.9602921722063928,0.7513603770568487,0.13076790990425552,0.026088449673450292,0.24863962294315137,76259,892153,0.15339409271728055,CT,11.241890720291222,13.70139292151715,4,TRUE
09005,"Litchfield County, Connecticut",173733,0.49339876466971383,0.901221990065215,0.0418400649272159,0.01109173271629454,0.09877800993478504,81590,181143,0.07550940417239418,CT,11.309461984422846,12.107042053567216,4,TRUE
09007,"Middlesex County, Connecticut",156008,0.5191558416512965,0.8988128813906979,0.03692759345674581,0.01356340700476898,0.10118711860930207,84907,162742,0.07816666871489843,CT,11.349311818841736,11.999921403716732,4,TRUE
09009,"New Haven County, Connecticut",811578,0.8621261495832353,0.7783441640852758,0.13130469283297477,0.02279386577753463,0.22165583591472415,71370,855733,0.13031868585177853,CT,11.175632891965114,13.65971369058015,4,TRUE
09011,"New London County, Connecticut",253694,0.6176764550535657,0.866843520146318,0.06721877537505815,0.02516811591917822,0.13315647985368195,75831,266868,0.08645472668135558,CT,11.23626245900088,12.49450943311283,4,TRUE
09013,"Tolland County, Connecticut",144805,0.5335639833961879,0.898297710714409,0.02818272849694416,0.02610407099202375,0.101702289285591,87809,150947,0.07423135272645366,CT,11.38291928006462,11.924684060806984,4,TRUE
09015,"Windham County, Connecticut",110927,0.5384005176287994,0.8751791718878181,0.08417247378906849,0.01046634272990345,0.12482082811218188,67365,116657,0.04669244023076198,CT,11.117880874189948,11.666993284221787,4,TRUE
10001,"Kent County, Delaware",168033,0.5535873202668653,0.8875697035701321,0.04869876750400219,0.01465783506811162,0.1124302964298679,60117,179124,0.06153837565038744,DE,11.004047942422254,12.09583358242124,4,TRUE
10003,"New Castle County, Delaware",526236,0.688779030018215,0.8482125890284967,0.07717639994223124,0.03182982540153087,0.15178741097150328,75275,558306,0.11457337015901674,DE,11.228903353349937,13.232662478150967,4,TRUE
10005,"Sussex County, Delaware",218636,0.4864400278552285,0.8907041841233831,0.07334565213414077,0.00931228160046835,0.10929581587661684,64905,230249,0.07011105368535803,DE,11.080679941327094,12.346916611002802,4,TRUE
11001,"District of Columbia, District of Columbia",657061,0.7528092217220326,0.8279885733592467,0.09058824066563076,0.02072714709897559,0.1720114266407533,90842,701974,0.13418303242000415,NA,11.416877012709849,13.461651645285023,4,TRUE
12001,"Alachua County, Florida",254123,0.6930042106940517,0.8519968676585747,0.06869508072862354,0.03670269908666276,0.14800313234142526,50089,268105,0.10841274873650247,FL,10.821556702087694,12.4991339738077,4,TRUE
12003,"Baker County, Florida",26953,0.2628850211012332,0.9503580306459392,0.0265276592587096,0.00248580862983712,0.04964196935406073,62299,28679,0.01447051849785557,FL,11.039700653282354,10.263920426602184,2,FALSE
12005,"Bay County, Florida",169368,0.44289596886014226,0.9165308676963771,0.0394407444145293,0.01923621935666714,0.08346913230362285,56483,180076,0.06689397809813634,FL,10.94169498690382,12.10113426298385,3,TRUE
12007,"Bradford County, Florida",26390,0.23885625491177293,0.9568776051534672,0.02326638878363016,0.0059492231906025,0.0431223948465328,43580,27723,0.02510550806189806,FL,10.68235360849861,10.23001767255615,2,FALSE
12009,"Brevard County, Florida",566422,0.5102134794459073,0.8936605569698917,0.06147183548661598,0.01451214818633456,0.10633944303010834,59359,594001,0.0863028850119781,FL,10.991359031338174,13.29463628184505,4,TRUE
12011,"Broward County, Florida",1829868,1.1832238390853758,0.5876402013697163,0.2681122354180739,0.01720288020775269,0.4123597986302837,60922,1942273,0.3431134552145862,FL,11.017349636411112,14.479369494678451,4,TRUE
12013,"Calhoun County, Florida",13714,0.2777542146963633,0.9380924602595888,0.05024063001312527,0.00123960915852413,0.0619075397404113,38037,14324,0.02569114772409941,FL,10.546314649196058,9.569691731118324,3,TRUE
12015,"Charlotte County, Florida",180439,0.471448817070708,0.9044219930281148,0.05153542194314976,0.00840727337216455,0.09557800697188525,52724,185926,0.09954498026096403,FL,10.872826038832356,12.133104024069878,4,TRUE
12017,"Citrus County, Florida",142675,0.34251347185716,0.9360925179603996,0.03401436831960749,0.01152269143157525,0.0639074820396005,45689,147938,0.05749705957901283,FL,10.72961284769053,11.90454854605629,3,TRUE
12019,"Clay County, Florida",203434,0.4989846730878474,0.8913849209080095,0.06678824581928292,0.02095519922923405,0.10861507909199052,68657,215294,0.06534784991685788,FL,11.13687837249461,12.279759814873096,4,TRUE
12021,"Collier County, Florida",362681,0.9809780716230214,0.6633322396265589,0.2453478401129367,0.00906857541475842,0.33666776037344115,70217,379345,0.2549341628333048,FL,11.1593457259388,12.846201360239132,4,TRUE
12023,"Columbia County, Florida",66680,0.3438842690957745,0.9289592081583684,0.04892021595680863,0.00661367726454709,0.0710407918416317,44818,70898,0.03637620243166239,FL,10.710365123423095,11.168997503377634,3,TRUE
12027,"DeSoto County, Florida",35509,0.6763883954769386,0.7247458390830493,0.2597651299670506,0.00416795741924582,0.27525416091695065,36360,37371,0.14792218565197612,FL,10.501224548291416,10.528650281554205,4,TRUE
12029,"Dixie County, Florida",16026,0.20115915440474255,0.9609384749781604,0.02982653188568576,0.00230874828403843,0.03906152502183946,41674,16740,0.02747909199522102,FL,10.637632712130143,9.725556344043468,2,FALSE
12031,"Duval County, Florida",884623,0.6968689289638812,0.8512767585739914,0.07013948314705813,0.02987035155088665,0.14872324142600857,56769,948651,0.1138585212053748,FL,10.94674568107216,13.762796254421277,4,TRUE
12033,"Escambia County, Florida",297558,0.40204974737136384,0.926794104006614,0.03269278594425288,0.02332654474085724,0.07320589599338612,53023,316691,0.05127395473821485,FL,10.87848106066402,12.665681814061674,3,TRUE
12035,"Flagler County, Florida",108430,0.6768554620090619,0.847136401364936,0.06718620308032833,0.01516185557502536,0.15286359863506405,57536,112854,0.12138692469916884,FL,10.960166117831292,11.63385022689886,4,TRUE
12037,"Franklin County, Florida",11435,0.29887190374600703,0.9379973764757324,0.04425010931351115,0.00192391779623961,0.06200262352426755,48814,11914,0.03525264394829612,FL,10.795772435943435,9.385469458188632,3,TRUE
12039,"Gadsden County, Florida",43090,0.3850068941758165,0.8977256904154096,0.09173822232536552,0.00454861916918078,0.10227430958459038,41135,45787,0.05010155721056195,FL,10.624614619603031,10.731755487016526,3,TRUE
12041,"Gilchrist County, Florida",17330,0.2511992982941456,0.9474899019042125,0.04195037507212926,0.00282746682054241,0.05251009809578766,47381,18245,0.04280624828720197,FL,10.765976583441928,9.811646348870548,2,FALSE
12043,"Glades County, Florida",13359,0.6310753823034816,0.7811961973201587,0.19664645557302193,0.00119769443820645,0.21880380267984137,39709,13777,0.10234448718879292,FL,10.589333141234553,9.5307558140446,4,TRUE
12045,"Gulf County, Florida",14517,0.3671053026982128,0.926224426534408,0.04360405042364124,0.0040642005924089,0.07377557346559205,50640,15073,0.0452464671929941,FL,10.832497056818058,9.62066034281053,3,TRUE
12047,"Hamilton County, Florida",13778,0.4856638202068927,0.8871389171142401,0.07127304398316156,0.0033386558281318,0.11286108288575993,38300,14397,0.04598180176425644,FL,10.553205175168737,9.574775130526357,4,TRUE
12049,"Hardee County, Florida",25205,0.8029556273066568,0.6168617337829796,0.3590160682404285,0.00658599484229319,0.3831382662170204,40165,27027,0.10371110371110372,FL,10.600751248607914,10.20459164531955,4,TRUE
12051,"Hendry County, Florida",38339,0.8089124541669546,0.5048384151907979,0.47648608466574505,0.00469495813662328,0.49516158480920214,36978,41472,0.2684461805555556,FL,10.518078420190298,10.632773779711949,4,TRUE
12053,"Hernando County, Florida",182068,0.48430076111171266,0.8860480699518861,0.08255157413713557,0.00639321572159852,0.11395193004811388,50280,190700,0.07278447823807027,FL,10.825362662704183,12.15845679158851,4,TRUE
12055,"Highlands County, Florida",99847,0.6100906950951525,0.8032389556020711,0.17345538674171482,0.00984506294630785,0.19676104439792885,43708,104574,0.11256143974601718,FL,10.685286430690637,11.557650233749737,4,TRUE
12057,"Hillsborough County, Florida",1362715,0.9231427655530712,0.7023743042382303,0.2281724351753668,0.02233849337535728,0.29762569576176967,60566,1451358,0.1788538734068369,FL,11.011488958500925,14.188010227829963,4,TRUE
12059,"Holmes County, Florida",18586,0.1980711110769429,0.9623910470246422,0.02717098891638868,0.00360486387603572,0.03760895297535782,39215,19530,0.01781874039938556,FL,10.576814605646767,9.879707023870724,2,FALSE
12061,"Indian River County, Florida",150484,0.5723667650558892,0.8616597113314373,0.09420935116025624,0.00697084075383429,0.13834028866856274,57945,156964,0.1045844907112459,FL,10.967249563768492,11.96377175867427,4,TRUE
12063,"Jackson County, Florida",45009,0.28859810828305854,0.942833655491124,0.03961429936234975,0.00451020906929725,0.05716634450887603,40754,47409,0.0272311164546816,FL,10.615309273360882,10.766567363077211,3,TRUE
12065,"Jefferson County, Florida",13681,0.3475156982102263,0.9263211753526788,0.05153132080988232,0.0037277976756085,0.07367882464732112,49081,14278,0.03459868328897605,FL,10.801227273515408,9.566475170062406,3,TRUE
12067,"Lafayette County, Florida",8228,0.5706715359430898,0.8045697617890131,0.17792902284880893,0.01154594069032571,0.19543023821098693,51734,8576,0.06646455223880597,FL,10.853870484578051,9.056722883310584,4,TRUE
12069,"Lake County, Florida",338764,0.5364448398307785,0.8608028007698575,0.11018290019010284,0.00818859146780649,0.1391971992301425,55792,356115,0.09747413054771632,FL,10.929385768915433,12.783008991377878,4,TRUE
12071,"Lee County, Florida",721860,0.7650079903485044,0.76886515390796,0.17781010168176656,0.00948521874047599,0.23113484609204005,59608,756570,0.16638909816672617,FL,10.995545072233565,13.536550339324362,4,TRUE
12073,"Leon County, Florida",276746,0.4980733132712081,0.9043888619889718,0.04268896388746359,0.02443757091340073,0.09561113801102816,54675,291863,0.06645241089141138,FL,10.909161845544968,12.584039793069753,4,TRUE
12075,"Levy County, Florida",38927,0.3318389951210255,0.9250391758933388,0.06057492229044108,0.00863154108973206,0.07496082410666116,38951,40979,0.03984967910393128,FL,10.570059724910276,10.620815019347765,3,TRUE
12077,"Liberty County, Florida",8003,0.25090097158250846,0.94864425840309885,0.03861052105460452,2.4990628514307136e-4,0.05135574159690115,39121,8333,0.03156126245049802,FL,10.57441468619423,9.027978814382209,2,FALSE
12079,"Madison County, Florida",17676,0.30097857924353644,0.932846797918081,0.05097307083050464,0,0.067153202081919,35240,18557,0.04612814571320795,FL,10.469937080050116,9.82860235534434,3,TRUE
12081,"Manatee County, Florida",375508,0.681937792270256,0.8222381413977865,0.12646335098053835,0.01392779914142974,0.1777618586022135,59963,393847,0.12729054683671578,FL,11.00148298432048,12.883717787989346,4,TRUE
12083,"Marion County, Florida",342246,0.5157136056824223,0.869430175955307,0.10137152808213974,0.00638137480058203,0.13056982404469297,46587,360210,0.0750728741567419,FL,10.749076811237298,12.794442473692872,4,TRUE
12085,"Martin County, Florida",153965,0.5602543575833941,0.8644821875101484,0.09567109407982334,0.00966453414737115,0.13551781248985162,65821,160420,0.10344720109712006,FL,11.09469421533239,11.985550654920916,4,TRUE
12086,"Miami-Dade County, Florida",2548494,0.95711772548703,0.25049303627946545,0.6633392113146038,0.00909713736818686,0.7495069637205345,53975,2705528,0.5397537929749757,FL,10.896276255383007,14.81080764529986,4,TRUE
12087,"Monroe County, Florida",71696,0.7315780472343495,0.7794716581120286,0.1732174737781745,0.00806181655880383,0.22052834188797144,72012,75137,0.19837097568441647,FL,11.184588050777514,11.227068392858463,4,TRUE
12089,"Nassau County, Florida",81580,0.3101071518801394,0.9410394704584456,0.03632017651385143,0.0056999264525619,0.05896052954155428,72998,85762,0.03934143326881369,FL,11.198187322494942,11.359331296928223,3,TRUE
12091,"Okaloosa County, Florida",193903,0.5516152140579823,0.8827042387172968,0.0652130188805743,0.02581187500966978,0.11729576128270323,64373,207430,0.07436243552041652,FL,11.072449569522252,12.24254921234019,4,TRUE
12093,"Okeechobee County, Florida",39136,0.618845869443047,0.772868969746525,0.2124897792313982,0.00459934587080948,0.22713103025347503,46097,41611,0.11641152579846677,FL,10.738503150945302,10.636119834372655,4,TRUE
12095,"Orange County, Florida",1290364,1.1047295823845502,0.6303585654900478,0.25735141401961,0.03031780179856227,0.36964143450995224,61416,1373784,0.22156903850969292,FL,11.025425666507736,14.133079534166216,4,TRUE
12097,"Osceola County, Florida",340819,1.01838653004418,0.4835352489151133,0.4515769367318137,0.01405438077102509,0.5164647510848868,55538,363666,0.2078995561861708,FL,10.92482275012959,12.803991142964849,4,TRUE
12099,"Palm Beach County, Florida",1406392,1.0657642528067903,0.6794840983168278,0.187730732256725,0.01435943890465816,0.32051590168317223,65015,1482057,0.2550016632288772,FL,11.08237329148542,14.208941545637003,4,TRUE
12101,"Pasco County, Florida",511981,0.6492390258756517,0.8482404620483963,0.09541369699266183,0.0159126998853473,0.15175953795160368,53431,539885,0.10312381340470655,FL,10.886146380853784,13.199111432897665,4,TRUE
12103,"Pinellas County, Florida",929056,0.683873213171183,0.8544533375813729,0.06575384045741053,0.02382418282643888,0.14554666241862713,56419,970985,0.12092153843777197,FL,10.94056126018764,13.78606629916238,4,TRUE
12105,"Polk County, Florida",664942,0.7348103547276892,0.7710492042915021,0.18390626550887143,0.00960986070965588,0.22895079570849783,51535,705735,0.10544184431833478,FL,10.850016467470892,13.466995091904744,4,TRUE
12107,"Putnam County, Florida",69573,0.3601527794260985,0.9102381671050552,0.07796127808201457,0.00584997053454644,0.08976183289494488,40068,73784,0.04219071885503632,FL,10.598333289731654,11.208897184915555,3,TRUE
12109,"St. Johns County, Florida",242718,0.44942770708440816,0.9138547614927612,0.03922247216934879,0.0142964263054244,0.08614523850723887,83803,255410,0.07441368779609256,FL,11.33622408535206,12.450625376081884,3,TRUE
12111,"St. Lucie County, Florida",304689,0.8165644968822519,0.7749377233835156,0.1431722182290795,0.00901903252168604,0.22506227661648437,55237,320914,0.16137656817714402,FL,10.919388297576347,12.678928453444527,4,TRUE
12113,"Santa Rosa County, Florida",169440,0.3353005257016381,0.9389400377714824,0.03173984891406987,0.01069405099150141,0.0610599622285175,70663,179587,0.04698001525722908,FL,11.16567737684742,12.09841504915696,3,TRUE
12115,"Sarasota County, Florida",412725,0.6026473441548822,0.8695450966139682,0.0687600702647041,0.01090072081894724,0.13045490338603183,64644,427766,0.1216038675350542,FL,11.076650572468534,12.96633159608119,4,TRUE
12117,"Seminole County, Florida",442158,0.8466599907923005,0.7677843666743562,0.15897936936570187,0.0256401557814175,0.23221563332564377,70297,466695,0.1423884978412025,FL,11.160484402634983,13.053431218360052,4,TRUE
12119,"Sumter County, Florida",127511,0.3442363870144087,0.931268674859424,0.0442471629898597,0.00796794002086094,0.06873132514057612,59618,129938,0.05702719758654127,FL,10.995712820879389,11.774812692596813,3,TRUE
12121,"Suwannee County, Florida",42205,0.3713606605379119,0.911124274375074,0.06875962563677289,0.00369624452079137,0.08887572562492596,46280,44290,0.04829532625874915,FL,10.742465181307614,10.698514196917245,3,TRUE
12123,"Taylor County, Florida",20719,0.35287164716125363,0.927216564506009,0.04546551474492012,0.00699840725903759,0.07278343549399102,38295,21709,0.02906628587221889,FL,10.553074618343691,9.985482200088756,3,TRUE
12125,"Union County, Florida",14496,0.25748694143018125,0.945157284768212,0.0440121412803532,0.00379415011037527,0.05484271523178807,55139,15282,0.02257557911268158,FL,10.917612548758637,9.634430944207512,2,FALSE
12127,"Volusia County, Florida",520406,0.590414751239526,0.8565639135597976,0.10180128591907088,0.01091263359761417,0.14343608644020245,52407,546107,0.07806894985781175,FL,10.86679544917334,13.210570206223265,4,TRUE
12129,"Wakulla County, Florida",31190,0.3213293156586366,0.9387624238537992,0.03013786470022443,0.00109009297851875,0.06123757614620073,67480,32855,0.02489727590929843,FL,11.119586536659904,10.399859219331969,3,TRUE
12131,"Walton County, Florida",67129,0.3664357052341893,0.9254271626271804,0.04789286299512878,0.00640557732127694,0.0745728373728195,67390,71049,0.06651747385607117,FL,11.118251917940263,11.171125058830842,3,TRUE
12133,"Washington County, Florida",23953,0.2976311103503832,0.9450173255959587,0.03273076441364338,0.00789045213543188,0.05498267440404125,37260,25094,0.03375308838766239,FL,10.52567564415558,10.130384052719643,3,TRUE
13001,"Appling County, Georgia",17327,0.3282104712548382,0.9103710971316442,0.08391527673573036,0,0.08962890286835579,37924,18428,0.04911004992402865,GA,10.543339436037847,9.821626526055809,3,TRUE
13003,"Atkinson County, Georgia",7719,0.5441804055026307,0.7659023189532322,0.2340976810467677,0,0.23409768104676776,35703,8311,0.13054987366141255,GA,10.482989997850549,9.025335217553026,4,TRUE
13005,"Bacon County, Georgia",10307,0.26787951400282767,0.930047540506452,0.06675075191617347,0,0.06995245949354811,36692,11140,0.02719928186714542,GA,10.510314026629546,9.318297513481276,3,TRUE
13009,"Baldwin County, Georgia",42865,0.22178801447558188,0.9626035226875072,0.01521054473346553,0.01504724133908783,0.03739647731249274,46250,45072,0.02416134185303514,GA,10.741816742940571,10.716016490116154,2,FALSE
13011,"Banks County, Georgia",17870,0.309766563732008,0.925517627308338,0.06373810856183548,0.00167879127028539,0.07448237269166202,50912,18900,0.05037037037037037,GA,10.837853931137513,9.846917201047734,3,TRUE
13013,"Barrow County, Georgia",75774,0.5969883509177474,0.8581175601129675,0.08754981919919762,0.03096048776625228,0.14188243988703253,62990,81294,0.0828474426156912,GA,11.050731262615974,11.305827492074489,4,TRUE
13015,"Bartow County, Georgia",99540,0.3713280220020723,0.9105585694193288,0.0725135623869801,0.0019188266023709,0.08944143058067111,61226,106456,0.05178665364094086,GA,11.022327214884209,11.575487033223578,3,TRUE
13017,"Ben Hill County, Georgia",15870,0.2310195279581618,0.9477000630119724,0.04612476370510397,5.040957781978576e-4,0.0522999369880277,32077,16889,0.03327609686778376,GA,10.37589454139806,9.73441780141792,2,FALSE
13019,"Berrien County, Georgia",17994,0.22603104675743285,0.9521507169056352,0.03856841169278648,0.00766922307435812,0.04784928309436476,42089,19206,0.02249297094657919,GA,10.647541702869878,9.86297800919792,2,FALSE
13021,"Bibb County, Georgia",142913,0.30119843233004145,0.947450546836187,0.0244694324519113,0.01311287286670911,0.05254945316381299,41317,153026,0.0322755610157751,GA,10.629029316531945,11.93836312057784,3,TRUE
13023,"Bleckley County, Georgia",12230,0.08341207013919628,0.984955028618152,0.01373671300081766,7.358953393295176e-4,0.0150449713818479,46992,12870,0.02439782439782439,GA,10.7577326534384,9.462654300590172,1,FALSE
13025,"Brantley County, Georgia",17788,0.1935264130899341,0.9644142118281988,0.02063188666516752,0.00404767258826175,0.03558578817180125,34679,18924,0.01717395899387022,GA,10.453889595415305,9.848186236751038,2,FALSE
13027,"Brooks County, Georgia",14655,0.18741850255259,0.9628113271920846,0.0274991470487888,0.00655066530194472,0.03718867280791538,37516,15548,0.02997170054026241,GA,10.53252278762883,9.651687291972111,2,FALSE
13029,"Bryan County, Georgia",35483,0.42895770154863855,0.91125327621678,0.04988304258377251,0.00419919398021587,0.08874672378322013,76121,38321,0.0473369692857702,GA,11.24007945847566,10.553753327777704,3,TRUE
13031,"Bulloch County, Georgia",73268,0.3055443576277858,0.9441775399901732,0.03225146039198558,0.00979963967898673,0.05582246000982693,48786,77719,0.03663196901658539,GA,10.795198665435892,11.26085503670762,3,TRUE
13033,"Burke County, Georgia",21051,0.14626673487195893,0.9749655598308868,0.0157712222697259,0.00394280556743147,0.02503444016911316,45699,22567,0.01661718438427793,GA,10.72983169480481,10.02424394117191,1,FALSE
13035,"Butts County, Georgia",23149,0.21709325950689257,0.956542399239708,0.0343427361873083,0.00406065056805909,0.04345760076029204,48282,24463,0.03217103380615623,GA,10.784814099374188,10.104917050943584,2,FALSE
13037,"Calhoun County, Georgia",6082,0.3596460131667102,0.9200920749753372,0.05902663597500822,0.00361723117395593,0.07990792502466293,41962,6301,0.04570703063005872,GA,10.644519725816648,8.748463629942055,3,TRUE
13039,"Camden County, Georgia",50104,0.2822029291383832,0.9468705093405716,0.03416892862845282,0.00908111128851988,0.0531294906594284,60594,53960,0.04842475908080059,GA,11.011951157254613,10.895998310321692,3,TRUE
13043,"Candler County, Georgia",10254,0.3570448829721669,0.9036473571289252,0.08630778232884728,0.00663155841622781,0.0963526428710747,36955,10834,0.05565811334687096,GA,10.517456235218988,9.290444616217844,3,TRUE
13045,"Carroll County, Georgia",111220,0.31378445668133675,0.9311185038662112,0.05446862075166337,0.00419888509260924,0.06888149613378891,59197,118692,0.0429936305732484,GA,10.988626143912366,11.68428718152784,3,TRUE
13047,"Catoosa County, Georgia",63441,0.2794666924454999,0.9512775649816364,0.02304503396856922,0.01041912958496871,0.04872243501836348,58932,67181,0.0257215581786517,GA,10.984139515827245,11.115145748438051,3,TRUE
13049,"Charlton County, Georgia",12363,0.33293589443741045,0.9156353635848904,0.07522446008250425,0.00258836851896788,0.0843646364151096,42743,13032,0.06553100061387354,GA,10.66296071826755,9.47516315028188,3,TRUE
13051,"Chatham County, Georgia",271429,0.5284221184600255,0.8921228019113654,0.05755833017105762,0.02353838388676228,0.1078771980886346,57739,289649,0.06724690919008869,GA,10.96368813405067,12.576425124076207,4,TRUE
13053,"Chattahoochee County, Georgia",9588,0.5213167596457232,0.8787025448477264,0.07749269920734252,0.01418439716312056,0.12129745515227364,45700,10470,0.04068767908309455,GA,10.729853576882295,9.256269303864585,4,TRUE
13055,"Chattooga County, Georgia",23358,0.22941648346262591,0.9506378970802296,0.04161315181094272,9.418614607415018e-4,0.0493621029197705,37351,24826,0.0319825988882623,GA,10.528114963964263,10.119646770075892,2,FALSE
13057,"Cherokee County, Georgia",238875,0.5390760723432684,0.8788697017268445,0.07958137100994243,0.00963265306122449,0.12113029827315548,84817,253780,0.09156355898809992,GA,11.348251273386342,12.444223028950905,4,TRUE
13059,"Clarke County, Georgia",120433,0.6475318635440965,0.852249798643229,0.09028256374913853,0.02461119460612955,0.14775020135677097,40363,126952,0.094752347343878,GA,10.605668802725944,11.75156434124268,4,TRUE
13063,"Clayton County, Georgia",265889,0.7450989491148998,0.8085892985418728,0.11643956688693402,0.04711364516772036,0.1914107014581272,49460,287560,0.1296216441786062,GA,10.808919541075408,12.569186813097808,4,TRUE
13065,"Clinch County, Georgia",6243,0.2221923638786723,0.9559506647445138,0.03139516258209194,3.2035880185808104e-4,0.04404933525548615,38844,6648,0.02421780986762936,GA,10.567308903714244,8.802071336535285,2,FALSE
13067,"Cobb County, Georgia",710233,0.8488509708102728,0.7945913524153341,0.10986817002307692,0.02701930211634773,0.20540864758466593,80830,756653,0.1557900384984927,GA,11.30010346272789,13.536660038952354,4,TRUE
13069,"Coffee County, Georgia",40137,0.4511920593094862,0.8833993572015846,0.09350474624411392,0.00219249071928644,0.11660064279841542,42526,43070,0.06029719061992106,GA,10.657870932566649,10.670581978048157,3,TRUE
13071,"Colquitt County, Georgia",42442,0.5309354490845416,0.8229819518401583,0.164695348946798,0.00640874605343763,0.17701804815984168,36799,45510,0.0976268951878708,GA,10.513225949874762,10.725687361010689,4,TRUE
13073,"Columbia County, Georgia",144458,0.494408630047896,0.9065887662850102,0.04073848454221988,0.02475459995292749,0.09341123371498984,82251,154257,0.07054461061734638,GA,11.31753082660842,11.946375321613155,4,TRUE
13075,"Cook County, Georgia",16071,0.23943273205057147,0.9519009395806112,0.03540538858814013,0.00553792545578993,0.04809906041938894,40943,17217,0.02683394319567869,GA,10.61993613449834,9.753652546776472,2,FALSE
13077,"Coweta County, Georgia",137185,0.4203593268474643,0.9123738018004884,0.05590990268615373,0.01119655939060393,0.08762619819951156,79795,145839,0.06881561173622967,GA,11.287216124833288,11.890258552499636,3,TRUE
13079,"Crawford County, Georgia",11668,0.10973419585022658,0.9799451491258142,0.01628385327391155,0,0.02005485087418579,47917,12267,0.01051601858645145,GA,10.77722562648903,9.414668009032752,1,FALSE
13081,"Crisp County, Georgia",21112,0.19822075688867077,0.9593122394846532,0.03306176582038651,0.00459454338764683,0.04068776051534673,38272,22509,0.0170154160557999,GA,10.552473837310304,10.02167050821384,2,FALSE
13083,"Dade County, Georgia",15392,0.19062508712569823,0.9685550935550936,0.01396829521829521,0.00636694386694386,0.03144490644490649,40384,16183,0.01995921646171909,GA,10.606188945900884,9.691716587516886,2,FALSE
13085,"Dawson County, Georgia",23995,0.25812065727190714,0.9477391123150656,0.03775786622212961,0.00391748280891852,0.05226088768493431,72260,25277,0.03497250464849467,GA,11.188026004701632,10.13765017033277,2,FALSE
13087,"Decatur County, Georgia",24805,0.18551964427889744,0.9646442249546462,0.02684942551904857,0.00382987300947389,0.03535577504535381,40567,26595,0.03147208121827411,GA,10.61071020720062,10.188478507176418,2,FALSE
13089,"DeKalb County, Georgia",702759,0.8454188560245439,0.8105353328808311,0.07458460154903744,0.03561676193403428,0.18946466711916887,65116,755287,0.15954067791448814,GA,11.0839255737284,13.534853088449458,4,TRUE
13091,"Dodge County, Georgia",19677,0.14038494549365485,0.9739289525842354,0.02027748132337246,6.098490623570666e-4,0.0260710474157646,42211,20725,0.01519903498190591,GA,10.650436129564383,9.939095980003495,1,FALSE
13093,"Dooly County, Georgia",13083,0.23213079996562763,0.940457081709088,0.05831995719636169,0,0.05954291829091185,48039,13571,0.0411907744455088,GA,10.779768459990589,9.51569044208137,2,FALSE
13095,"Dougherty County, Georgia",82900,0.21100168824754456,0.9632810615199034,0.02247285886610374,0.00519903498190591,0.03671893848009655,40947,88696,0.02065482096148642,GA,10.620033826524304,11.392970071452188,2,FALSE
13097,"Douglas County, Georgia",136211,0.5468476228658999,0.8715081748170118,0.08651283670188165,0.01271556629053453,0.12849182518298818,67651,145063,0.089795468175896,GA,11.122117415455683,11.88492340980103,4,TRUE
13099,"Early County, Georgia",9549,0.07082563275457453,0.9868049010367578,0.01309037595559744,1.0472300764477956e-4,0.01319509896324222,34811,10218,0.01947543550596985,GA,10.457688707770052,9.231906149890744,1,FALSE
13103,"Effingham County, Georgia",58030,0.2548131829615507,0.9514389109081508,0.03315526451835257,0.00616922281578493,0.04856108909184908,67050,62241,0.03327388698767693,GA,11.113193888709825,11.03876922556125,2,FALSE
13105,"Elbert County, Georgia",18043,0.2612768172137678,0.9399767222745664,0.05215318960261597,0.00188438729701269,0.0600232777254337,39323,19164,0.03569192235441452,GA,10.579564868400478,9.860788798003012,2,FALSE
13107,"Emanuel County, Georgia",20937,0.1757457955767135,0.964034962028944,0.03128432917801022,4.298610116062473e-4,0.03596503797105599,38423,22525,0.02295227524972253,GA,10.556411517605202,10.02238108247654,2,FALSE
13109,"Evans County, Georgia",9956,0.4010426528238399,0.8843913218159903,0.1062675773402973,0.00451988750502209,0.11560867818400966,46392,10671,0.04873020335488708,GA,10.744882309556276,9.275285060616564,3,TRUE
13111,"Fannin County, Georgia",24780,0.16966613386364407,0.9692493946731234,0.02074253430185633,4.0355125100887815e-5,0.03075060532687656,46028,25797,0.02484785052525487,GA,10.73700518594335,10.158013485079008,2,FALSE
13113,"Fayette County, Georgia",108463,0.614553956172027,0.8727031337875589,0.0583516959700543,0.02392520951845329,0.12729686621244107,93777,113544,0.10197808778975552,GA,11.448674902368618,11.639945705979091,4,TRUE
13115,"Floyd County, Georgia",91953,0.42341204786992975,0.8946853283742782,0.0850651963503094,0.00578556436440355,0.10531467162572183,50657,97805,0.07122335258933592,GA,10.832832703483993,11.49073097946046,3,TRUE
13117,"Forsyth County, Georgia",222422,0.9477112573342928,0.7723111922381779,0.07985271241154203,0.07564899155659063,0.2276888077618221,112834,236605,0.18312377168698887,GA,11.6336729910684,12.37414736301657,4,TRUE
13119,"Franklin County, Georgia",21742,0.3141142146386754,0.9328488639499586,0.04967344310551007,0.01310826970839849,0.06715113605004142,47821,23015,0.03328264175537693,GA,10.775220152546073,10.043901456251342,3,TRUE
13121,"Fulton County, Georgia",990461,0.7605402163672785,0.8390173868531926,0.059540961229165,0.0407406248201595,0.1609826131468074,72741,1051550,0.1338376682040797,GA,11.194660466040654,13.865775824111823,4,TRUE
13123,"Gilmer County, Georgia",29397,0.4012348196504951,0.9014185120930708,0.07953192502636323,0.00571486886416981,0.09858148790692932,57376,30986,0.05957529206738527,GA,10.95738137640486,10.341290768556236,3,TRUE
13127,"Glynn County, Georgia",80176,0.3753239024008359,0.9229071043703851,0.05057623228896428,0.00757084414288565,0.07709289562961485,56952,85008,0.05233625070581592,GA,10.949964086783709,11.350500648690725,3,TRUE
13129,"Gordon County, Georgia",54334,0.4943059232507314,0.8403025729745647,0.14861780837044944,0.00207972908307873,0.15969742702543532,48662,57756,0.087731144816123,GA,10.792653717013623,10.96398251909111,4,TRUE
13131,"Grady County, Georgia",23458,0.39430059337553064,0.8860516668087646,0.10593400971949868,0.00507289624008866,0.11394833319123544,48047,24693,0.05410440205726319,GA,10.779934977485716,10.114275081640754,3,TRUE
13133,"Greene County, Georgia",16912,0.2965393102659552,0.9314096499526964,0.05717833491012299,0.00502601702932828,0.06859035004730374,57880,17808,0.05014600179694519,GA,10.96612718074542,9.787403073515328,3,TRUE
13135,"Gwinnett County, Georgia",865453,1.2240003938551234,0.6525103038524334,0.18789466325727683,0.07710528474683201,0.34748969614756664,72787,926414,0.2527088321204127,GA,11.19529264681043,13.7390764979492,4,TRUE
13137,"Habersham County, Georgia",42467,0.5710613621766357,0.8390985942025573,0.13130195210398662,0.02079261544257894,0.16090140579744272,54147,45204,0.08213874878329351,GA,10.899457849232355,10.71894085748004,4,TRUE
13139,"Hall County, Georgia",188380,0.7529951893055591,0.7068425522879287,0.2649431999150653,0.01231022401528824,0.2931574477120713,63651,201434,0.1648678971772392,GA,11.061170314781226,12.213217063290491,4,TRUE
13141,"Hancock County, Georgia",8166,0.15130594234822925,0.9722018123928484,0.01800146950771491,0,0.02779818760715158,32914,8500,0.02623529411764705,GA,10.401653378155329,9.047821442478408,1,FALSE
13143,"Haralson County, Georgia",27888,0.13656223072727916,0.9778040734366036,0.01308806655192197,0.00211560527825588,0.02219592656339641,52021,29608,0.01040259389354228,GA,10.8594027621935,10.295799874065992,1,FALSE
13145,"Harris County, Georgia",32918,0.22903076790360552,0.9582902971018896,0.02284464426757397,0.00249103833768758,0.04170970289811049,79860,34676,0.01857192294382281,GA,11.288030380617212,10.45380308398853,2,FALSE
13147,"Hart County, Georgia",24705,0.25619984637209203,0.9509815826755718,0.03161303379882615,0.00518113742157458,0.04901841732442824,45874,25981,0.02247796466648705,GA,10.73365378675416,10.16512078063086,2,FALSE
13149,"Heard County, Georgia",11137,0.2544851285480453,0.9537577444554188,0.01903564694262368,0.00511807488551674,0.04624225554458117,50583,11785,0.02308018667798048,GA,10.83137083044609,9.374582815370232,2,FALSE
13151,"Henry County, Georgia",216771,0.48607388242029587,0.8982105539947687,0.05544099533609201,0.01677346139474376,0.10178944600523132,71110,229994,0.07451063940798455,GA,11.171983252877563,12.34580850060854,4,TRUE
13153,"Houston County, Georgia",145032,0.425636516771761,0.9171217386507804,0.04447294390203541,0.01649980693915825,0.0828782613492195,65870,155317,0.0578880611909836,GA,11.09543838163474,11.95322346869641,3,TRUE
13155,"Irwin County, Georgia",8980,0.20761878755107568,0.9561247216035634,0.03641425389755011,0.00434298440979955,0.04387527839643657,41484,9379,0.0141806162703913,GA,10.633063089709625,9.14622842650894,2,FALSE
13157,"Jackson County, Georgia",65919,0.38374051039852414,0.9156237200200246,0.06048332043872025,0.01169617257543348,0.08437627997997543,68307,70467,0.04766770261257042,GA,11.131767529326275,11.162899794107943,3,TRUE
13159,"Jasper County, Georgia",13303,0.17051300013114046,0.9633917161542508,0.03375178531158385,0.00172893332331053,0.0366082838457491,52409,14074,0.02202643171806167,GA,10.866833611286,9.552084402526496,2,FALSE
13161,"Jeff Davis County, Georgia",13993,0.3245354502613625,0.9054527263631816,0.09254627313656828,7.861073393839777e-4,0.09454727363681836,36987,15063,0.02748456482772356,GA,10.518321778536665,9.619996684702816,3,TRUE
13163,"Jefferson County, Georgia",14532,0.2160224954626949,0.9570602807597028,0.03289292595650977,0.00378475089457748,0.04293971924029727,37009,15489,0.02253211956872619,GA,10.518916405290764,9.64788537354776,2,FALSE
13165,"Jenkins County, Georgia",8213,0.3123584627446017,0.9319371727748692,0.05101668087178863,0.01388043345915012,0.0680628272251309,25712,8787,0.04677364288152953,GA,10.154713087977294,9.081028635495842,3,TRUE
13167,"Johnson County, Georgia",9165,0.16442303815198356,0.9693398799781778,0.01396617566830332,0,0.03066012002182216,42421,9717,0.00596892044869815,GA,10.655398801626768,9.18163220783944,1,FALSE
13169,"Jones County, Georgia",27064,0.138860672974951,0.9777194797516996,0.01078924031924327,0.00639225539462015,0.02228052024830029,63046,28622,0.01104045838865208,GA,11.05161989766763,10.261930931870822,1,FALSE
13171,"Lamar County, Georgia",17763,0.15125959955280385,0.974722738276192,0.01373641839779316,0.00152001351123121,0.02527726172380795,50088,18834,0.02453010512902198,GA,10.821536737425149,9.84341902607001,1,FALSE
13173,"Lanier County, Georgia",9752,0.27678247708545634,0.938166529942576,0.04891304347826087,0.00851107465135356,0.06183347005742412,32158,10534,0.049933548509588,GA,10.378416532304357,9.262363400043334,3,TRUE
13175,"Laurens County, Georgia",44301,0.18342134457735923,0.9658924177783798,0.02483013927450847,0.00255073248910859,0.03410758222162025,39476,47404,0.02069445616403679,GA,10.5834481712919,10.76646189230834,2,FALSE
13177,"Lee County, Georgia",27792,0.2675940331235592,0.9553108808290156,0.01705526770293609,0.01180195739781232,0.0446891191709845,68338,29735,0.03507650916428451,GA,11.132221259803524,10.300080082140694,3,TRUE
13179,"Liberty County, Georgia",55634,0.568371785951135,0.8688571736707769,0.08327641370385017,0.01838803609303663,0.13114282632922314,50411,62039,0.06167088444365641,GA,10.827964684213782,11.035518498527429,4,TRUE
13181,"Lincoln County, Georgia",7517,0.11050225135380876,0.979513103631768,0.01769322868165491,3.9909538379672744e-4,0.02048689636823197,42036,7929,0.02345819144911086,GA,10.646281672985488,8.978282203272398,1,FALSE
13183,"Long County, Georgia",17919,0.4976401004596675,0.8692449355432781,0.10056364752497347,0.00468776159383894,0.13075506445672191,52099,19236,0.03722187564982324,GA,10.860901033699289,9.864538802397552,4,TRUE
13185,"Lowndes County, Georgia",108509,0.30925183378163357,0.9397100701324316,0.03975707084204997,0.00922504124081873,0.06028992986756854,46113,116436,0.03416469133257755,GA,10.738850184893042,11.6650970448133,3,TRUE
13187,"Lumpkin County, Georgia",31650,0.27277958108211964,0.9455924170616112,0.0372827804107425,0.00906793048973143,0.05440758293838865,52872,33009,0.03983762004301857,GA,10.875629177150287,10.404535530538022,3,TRUE
13189,"McDuffie County, Georgia",20024,0.28224093231173036,0.9483619656412304,0.02362165401518178,0.01163603675589292,0.05163803435876946,47327,21404,0.02471500654083349,GA,10.76483623614599,9.971333099431195,3,TRUE
13191,"McIntosh County, Georgia",13801,0.17037230230205688,0.9686254619230492,0.00586913991739729,0,0.0313745380769509,56262,14217,0.01420834212562425,GA,10.93777463064768,9.562193710635698,2,FALSE
13193,"Macon County, Georgia",12458,0.31770284755433315,0.9316904800128432,0.02969979129876384,0.00216728206774763,0.06830951998715684,31910,13107,0.01251239795529106,GA,10.370674719272287,9.480901717619544,3,TRUE
13195,"Madison County, Georgia",27937,0.28129461615726586,0.9377170061209148,0.04757132118695637,0.01152593335003758,0.06228299387908509,51142,29624,0.02963813124493653,GA,10.84236135641054,10.296340122593447,3,TRUE
13197,"Marion County, Georgia",8033,0.31800633706206427,0.9086269139798332,0.08863438316942612,0,0.0913730860201668,52450,8450,0.03834319526627219,GA,10.867615613824444,9.04192172035122,3,TRUE
13199,"Meriwether County, Georgia",19842,0.10767781995288336,0.9818062695292812,0.01179316601149077,0.00206632395927829,0.0181937304707187,40769,21080,0.0068785578747628,GA,10.615677267673387,9.956080002655298,1,FALSE
13201,"Miller County, Georgia",5369,0.03313945192868384,0.9955298938349786,9.312721177127956e-4,0.00353883404730862,0.00447010616502141,49771,5725,0.00436681222707423,GA,10.815187764075905,8.65259782842244,1,FALSE
13205,"Mitchell County, Georgia",20835,0.3806760723043885,0.921190304775618,0.04578833693304535,0.02198224142068634,0.07880969522438208,39404,22072,0.03461399057629576,GA,10.58162261297557,10.00206511589712,3,TRUE
13207,"Monroe County, Georgia",26061,0.12654406098542686,0.978051494570431,0.01515674763055907,0,0.02194850542956905,60491,27455,0.01588053177927518,GA,11.010249872622438,10.220303579712972,1,FALSE
13209,"Montgomery County, Georgia",8609,0.31310184215450304,0.9321640144035312,0.04901846904402369,0.00174236264374491,0.06783598559646886,45230,9069,0.04465762487595104,GA,10.719515862471887,9.112617283447568,3,TRUE
13211,"Morgan County, Georgia",17889,0.12679532302239674,0.9754597797529208,0.0217452065515121,5.590027391134217e-4,0.02454022024707924,68669,18832,0.01842608326253186,GA,11.137053139108806,9.843312829500055,1,FALSE
13213,"Murray County, Georgia",37306,0.385868059530412,0.8835844100144749,0.1118050715702568,0.00209081649064493,0.11641558998552516,51133,39789,0.07104978762974691,GA,10.84218536032111,10.591345771162462,3,TRUE
13215,"Muscogee County, Georgia",181372,0.3921449804365204,0.922176521182983,0.04614824780010145,0.01335928368215601,0.07782347881701701,47418,195418,0.05174037192070331,GA,10.76675718243303,12.18289613307896,3,TRUE
13217,"Newton County, Georgia",102864,0.32777311934764874,0.9335335977601492,0.04205552963135791,0.00753421994089283,0.06646640223985067,59178,109835,0.06638139026721901,GA,10.988305130182049,11.606734518648286,3,TRUE
13219,"Oconee County, Georgia",37105,0.4589580653399371,0.9096348201051072,0.04317477428917935,0.03088532542783991,0.0903651798948929,95064,39194,0.07087819564219013,GA,11.462305627969862,10.576278952839,4,TRUE
13221,"Oglethorpe County, Georgia",14218,0.2425529754546928,0.9442959628639752,0.04951469967646645,0.00239133492755661,0.05570403713602479,52816,15040,0.00871010638297872,GA,10.874569454092974,9.618468597503831,2,FALSE
13223,"Paulding County, Georgia",153915,0.384843856789349,0.9252379560146834,0.0416593574375467,0.00732222330507098,0.0747620439853166,74154,164440,0.06395037703721722,GA,11.21389929081779,12.010301041011816,3,TRUE
13225,"Peach County, Georgia",26028,0.3331466966429642,0.917242969110189,0.07126940218226525,0.00637774704164745,0.08275703088981101,50267,27502,0.05614137153661552,GA,10.825104077165632,10.22201400828289,3,TRUE
13227,"Pickens County, Georgia",30453,0.1698648172169563,0.9657176632844054,0.02958657603520178,0.00183889928742652,0.03428233671559455,68365,32002,0.0203424785950878,GA,11.132616276743182,10.37355367982882,2,FALSE
13229,"Pierce County, Georgia",18022,0.1410889233176625,0.9729774719786928,0.01980912218399733,0,0.02702252802130733,48969,19336,0.02141083988415391,GA,10.798942723822146,9.86972392238332,1,FALSE
13231,"Pike County, Georgia",17667,0.11938448980646374,0.9781513556347994,0.01845248202864097,0.00209430010754514,0.02184864436520062,68138,18565,0.01874495017506059,GA,11.129290339448714,9.82903336661118,1,FALSE
13233,"Polk County, Georgia",39416,0.39602084847150454,0.8812411203572154,0.11282220418104325,0,0.11875887964278464,46846,42251,0.06705166741615583,GA,10.754620905152857,10.651383301144277,3,TRUE
13235,"Pulaski County, Georgia",10639,0.13207251778758758,0.9766895384904596,0.01456903844346273,0.00723752232352664,0.02331046150954041,42213,11185,0.02074206526598122,GA,10.650483509456365,9.32232887392423,1,FALSE
13237,"Putnam County, Georgia",20906,0.25424419514750607,0.9454223667846552,0.04472400267865684,0.00353965368793647,0.05457763321534492,52910,21906,0.03168081804071943,GA,10.876347635898178,9.994515850883692,2,FALSE
13241,"Rabun County, Georgia",16210,0.4136417569903565,0.9,0.06983343615052437,1.233806292412091e-4,0.09999999999999998,44871,16859,0.05872234414852601,GA,10.711546985327436,9.7326399178158,3,TRUE
13243,"Randolph County, Georgia",6480,0.11534095573241614,0.9773148148148147,0.02098765432098765,4.62962962962963e-4,0.02268518518518514,29400,6888,0.00682346109175377,GA,10.288749953326771,8.837536046107568,1,FALSE
13245,"Richmond County, Georgia",188446,0.35954729673285424,0.9336202413423474,0.03518249259734884,0.01354234104199611,0.06637975865765255,43882,202178,0.03491477806685198,GA,10.689259492201897,12.216903776483832,3,TRUE
13247,"Rockdale County, Georgia",84942,0.4586816612941026,0.892856301947211,0.07921876103694285,0.01032469214287396,0.107143698052789,62505,90155,0.09587931895069604,GA,11.043001832524665,11.409285690210467,4,TRUE
13249,"Schley County, Georgia",4940,0.1086095718451625,0.978744939271255,0.01963562753036437,0,0.02125506072874494,49105,5215,0.00977948226270374,GA,10.801716141591877,8.559294367434873,1,FALSE
13251,"Screven County, Georgia",13168,0.14040162443926749,0.9769896719319564,0.01336573511543134,0.00523997569866342,0.0230103280680437,39852,13977,0.01402303784789296,GA,10.592927871164749,9.545168400484906,1,FALSE
13253,"Seminole County, Georgia",7788,0.0726426605834557,0.987930148947098,0,0.0120698510529019,0.01206985105290192,35286,8218,0.00243368216110975,GA,10.471241563688013,9.014082149443356,1,FALSE
13255,"Spalding County, Georgia",61990,0.208353522694318,0.9607356025165348,0.02934344249072431,0.00332311663171479,0.03926439748346511,48970,66043,0.03026815862392683,GA,10.798963144696364,11.09806132401622,2,FALSE
13257,"Stephens County, Georgia",24250,0.2215160430710959,0.9581855670103092,0.02758762886597938,0.00301030927835051,0.04181443298969067,46766,25934,0.02976787229120074,GA,10.75291172215334,10.16331012810883,2,FALSE
13259,"Stewart County, Georgia",6319,0.8591354681528105,0.7675265073587593,0.13150815002373795,0.01835733502136414,0.23247349264124073,34028,6446,0.28312131554452374,GA,10.434938994095775,8.771215062375383,4,TRUE
13261,"Sumter County, Georgia",27891,0.33136861008574947,0.9329532824208526,0.04151876949553619,0.01079201176006597,0.06704671757914737,37174,29714,0.04768795853806287,GA,10.523364871168296,10.2993735941973,3,TRUE
13263,"Talbot County, Georgia",6006,0.1289204362704771,0.9786879786879786,0.01282051282051282,0.00699300699300699,0.02131202131202136,40020,6245,0.00736589271417133,GA,10.597134608137724,8.739536422559677,1,FALSE
13267,"Tattnall County, Georgia",24072,0.46904006949039695,0.8651129943502824,0.11910103024260552,0.00157859754071119,0.13488700564971756,44053,25392,0.05820730938878387,GA,10.693148733472112,10.14218944276619,4,TRUE
13269,"Taylor County, Georgia",7714,0.2085478447316869,0.958128078817734,0.0064817215452424104,0,0.04187192118226601,28550,8126,0.03002707359094265,GA,10.259412215084156,9.002824076547672,2,FALSE
13271,"Telfair County, Georgia",15358,0.3477936674399166,0.8979033728350045,0.0988409949212137,9.11577028258888e-4,0.10209662716499546,32764,15871,0.10232499527439984,GA,10.397085630635493,9.67224882350756,3,TRUE
13273,"Terrell County, Georgia",8155,0.24279526678393687,0.9514408338442674,0.03188228080931944,0.0088289393010423,0.04855916615573263,35335,8654,0.03281719436098913,GA,10.472629253124955,9.06577692078483,2,FALSE
13275,"Thomas County, Georgia",41758,0.21947012302330107,0.9566789597202932,0.03388572249628813,0.00122132286029024,0.04332104027970684,47133,44545,0.02435739140195308,GA,10.760728671615707,10.704255193154744,2,FALSE
13277,"Tift County, Georgia",37788,0.437059332762749,0.8858103101513708,0.0969884619455912,0.00907695564729543,0.1141896898486292,44827,40590,0.05420054200542006,GA,10.71056591543671,10.611277009832945,3,TRUE
13279,"Toombs County, Georgia",25067,0.37969448956215424,0.8944827861331631,0.09678062791718196,0.00402920173933857,0.10551721386683688,41244,26947,0.05481129624819089,GA,10.627260926637836,10.201627252886745,3,TRUE
13281,"Towns County, Georgia",11423,0.21657929432311493,0.957891972336514,0.03160290641687822,0.00236365228048673,0.04210802766348598,51257,11815,0.02691493863732543,GA,10.844607473039575,9.377125189621008,2,FALSE
13283,"Treutlen County, Georgia",6357,0.22134748238484525,0.9528079282680508,0.03649520213937392,7.865345288658172e-4,0.04719207173194906,32072,6787,0.03639310446441727,GA,10.375738654322342,8.822764296703758,2,FALSE
13285,"Troup County, Georgia",65591,0.28012920086325127,0.9483770639264534,0.02730557546004787,0.00907136649845253,0.05162293607354662,46796,70095,0.03727797988444254,GA,10.753553008167492,11.157606743802637,3,TRUE
13287,"Turner County, Georgia",7370,0.37509532078502494,0.9103120759837178,0.06526458616010855,0.00434192672998643,0.08968792401628223,34514,7920,0.04330808080808081,GA,10.449120317807523,8.977146484808472,3,TRUE
13289,"Twiggs County, Georgia",7781,0.17552650154428764,0.9653000899627298,0.01709291864798869,1.2851818532322323e-4,0.03469991003727024,43477,8195,0.02208663819402074,GA,10.679987341614616,9.01127949117793,2,FALSE
13291,"Union County, Georgia",23059,0.2113993863011892,0.9617936597424,0.02536970380328722,0.00229845179756277,0.03820634025760006,49703,23999,0.02483436809867078,GA,10.813820572436036,10.085767441795335,2,FALSE
13293,"Upson County, Georgia",24677,0.15849581081705602,0.9720792640920696,0.0178708919236536,5.268063378854804e-4,0.02792073590793042,39221,26329,0.02453568308709028,GA,10.576967596620598,10.178426272278042,1,FALSE
13295,"Walker County, Georgia",65478,0.14941088092838997,0.9749228748587312,0.01634136656586945,0.00528421759980451,0.0250771251412688,46601,69398,0.01217614340470906,GA,10.74937727911096,11.147613327635831,1,FALSE
13297,"Walton County, Georgia",87651,0.29971543956455676,0.9436173004301148,0.03195628116051157,0.00282940297315489,0.05638269956988506,65491,93284,0.0522812057801981,GA,11.089668007602317,11.443403882311584,3,TRUE
13299,"Ware County, Georgia",33494,0.2325251828059219,0.9567683764256284,0.02645249895503672,0.00477697498059353,0.04323162357437149,37041,35745,0.01454748915932298,GA,10.519780686235851,10.484165678200952,2,FALSE
13301,"Warren County, Georgia",4984,0.05922660847527316,0.9903691813804172,0.00200642054574638,0,0.0096308186195827,38250,5259,0.00950751093363757,GA,10.55189883925468,8.567696173589344,1,FALSE
13303,"Washington County, Georgia",19180,0.17013832998009834,0.9699165797705944,0.01861313868613138,2.6068821689259646e-4,0.03008342022940557,36402,20316,0.01919669226225635,GA,10.502378997170354,9.919164031921136,2,FALSE
13305,"Wayne County, Georgia",28071,0.22598410147653705,0.9549356987638488,0.0350895942431691,0.00559296070677923,0.04506430123615124,45773,29959,0.02249741313127941,GA,10.73144967661659,10.307585059236986,2,FALSE
13309,"Wheeler County, Georgia",7649,0.21235153361364345,0.9452215975944568,0.05477840240554321,0,0.05477840240554321,28864,7897,0.00709130049385842,GA,10.27035042286235,8.97423821949758,2,FALSE
13311,"White County, Georgia",28724,0.17421251338487703,0.9727057512881214,0.01201086199693636,0.00563988302464837,0.02729424871187857,55788,29962,0.023229423936986852,GA,10.929314071478585,10.307685191077328,2,FALSE
13313,"Whitfield County, Georgia",97331,0.6957209408923073,0.7079142308206019,0.2766127955122212,0.00787005167932108,0.2920857691793981,50055,104122,0.17952017825243463,GA,10.820877679853584,11.553318567529471,4,TRUE
13315,"Wilcox County, Georgia",8251,0.20588774161199405,0.951884620046055,0.04544903648042661,0.00109077687553023,0.04811537995394499,39216,8701,0.03505344213308815,GA,10.576840105767896,9.071193240566023,2,FALSE
13317,"Wilkes County, Georgia",9269,0.2153218759497119,0.9505879814435214,0.04520444492394002,0,0.04941201855647859,36486,9797,0.0297029702970297,GA,10.504683904348164,9.189831495344642,2,FALSE
13319,"Wilkinson County, Georgia",8448,0.13325219286602966,0.9711174242424242,0.0284090909090909,0,0.0288825757575758,36896,8945,0.02258244829513694,GA,10.515858423068783,9.09884999594282,1,FALSE
13321,"Worth County, Georgia",19167,0.16809246187728236,0.9686961965878854,0.01893880106432931,0.01236500234778525,0.03130380341211458,50913,20346,0.01793964415609947,GA,10.837873572679374,9.920639611353694,2,FALSE
15001,"Hawaii County, Hawaii",189550,0.992744930445201,0.7306937483513585,0.02901081508836718,0.18045898179899764,0.2693062516486415,65401,201350,0.13324062577601192,HI,11.088292827848267,12.2127999662796,4,TRUE
15003,"Honolulu County, Hawaii",917337,1.0352001572942031,0.729466924369125,0.01927644911303043,0.23515676354491316,0.27053307563087503,87722,979682,0.19494999397763765,HI,11.381928002089516,13.79498330819263,4,TRUE
15007,"Kauai County, Hawaii",67696,0.7487855989177523,0.8020119357125975,0.01472760576695816,0.165401205388797,0.19798806428740243,82818,71949,0.15886252762373348,HI,11.324400708051634,11.183712813678277,4,TRUE
15009,"Maui County, Hawaii",156877,0.8620119918353839,0.7747853413821019,0.03280914346908725,0.17610612135622175,0.22521465861789813,84363,166657,0.1825425874700733,HI,11.342884195838067,12.023693087054154,4,TRUE
16001,"Ada County, Idaho",442589,0.44989727783508954,0.9152893542315784,0.0396711169956777,0.01502748599716667,0.08471064576842169,69952,469473,0.05738775179829298,ID,11.15556457153621,13.059366067989586,3,TRUE
16005,"Bannock County, Idaho",80785,0.363906784635646,0.9322027604134432,0.03643003032741226,0.01229188586990159,0.06779723958655692,51977,86742,0.03553065412372323,ID,10.858556592024357,11.370693474536498,3,TRUE
16007,"Bear Lake County, Idaho",5652,0.17848138855263482,0.9640835102618542,0.02954706298655343,0.00194621372965322,0.03591648973814576,52829,6054,0.02411628675256029,ID,10.87481556134018,8.708474489581665,2,FALSE
16009,"Benewah County, Idaho",8694,0.2099752451648219,0.9635380722337245,0.01230733839429491,0.00230043708304577,0.03646192776627555,47983,9231,0.01202469938251543,ID,10.778602060491536,9.130322663990151,2,FALSE
16011,"Bingham County, Idaho",42724,0.49934914108467376,0.8571060762100927,0.12241363168242674,0.00241082295665199,0.14289392378990728,58260,46246,0.05049085326298491,ID,10.972671030513425,10.741730252713912,4,TRUE
16013,"Blaine County, Idaho",21616,0.6166372245878945,0.7786824574389342,0.20540340488527015,0.00231310140636565,0.22131754256106584,64627,22729,0.1557921597958555,ID,11.076387559107486,10.03139692115816,4,TRUE
16015,"Boise County, Idaho",7385,0.2679077554811686,0.9504400812457684,0.02559241706161137,0.00798916723087339,0.0495599187542316,51760,7625,0.03737704918032786,ID,10.854372929174785,8.939187601475613,3,TRUE
16017,"Bonner County, Idaho",42577,0.16338495339285314,0.9730840594687272,0.01512553726190196,0.00476783239777344,0.02691594053127277,51594,44688,0.02555495882563551,ID,10.851160665638952,10.707460288184958,1,FALSE
16019,"Bonneville County, Idaho",107167,0.41768207114812506,0.8940625379081247,0.08950516483619024,0.00522548918976923,0.10593746209187528,61435,116970,0.04869624690091476,ID,11.025734984301671,11.669672770644752,3,TRUE
16021,"Boundary County, Idaho",11411,0.19519016992308613,0.9665235299272632,0.00630970116554202,9.639821225133644e-4,0.0334764700727368,45319,12156,0.03989799276077657,ID,10.721481649585172,9.405578154036684,2,FALSE
16027,"Canyon County, Idaho",207418,0.5939635091784629,0.815088372272416,0.16271490420310675,0.00668215873260758,0.18491162772758396,56916,223890,0.07872169368886507,ID,10.949331775665582,12.318910138793544,4,TRUE
16029,"Caribou County, Idaho",6581,0.21359390953087984,0.9493997872663728,0.047865066099377,9.11715544750038e-4,0.05060021273362714,58099,7028,0.04681274900398406,ID,10.96990373098792,8.857657449306988,2,FALSE
16031,"Cassia County, Idaho",21951,0.5991145646423057,0.8044736002915585,0.17452507858411917,0.00933898227871167,0.19552639970844157,52256,23847,0.09020002516039752,ID,10.863909995770191,10.079413702241222,4,TRUE
16035,"Clearwater County, Idaho",8378,0.25653512831856884,0.9550011936022916,0.0214848412508952,0.00704225352112676,0.04499880639770826,42413,8735,0.04144247281053234,ID,10.655210198000304,9.075093222568157,2,FALSE
16039,"Elmore County, Idaho",24807,0.5966474471231318,0.8544362478332729,0.09594066190994475,0.02527512395694763,0.14556375216672712,45656,27043,0.10387161187738046,ID,10.728890312216544,10.205183470748327,4,TRUE
16041,"Franklin County, Idaho",12694,0.21082814903330027,0.954939341421144,0.03875846856782732,8.665511265164645e-4,0.0450606585788561,59934,13736,0.02293244030285381,ID,11.000999235760204,9.527775402577312,2,FALSE
16043,"Fremont County, Idaho",12283,0.4296449938381275,0.8707970365545876,0.11910770984287226,0.00740861353089636,0.12920296344541238,56825,13111,0.06666158187781253,ID,10.947731648720744,9.4812068514994,3,TRUE
16045,"Gem County, Idaho",16864,0.3267108501637996,0.9243358633776092,0.06226280834914611,0.00622628083491461,0.07566413662239091,53720,17771,0.04271003320015756,ID,10.891540650637172,9.785323194185484,3,TRUE
16047,"Gooding County, Idaho",14237,0.6203583472323188,0.7484020509938891,0.239867949708506,0.00266910163658074,0.2515979490061109,50057,15280,0.1388743455497382,ID,10.82091763510371,9.634300062720513,4,TRUE
16049,"Idaho County, Idaho",15721,0.24496842046552875,0.955982443864894,0.02130907703072323,0.00203549392532281,0.04401755613510594,44951,16511,0.0119314396462964,ID,10.713328286593352,9.711782104431832,2,FALSE
16051,"Jefferson County, Idaho",26841,0.4081359043153311,0.8950858760850937,0.08781341976826497,0.00860623672739465,0.10491412391490627,65577,29238,0.03591216909501334,ID,11.090980303698112,10.28322451207156,3,TRUE
16053,"Jerome County, Idaho",22090,0.6894974940197616,0.6896333182435491,0.2987324581258488,0.00633770937075599,0.3103666817564509,55521,24074,0.16723436072110992,ID,10.924516606545858,10.08888769893968,4,TRUE
16055,"Kootenai County, Idaho",152142,0.2129235810928771,0.9628373493184,0.02300482444032548,0.00349673331492947,0.037162650681600073,60903,161676,0.02293475840570029,ID,11.017037713568444,11.993349611543849,2,FALSE
16057,"Latah County, Idaho",38064,0.3096749444332994,0.9486654056326188,0.01379255989911727,0.01518495166036149,0.0513345943673813,51312,40052,0.05020972735443923,ID,10.845679921932936,10.597933888827692,3,TRUE
16059,"Lemhi County, Idaho",7543,0.13126832998364985,0.97878828052499,0.00835211454328516,1.325732467188121e-4,0.02121171947500999,38819,7929,0.0210619245806533,ID,10.56666509647364,8.978282203272398,1,FALSE
16063,"Lincoln County, Idaho",4964,0.6432366191211726,0.7332796132151491,0.2556406124093473,0.0048348106365834,0.2667203867848509,52363,5342,0.16510670160988394,ID,10.865955514028034,8.583355393669907,4,TRUE
16065,"Madison County, Idaho",35865,0.5278825675559873,0.8790464240903387,0.07589572006134114,0.02754774850132441,0.12095357590966128,44419,39725,0.04561359345500315,ID,10.7014225848132,10.589735991404917,4,TRUE
16067,"Minidoka County, Idaho",19204,0.6439572126716965,0.7087065194751093,0.2848364923974172,0.0032805665486357,0.2912934805248907,53011,20817,0.1542008935005044,ID,10.878254718169137,9.94352523956766,4,TRUE
16069,"Nez Perce County, Idaho",38187,0.2466249480349666,0.9588079712991332,0.01322439573676905,0.00623248749574462,0.0411920287008668,57099,40468,0.01944746466343777,ID,10.952541882355892,10.60826681732578,2,FALSE
16073,"Owyhee County, Idaho",11056,0.56870194444314,0.7840991316931982,0.20640376266280752,8.140376266280753e-4,0.21590086830680175,48601,11724,0.09109518935516887,ID,10.791399385808589,9.369393301830783,4,TRUE
16075,"Payette County, Idaho",22163,0.4637395450142233,0.8680232820466544,0.11726751793529756,0.0056400306817669,0.13197671795334565,52788,23705,0.06669479012866483,ID,10.87403917113672,10.07344127533622,4,TRUE
16077,"Power County, Idaho",7044,0.6502157590604445,0.7187677455990914,0.270442930153322,0.00340715502555366,0.2812322544009086,51014,7635,0.1461689587426326,ID,10.839855383839462,8.940498217652733,4,TRUE
16079,"Shoshone County, Idaho",11909,0.22618263692996216,0.9580149466789822,0.02191619783357125,0.00151146191955663,0.04198505332101776,40483,12700,0.01204724409448818,ID,10.608637411887225,9.449357272446685,2,FALSE
16081,"Teton County, Idaho",11032,0.41794571924997576,0.8693799854967368,0.12518129079042783,0.00145032632342277,0.13062001450326322,73274,11776,0.07854959239130435,ID,11.20196111826659,9.373818840968658,3,TRUE
16083,"Twin Falls County, Idaho",79989,0.6003316083825001,0.8456037705184463,0.11234044681143655,0.00778857092850267,0.15439622948155374,53363,86198,0.09019930856864428,ID,10.88487290089817,11.36440225452647,4,TRUE
16085,"Valley County, Idaho",10591,0.2208453375899369,0.9529789443867436,0.03890095363988292,9.441979038806532e-5,0.04702105561325653,63115,11085,0.01064501578709968,ID,11.052713738186965,9.313348122050412,2,FALSE
16087,"Washington County, Idaho",9612,0.49235177455408424,0.8512276321265085,0.13337494798168956,0.00780274656679151,0.14877236787349146,42126,10128,0.07454581358609795,ID,10.648420406245304,9.223059144383958,4,TRUE
17001,"Adams County, Illinois",61578,0.15974348194108523,0.975916723505148,0.01023092662964045,0.00514794244697781,0.02408327649485209,55052,65670,0.01259326937718897,IL,10.916033472099423,11.09239747918502,1,FALSE
17003,"Alexander County, Illinois",5737,0.03630160553917438,0.9940735576085062,0.00592644239149381,0,0.00592644239149375,34709,6011,0.00266178672433871,IL,10.454754298299642,8.701346403039162,1,FALSE
17005,"Bond County, Illinois",15844,0.1840727000631248,0.965854582176218,0.0253092653370361,0.00126230749810653,0.03414541782378189,53568,16520,0.01519370460048426,IL,10.888707153849149,9.71232704707497,2,FALSE
17007,"Boone County, Illinois",50365,0.5951763059132217,0.8113570932194977,0.16731857440683015,0.00657202422317085,0.18864290678050233,70396,53293,0.0892612538232038,IL,11.161891722350102,10.883560269446573,4,TRUE
17009,"Brown County, Illinois",6292,0.298635431095154,0.9381754609027336,0.03830260648442466,0,0.06182453909726637,60694,6599,0.02864070313683891,IL,11.013600125374444,8.794673401383422,3,TRUE
17011,"Bureau County, Illinois",31216,0.33249754294447725,0.9292990773962072,0.05279343926191696,0.00794464377242439,0.0707009226037929,55549,32878,0.0377151894884117,IL,10.925020793105562,10.400559020069457,3,TRUE
17015,"Carroll County, Illinois",13674,0.1633408548570656,0.9746233728243382,0.01104285505338598,0.00277899663595144,0.0253766271756618,52813,14398,0.01437699680511182,IL,10.874512651510337,9.574844587029247,1,FALSE
17017,"Cass County, Illinois",11494,0.5552038564467923,0.8253001566034452,0.15033930746476423,3.480076561684357e-4,0.17469984339655475,53899,12324,0.11587147030185004,IL,10.894867203849286,9.41930385971656,4,TRUE
17019,"Champaign County, Illinois",198495,0.824893473398293,0.8263381949167485,0.04492304592055216,0.07531172069825437,0.17366180508325146,53936,210006,0.12347266268582804,IL,10.895553437473842,12.25489138072002,4,TRUE
17021,"Christian County, Illinois",30970,0.14550004658814986,0.9780109783661608,0.00952534711010655,0.00690991281885695,0.0219890216338392,52120,32705,0.01259746216174896,IL,10.86130403123878,10.395283250395313,1,FALSE
17023,"Clark County, Illinois",14717,0.09342565658323952,0.9847115580621052,0.01039614051776856,0,0.01528844193789491,59481,15602,0.00506345340340981,IL,10.993412212806671,9.655154390148258,1,FALSE
17025,"Clay County, Illinois",12469,0.10178447497484566,0.9839602213489452,0.00866148047156949,0.00232576790440291,0.01603977865105466,52167,13217,0.00408564727245214,IL,10.862205390050178,9.489259158757807,1,FALSE
17027,"Clinton County, Illinois",35412,0.20372990130081375,0.9628092172145036,0.02293008019880266,0.00494182762905229,0.03719078278549648,67179,37549,0.01533995579109962,IL,11.11511597767294,10.53340202567921,2,FALSE
17029,"Coles County, Illinois",48752,0.24458016425016213,0.9600426649163112,0.01003035772891368,0.00785608795536593,0.03995733508368893,46411,51065,0.01854499167727406,IL,10.745291779083455,10.8408546100122,2,FALSE
17031,"Cook County, Illinois",4854149,1.1783533371136958,0.6500123914614075,0.20564449092930603,0.04153209965330689,0.34998760853859245,67886,5169517,0.20862200472500625,IL,11.12558510672061,15.458289818522676,4,TRUE
17033,"Crawford County, Illinois",17869,0.21363059537121828,0.9620012311824948,0.01969891991717499,0.00207062510493032,0.03799876881750519,50968,18833,0.01077895183985557,IL,10.838953263796324,9.843365929194746,2,FALSE
17035,"Cumberland County, Illinois",10105,0.09167865018094376,0.9850569025235032,0.01098466105888174,0.00188025729836714,0.0149430974764968,59271,10787,0.00917771391489756,IL,10.989875426581516,9.28609698437543,1,FALSE
17037,"DeKalb County, Illinois",98639,0.5319305347912545,0.8839100153083466,0.07153357191374608,0.0142641348756577,0.11608998469165344,62353,104588,0.0651126324243699,IL,11.040567065427815,11.557784101278456,4,TRUE
17039,"De Witt County, Illinois",14860,0.1344073388855062,0.972341857335128,0.02611036339165545,3.3647375504710633e-4,0.0276581426648721,57727,15764,0.01287744227353463,IL,10.96348028065585,9.665484138314897,1,FALSE
17041,"Douglas County, Illinois",18208,0.620659250507892,0.8192003514938488,0.05662346221441124,0.00109841827768014,0.18079964850615116,59620,19551,0.03063781903738939,IL,10.995746367232062,9.88078171500049,4,TRUE
17043,"DuPage County, Illinois",871543,1.097752670968248,0.7207056909412387,0.10469133479357874,0.05189416930662056,0.2792943090587613,94930,926005,0.19372681572993664,IL,11.460895056875843,13.738634913181771,4,TRUE
17045,"Edgar County, Illinois",16412,0.12497824813453742,0.98196441628077,0.00591030952961247,0.00755544723373141,0.01803558371922986,48543,17272,0.01227420101899027,IL,10.790205282067918,9.756841972194644,1,FALSE
17047,"Edwards County, Illinois",6058,0.12576609228221758,0.979861340376362,0.01271046550016507,0.00264113568834598,0.02013865962363814,53801,6431,0.00606437568029855,IL,10.893047333337728,8.768885326134862,1,FALSE
17049,"Effingham County, Illinois",31896,0.1974760647734325,0.965387509405568,0.02282417858038625,0.00517306245297216,0.03461249059443194,59932,34151,0.02163919065327516,IL,11.000965865163035,10.438547147147077,2,FALSE
17051,"Fayette County, Illinois",20205,0.2604959611751037,0.9511507052709726,0.03019054689433308,0.00692897797574857,0.04884929472902744,45634,21418,0.01727518909328602,IL,10.728408331705516,9.97198696896082,2,FALSE
17053,"Ford County, Illinois",12410,0.20620334452756012,0.96116035455278,0.02594681708299758,0.00652699435938759,0.03883964544721996,50582,13155,0.01193462561763588,IL,10.831351060762898,9.484557193474393,2,FALSE
17055,"Franklin County, Illinois",36396,0.1108552887001444,0.9836245741290252,0.00794043301461699,0.00332454115836905,0.01637542587097484,43671,38688,0.01041666666666666,IL,10.68443954523277,10.56328475341452,1,FALSE
17057,"Fulton County, Illinois",32992,0.1967495605925752,0.9644762366634336,0.02188409311348205,0.00275824442289039,0.03552376333656648,52243,34654,0.01206209961332025,IL,10.863661189560236,10.453168438070792,2,FALSE
17061,"Greene County, Illinois",12313,0.06954691118508573,0.9890359782343864,0.00852757248436611,2.436449281247462e-4,0.01096402176561361,51746,12988,0.00284878349245457,IL,10.854102413454235,9.471781133222736,1,FALSE
17063,"Grundy County, Illinois",47714,0.3034610379395036,0.937313995892191,0.04325774405834765,0.00368864484218468,0.062686004107809,75767,50798,0.03632032757195165,IL,11.235418120634913,10.83561226271281,3,TRUE
17065,"Hamilton County, Illinois",7707,0.22432073407556713,0.9512131828208122,0.00687686518749189,0,0.04878681717918776,55977,8151,0.01558091031775242,IL,10.93269617106536,9.005895898094458,2,FALSE
17067,"Hancock County, Illinois",16873,0.10451278314566266,0.9852426954305696,0.00403010727197297,0.00320037930421383,0.01475730456943047,55818,17820,0.01088664421997755,IL,10.929851676996613,9.7880767010248,1,FALSE
17071,"Henderson County, Illinois",6411,0.11226035866650576,0.9805022617376384,0.01169864295741694,0,0.01949773826236156,55759,6737,0.01335906189698678,IL,10.92879411127072,8.81537000096066,1,FALSE
17073,"Henry County, Illinois",46378,0.1911803804260656,0.9620940963387812,0.03117857604898874,0.00338522575359006,0.03790590366121871,60000,49032,0.01494942078642519,IL,11.002099841204238,10.800228425165567,2,FALSE
17075,"Iroquois County, Illinois",25962,0.2725605580506474,0.9381788768199676,0.05280795008088745,0.00184885602033741,0.0618211231800323,54445,27437,0.03178190035353719,IL,10.904946296780162,10.219647746416856,3,TRUE
17077,"Jackson County, Illinois",54416,0.47183040119401687,0.9122868274037048,0.03625771831814172,0.01848720964422228,0.08771317259629519,39689,57517,0.05732218300676322,IL,10.588829350196416,10.959835835262863,4,TRUE
17079,"Jasper County, Illinois",8970,0.12330395712041704,0.9774804905239688,0.01828316610925306,0.00256410256410256,0.0225195094760312,55911,9547,0.00827485073845187,IL,10.931516419748776,9.163982247998034,1,FALSE
17081,"Jefferson County, Illinois",35426,0.22204804242065695,0.9629650539152036,0.01637215604358381,0.00502455823406537,0.03703494608479651,51662,37774,0.0180547466511357,IL,10.8524777805733,10.539376314255792,2,FALSE
17083,"Jersey County, Illinois",20755,0.12209571350310117,0.981932064562756,0.00751626114189351,0.0033245001204529,0.01806793543724405,67845,21776,0.0096895664952241,IL,11.124980970580053,9.988563724891248,1,FALSE
17085,"Jo Daviess County, Illinois",20506,0.18872548252760385,0.9658636496635132,0.02418804252413927,0.00409636204037842,0.03413635033648687,59223,21429,0.02263288067571981,IL,10.989065258933778,9.972500423823082,2,FALSE
17087,"Johnson County, Illinois",11825,0.18858253813518347,0.9657505285412262,0.02359408033826638,0.00363636363636363,0.03424947145877377,55363,12391,0.01630215478976676,IL,10.92166677957473,9.424725681616492,2,FALSE
17089,"Kane County, Illinois",498187,0.8780830095228915,0.6872820848396285,0.25687743758869663,0.01807353463659228,0.3127179151603715,83374,531756,0.17278789520005416,IL,11.331091789142995,13.18394001649671,4,TRUE
17091,"Kankakee County, Illinois",103460,0.3959461062868967,0.9038855596365746,0.07890972356466266,0.00297699594046008,0.09611444036342542,59370,109924,0.0510534551144427,IL,10.99154432726472,11.607544496895963,3,TRUE
17093,"Kendall County, Illinois",119038,0.6876034584995508,0.8149246459113897,0.13357919319881045,0.01321426771283119,0.1850753540886103,96854,127583,0.10107929739855624,IL,11.480959968963178,11.75652241217695,4,TRUE
17095,"Knox County, Illinois",47231,0.3243523892855183,0.9385149583959688,0.03643793271368381,0.00654231331117274,0.06148504160403123,44464,50052,0.03112762726764165,IL,10.702435151982286,10.820817743984945,3,TRUE
17097,"Lake County, Illinois",659624,1.0445061880923046,0.7090069494136053,0.1712308830485246,0.04587158744981989,0.2909930505863947,92654,699682,0.1870564056242693,IL,11.436627404014164,13.45838122509224,4,TRUE
17099,"LaSalle County, Illinois",102951,0.3549191166216023,0.9217491816495226,0.05977600994647939,0.00728501908675,0.07825081835047742,60069,108998,0.03646855905612947,IL,11.00324918046076,11.59908481241909,3,TRUE
17101,"Lawrence County, Illinois",15022,0.21111936824743013,0.95766209559313,0.03388363733191319,9.985354812941018e-4,0.04233790440686991,53087,15830,0.01288692356285533,IL,10.879687356164176,9.669662152875055,2,FALSE
17103,"Lee County, Illinois",32498,0.23420065152754713,0.9555972675241552,0.03129423349129177,0.00553880238783925,0.0444027324758447,59986,34204,0.02777452929481932,IL,11.001866480644448,10.440097875275846,2,FALSE
17105,"Livingston County, Illinois",33754,0.18628534796664095,0.9667298690525568,0.02230846714463471,0.00142205368252651,0.03327013094744324,58676,35757,0.01817825880247224,IL,10.979786063607651,10.48450133315082,2,FALSE
17107,"Logan County, Illinois",27289,0.2133421423009053,0.9612297995529334,0.02594451976987064,0.00307816336252702,0.03877020044706658,58122,28818,0.01547643833715039,IL,10.97029952865444,10.26875547089288,2,FALSE
17109,"McDonough County, Illinois",28717,0.24902857328509417,0.9584218407215238,0.01661037016401434,0.01243166068879061,0.04157815927847619,43591,30107,0.03318165210748331,IL,10.68260598601082,10.312512981839047,2,FALSE
17111,"McHenry County, Illinois",290546,0.5955885507582683,0.8614918119678123,0.08646823566664143,0.01378783394023665,0.13850818803218767,90014,307291,0.08938432951176573,IL,11.407720492770446,12.635550460348334,4,TRUE
17113,"McLean County, Illinois",162057,0.4212967529797827,0.9213980266202632,0.02864424245790061,0.02572551633067377,0.07860197337973673,68037,172164,0.06686647615064706,IL,11.12780695382697,12.05620278988639,3,TRUE
17115,"Macon County, Illinois",98265,0.22317235759656545,0.9635475499923676,0.01728998117335775,0.00831425227700605,0.03645245000763242,53725,104688,0.02383272199296958,IL,10.891633721510711,11.55873977710952,2,FALSE
17117,"Macoupin County, Illinois",42907,0.11330169889297764,0.9832428275106626,0.00878644510219777,0.00335609574195352,0.01675717248933739,56264,45243,0.00959264416594832,IL,10.937810177987854,10.719803241028794,1,FALSE
17119,"Madison County, Illinois",249287,0.23022435771209931,0.9611491975113022,0.0215815505822606,0.00592890924917865,0.03885080248869776,64045,264403,0.02286660892652504,IL,11.067341240265236,12.48522973334008,2,FALSE
17121,"Marion County, Illinois",35153,0.12030157724803515,0.9826757318009842,0.00742468637100674,0.00358433135152049,0.01732426819901578,49925,37524,0.01076644280993497,IL,10.818277158284015,10.53273600724584,1,FALSE
17123,"Marshall County, Illinois",10928,0.1367869472367007,0.976207906295754,0.0164714494875549,5.490483162518302e-4,0.02379209370424595,57303,11562,0.01591420169520844,IL,10.956108257353243,9.35547913764242,1,FALSE
17125,"Mason County, Illinois",12804,0.1156668071304828,0.9810996563573884,0.01179318962824117,0.00242111840049984,0.01890034364261172,50883,13486,0.0071184932522616,IL,10.83728415853995,9.509407389294529,1,FALSE
17127,"Massac County, Illinois",13269,0.13285019102798148,0.9733212751526114,0.02434245233250433,0.00158263621976034,0.02667872484738864,51195,14041,0.0118225197635496,IL,10.843397150008917,9.549736900114642,1,FALSE
17129,"Menard County, Illinois",11583,0.11052688734804768,0.9835103168436502,0.00811534144867478,0.00405767072433739,0.0164896831563498,77550,12261,0.01076584291656471,IL,11.258678168604686,9.414178772232386,1,FALSE
17131,"Mercer County, Illinois",14679,0.1286578001620219,0.9792901423802712,0.01246678929082362,0.00340622658219224,0.02070985761972887,57182,15503,0.02186673547055408,IL,10.95399444252939,9.648788832566362,1,FALSE
17133,"Monroe County, Illinois",32487,0.1766356643636777,0.9730969310801244,0.00637177948102317,0.00766460430325976,0.02690306891987559,89648,34444,0.01367436999187086,IL,11.403646169805066,10.447090095816057,2,FALSE
17135,"Montgomery County, Illinois",27098,0.1378197962043644,0.9775260166801978,0.01114473392870322,9.963834969370434e-4,0.02247398331980221,54886,28598,0.01255332540737114,IL,10.913013585869802,10.261092064292791,1,FALSE
17137,"Morgan County, Illinois",32243,0.214240015936896,0.9638681264150358,0.01876376267717024,0.00288434699004435,0.03613187358496417,53002,34012,0.01652357991297189,IL,10.878084927671337,10.434468682505685,2,FALSE
17139,"Moultrie County, Illinois",13619,0.39601217698721536,0.8883177913209487,0.00602100007342683,2.202804904912255e-4,0.11168220867905132,64033,14557,0.00714432918870646,IL,11.067153854452917,9.58582725656466,3,TRUE
17141,"Ogle County, Illinois",48042,0.29834309723890984,0.93010282669331,0.06011406685816577,0.00162357936805295,0.06989717330668999,63643,50793,0.0396117575256433,IL,11.06104462150408,10.83551382879634,3,TRUE
17143,"Peoria County, Illinois",168615,0.42867301056973633,0.9207662426237286,0.0309225157904101,0.02274412122290425,0.07923375737627136,55729,181111,0.05638531066583476,IL,10.928255936745677,12.106865381949603,3,TRUE
17145,"Perry County, Illinois",20019,0.24086568764338331,0.955242519606374,0.02522603526649683,0.00179829162295818,0.04475748039362604,51616,21092,0.01294329603641191,IL,10.851586980924935,9.95664910065036,2,FALSE
17147,"Piatt County, Illinois",15453,0.17520465403874766,0.9717854138355012,0.0110658124635993,0.0052417006406523,0.02821458616449879,73668,16412,0.01230806726785279,IL,11.207323791215495,9.705768053562077,2,FALSE
17149,"Pike County, Illinois",14594,0.09518381596305787,0.985816088803618,0.0077429080444018,0.00212416061395093,0.01418391119638207,46605,15571,0.00533042193821848,IL,10.749463110495258,9.653165488841426,1,FALSE
17153,"Pulaski County, Illinois",5120,0.058111533555267,0.991015625,0.00703125,5.859375e-4,0.00898437500000004,37308,5414,0.00701884004432951,IL,10.526963059846754,8.596743470174246,1,FALSE
17155,"Putnam County, Illinois",5417,0.1920025080068609,0.9630791951264538,0.02658297950895329,0.00258445634114823,0.03692080487354621,64694,5720,0.01713286713286713,IL,11.077423740485523,8.651724084373843,2,FALSE
17157,"Randolph County, Illinois",30371,0.23719771306662815,0.9569326001778012,0.02686773566889467,0.0029962793454282,0.04306739982219876,55319,31973,0.01898476839833609,IL,10.920871708970337,10.37264707562448,2,FALSE
17159,"Richland County, Illinois",14651,0.21253416642554915,0.9626646645280186,0.01972561599890792,0.00634768957750324,0.03733533547198142,55032,15677,0.01518147604771321,IL,10.91567011320585,9.659949949068531,2,FALSE
17161,"Rock Island County, Illinois",133962,0.5896120655316078,0.8672160762007136,0.07916424060554486,0.01637031396963318,0.1327839237992864,55980,142801,0.07847283982605163,IL,10.932749763069443,11.869207331664224,4,TRUE
17163,"St. Clair County, Illinois",244694,0.2950671223242403,0.9479186248947664,0.02757321389163608,0.00742968769156579,0.05208137510523347,57473,261186,0.03074054505218503,IL,10.95907055128778,12.472988076173062,3,TRUE
17165,"Saline County, Illinois",22298,0.21502422494739823,0.9629563189523724,0.01408198044667683,0.00367745986187102,0.03704368104762756,43928,23735,0.00766800084263745,IL,10.690307208958709,10.074706030985418,2,FALSE
17167,"Sangamon County, Illinois",184675,0.2776748408777837,0.9542872614051712,0.01677000135372952,0.01025585488019493,0.04571273859482872,61743,195963,0.03048024371947765,IL,11.030735887740567,12.18568114488211,3,TRUE
17169,"Schuyler County, Illinois",6642,0.10296733642187572,0.9835892803372478,0.00331225534477567,4.516711833785004e-4,0.0164107196627522,51376,6897,0.01522401043932144,IL,10.846926416329294,8.83884181343129,1,FALSE
17173,"Shelby County, Illinois",20429,0.12443323717603055,0.980713691321161,0.00636350286357628,0.00254540114543051,0.01928630867883896,59134,21623,0.01072931600610461,IL,10.987561334083114,9.981512841973895,1,FALSE
17175,"Stark County, Illinois",5097,0.16665368776369116,0.9713556994310378,0.0145183441239945,0.0045124583088091,0.02864430056896216,53828,5393,0.01743000185425551,IL,10.893549056861431,8.592857095337227,1,FALSE
17177,"Stephenson County, Illinois",42180,0.19856016398324705,0.9657183499288764,0.02136083451872925,0.0047415836889521,0.03428165007112371,50466,44683,0.02081328469440279,IL,10.829055121190493,10.70734839506515,2,FALSE
17179,"Tazewell County, Illinois",124946,0.18759318234787764,0.9704432314759976,0.01405407135882701,0.00775535031133449,0.02955676852400235,66220,132524,0.0174006217741692,IL,11.100737811101236,11.794519040081452,2,FALSE
17181,"Union County, Illinois",15912,0.2238719061874871,0.9538084464555052,0.03802161890397184,0.00490196078431372,0.04619155354449467,51655,16829,0.02769029651197338,IL,10.852342275283544,9.730858867713073,2,FALSE
17183,"Vermilion County, Illinois",71781,0.2306909381357543,0.9576071662417632,0.02871233334726459,0.00558643652219946,0.04239283375823688,46842,76704,0.01964695452649145,IL,10.754535515348346,11.24770913723411,2,FALSE
17185,"Wabash County, Illinois",10731,0.25571365731139734,0.9548038393439569,0.0212468549063461,0.00838691641039977,0.04519616065604326,48878,11390,0.02388059701492537,IL,10.797082676478094,9.340491056441229,2,FALSE
17187,"Warren County, Illinois",16032,0.4169990711502042,0.907435129740519,0.05513972055888223,0.00835828343313373,0.092564870259481,54291,16981,0.05241151875625699,IL,10.902113746328313,9.739850350946302,3,TRUE
17189,"Washington County, Illinois",13186,0.1611106710157813,0.9745942666464432,0.00826634309115728,0.00887304717124222,0.02540573335355678,64390,13967,0.01260113123791794,IL,11.072713620532229,9.54445268330577,1,FALSE
17191,"Wayne County, Illinois",15279,0.23936205025538504,0.9518947575103084,0.01243536880685908,0.00130898619019569,0.04810524248969172,50205,16309,0.00735790054571095,IL,10.823869902313536,9.699472381656918,2,FALSE
17193,"White County, Illinois",12966,0.09365826866098256,0.9862717877525836,0.00593860866882616,0.00123399660650933,0.01372821224741627,48303,13712,0.00933488914819136,IL,10.785248949513049,9.52602664083756,1,FALSE
17195,"Whiteside County, Illinois",52536,0.34375156488526676,0.9264313994213492,0.05377265113446018,0.00571037003197807,0.07356860057865078,57172,55583,0.03018908659122393,IL,10.953819547029006,10.92563267809028,3,TRUE
17197,"Will County, Illinois",649556,0.8034323884332463,0.798203696063157,0.12096570580519617,0.0255374440386972,0.201796303936843,90800,689704,0.12091998886478836,IL,11.416414564589385,13.44401779902559,4,TRUE
17199,"Williamson County, Illinois",63032,0.2183853235699277,0.9634312730041884,0.01941870795786267,0.00834496763548673,0.03656872699581171,52076,66929,0.01715250489324508,IL,10.860459469017288,11.111387634999954,2,FALSE
17201,"Winnebago County, Illinois",265722,0.6251618312961514,0.8527596510638938,0.09573915595998826,0.016118349252226,0.14724034893610616,55310,283635,0.0876231776755337,IL,10.920709002988724,12.55544347928343,4,TRUE
17203,"Woodford County, Illinois",36159,0.13507559577221018,0.9794242097403136,0.0101772726015653,0.00326336458419757,0.02057579025968636,74777,38503,0.01794665350751889,IL,11.222265630047843,10.558491439318033,1,FALSE
18001,"Adams County, Indiana",32228,0.4919806326937047,0.8551880352488519,0.01706590542385503,0.00282363162467419,0.1448119647511481,52712,35544,0.00973441368444744,IN,10.872598412593655,10.478526644615744,4,TRUE
18003,"Allen County, Indiana",349184,0.5448130664564739,0.8883539910190615,0.05144851997800586,0.03421978097507331,0.11164600898093846,57104,375520,0.06824669791222837,IN,10.952629445729942,12.83606701108485,4,TRUE
18005,"Bartholomew County, Indiana",77817,0.5981673352219371,0.8697713867149851,0.05453821144479998,0.03463253530719509,0.1302286132850149,66978,83280,0.10509125840537945,IN,11.112119486242786,11.32996370328885,4,TRUE
18007,"Benton County, Indiana",8110,0.19112435513759415,0.9589395807644884,0.03662145499383477,0.0032059186189889,0.04106041923551173,52656,8695,0.01598619896492236,IN,10.87153547118312,9.070503426788385,2,FALSE
18009,"Blackford County, Indiana",11297,0.12266886094930408,0.9792865362485615,0.01389749491015313,0.00256705319996459,0.02071346375143845,44341,11926,0.01257756163005198,IN,10.699665035915537,9.386476169683052,1,FALSE
18011,"Boone County, Indiana",62445,0.325910421881312,0.9405556890063256,0.02530226599407478,0.0197293618384178,0.05944431099367442,89444,66875,0.04566728971962617,IN,11.401368010108037,11.110580484198309,3,TRUE
18013,"Brown County, Indiana",14493,0.0824148480792247,0.9875802111364108,0.00717587801007382,0.00282895190781756,0.01241978886358929,66833,15093,0.01132975551580202,IN,11.109952249517042,9.621986339159427,1,FALSE
18015,"Carroll County, Indiana",19074,0.16590157698773683,0.9682814302191464,0.02568942015308797,6.291286568103177e-4,0.03171856978085352,56159,20137,0.02299250136564533,IN,10.935942232273351,9.910314197878405,1,FALSE
18017,"Cass County, Indiana",35489,0.5302176447634978,0.8395840964805996,0.14057877088675363,0.01189100848150131,0.16041590351940038,49020,37727,0.08505844620563523,IN,10.799983657082104,10.538131297472674,4,TRUE
18019,"Clark County, Indiana",110120,0.28135113819775104,0.94434253541591,0.04028332727933163,0.00566654558663276,0.05565746458409004,57111,117410,0.03762030491440252,IN,10.952752021573898,11.673427361624258,3,TRUE
18021,"Clay County, Indiana",24651,0.11101018191455309,0.9817857287736804,0.01265668735548253,0.00210944789258042,0.01821427122631946,59398,26231,0.01036941023979261,IN,10.992015834750218,10.174697196419377,1,FALSE
18023,"Clinton County, Indiana",29963,0.3975365899237763,0.8785502119280446,0.11664386076160596,0.00130160531321963,0.1214497880719554,53750,32186,0.06962654570310073,IN,10.89209894598991,10.37928685437844,3,TRUE
18025,"Crawford County, Indiana",9959,0.05626349992857902,0.991063359775078,0.00733005321819459,0.00110452856712521,0.00893664022492213,41761,10582,0.00236250236250236,IN,10.639718168629964,9.266909723464076,1,FALSE
18027,"Daviess County, Indiana",30605,0.6156573565269624,0.812318248652181,0.03568044437183466,0.00124162718510047,0.18768175134781895,53800,33277,0.02461159359317246,IN,10.893028746149875,10.41262174664114,4,TRUE
18029,"Dearborn County, Indiana",47033,0.1299541111520074,0.9796100610209852,0.01188527204303361,0.00331682010503263,0.02038993897901475,70779,49612,0.01011851971297266,IN,11.167317625514825,10.81198801893522,1,FALSE
18031,"Decatur County, Indiana",24859,0.1802105225492207,0.9701516553360956,0.0123898789170924,0.00796492216098797,0.0298483446639044,60794,26587,0.01910708240869598,IN,11.015246378874124,10.188177653501851,2,FALSE
18033,"DeKalb County, Indiana",40429,0.15096372966339394,0.975562096514878,0.00977021445002349,0.0017808998491182,0.02443790348512209,58415,43193,0.01139073460977473,IN,10.97532798515125,10.673433724065744,1,FALSE
18035,"Delaware County, Indiana",108821,0.2188540858184212,0.9656040653917902,0.01276408046241074,0.01120188198968949,0.03439593460820978,45910,114461,0.02225212080970811,IN,10.734438237243268,11.647989432601497,2,FALSE
18037,"Dubois County, Indiana",39718,0.2719756457865177,0.9399013041945716,0.04745959011027746,1.007100055390503e-4,0.06009869580542826,62846,42534,0.04746790802651996,IN,11.04844256839719,10.658059035083072,3,TRUE
18039,"Elkhart County, Indiana",189701,0.6816355575680653,0.8058154674988535,0.12666775610038955,0.00583549902214537,0.1941845325011465,58509,205184,0.07923619775421085,IN,10.976935867540687,12.23166241652917,4,TRUE
18041,"Fayette County, Indiana",21865,0.12800160308421718,0.9787788703407272,0.01349188200320146,4.57351932311914e-4,0.0212211296592728,47465,23068,0.00945032079070574,IN,10.767747876315898,10.046201654735302,1,FALSE
18043,"Floyd County, Indiana",73360,0.1858196274622903,0.9700790621592148,0.01521264994547437,0.00793347873500545,0.0299209378407852,67603,77879,0.02406296947829325,IN,11.121407639744575,11.262911619136622,2,FALSE
18045,"Fountain County, Indiana",15503,0.20825001463478388,0.9643939882603368,0.01399729084693285,0.0032896858672515,0.03560601173966327,52334,16456,0.01798736023334954,IN,10.8654015344347,9.708445431332793,2,FALSE
18047,"Franklin County, Indiana",21396,0.19738888784417308,0.968592260235558,0.00486072163021125,0.01411478781080576,0.031407739764442,68180,22750,0.00852747252747252,IN,11.129906545691894,10.032320424379096,2,FALSE
18049,"Fulton County, Indiana",18809,0.28204813192266676,0.938114732309001,0.04434047530437556,0,0.061885267690999,50597,20069,0.03303602571129602,IN,10.831647564980372,9.906931614938683,3,TRUE
18051,"Gibson County, Indiana",31625,0.1588531174033149,0.973596837944664,0.01356521739130434,0.00357312252964426,0.02640316205533599,56638,33711,0.01948918750556198,IN,10.9444354170097,10.425579472576011,1,FALSE
18053,"Grant County, Indiana",62334,0.17014423800859535,0.9712195591491,0.018705682292168,0.00351333140822023,0.02878044085090003,46900,66055,0.01600181666792824,IN,10.75577295443437,11.098243007312456,2,FALSE
18055,"Greene County, Indiana",30443,0.09893074568154982,0.9841999802910356,0.00982163387313996,9.52599940873107e-4,0.01580001970896427,51777,32174,0.00864051718779138,IN,10.854701314199511,10.378913951950253,1,FALSE
18057,"Hamilton County, Indiana",309004,0.5343552126786683,0.8996161861982369,0.02765012750644004,0.03799303568885839,0.10038381380176307,98880,330455,0.08684994931231181,IN,11.501662272691515,12.70822577166626,4,TRUE
18059,"Hancock County, Indiana",72222,0.20933854115049605,0.965384508875412,0.01499543075517155,0.00283847027221622,0.03461549112458806,75647,76614,0.02211084136058683,IN,11.233833062118206,11.246535106652736,2,FALSE
18061,"Harrison County, Indiana",37914,0.14932727803038953,0.9758664345624308,0.01279210845597932,0.0032705596877143,0.02413356543756928,59169,40164,0.01167712379245095,IN,10.988153035071614,10.600726350999327,1,FALSE
18063,"Hendricks County, Indiana",157131,0.35184754810377006,0.9375489241460948,0.02182255570193023,0.00980710362691003,0.0624510758539053,84754,166806,0.0496025322830114,IN,11.347508221769042,12.024586739482857,3,TRUE
18065,"Henry County, Indiana",45735,0.09747464283053836,0.9848912211654094,0.00962064064720673,0.00177107248278124,0.0151087788345906,51104,48158,0.00541966028489555,IN,10.84161805101474,10.78224255088118,1,FALSE
18067,"Howard County, Indiana",77460,0.21871288799756688,0.9627936999741802,0.01745416989413891,0.00906274206041828,0.03720630002581981,56387,82486,0.02068229760201731,IN,10.93999391446386,11.320383860952916,2,FALSE
18069,"Huntington County, Indiana",34299,0.20958947738454672,0.962768593836555,0.02352838275168372,0.00373188722703285,0.037231406163445,54286,36351,0.01507523864542928,IN,10.9020216457913,10.500976992899632,2,FALSE
18071,"Jackson County, Indiana",41199,0.3612108686012419,0.9201436928080778,0.05500133498385883,0.01842277725187504,0.07985630719192216,55097,44077,0.0527032239036232,IN,10.916850547197765,10.693693383434516,3,TRUE
18073,"Jasper County, Indiana",31559,0.21517773512698804,0.9591558667891884,0.02851801387876675,0.001711080832726,0.04084413321081148,61889,33433,0.02377890108575359,IN,11.033097736903729,10.417298715142485,2,FALSE
18075,"Jay County, Indiana",19253,0.2576373920005275,0.950708980418636,0.01584168700981665,0.00394743676310185,0.04929101958136395,45864,20697,0.01294873653186452,IN,10.73343577458822,9.937744041214218,2,FALSE
18077,"Jefferson County, Indiana",30199,0.16120449485359437,0.9729461240438424,0.01351038113844829,0.00668896321070234,0.02705387595615749,51981,32167,0.01212422669195137,IN,10.858633546178956,10.378696361299577,1,FALSE
18079,"Jennings County, Indiana",25887,0.1072643369592482,0.9797968092092556,0.01765364854946498,0,0.02020319079074439,61610,27639,0.01063714316726364,IN,11.028579474008616,10.226983097777042,1,FALSE
18081,"Johnson County, Indiana",146136,0.3453343253842506,0.9361074615426724,0.02526413751573876,0.01372009634860677,0.06389253845732745,72928,156148,0.0425557804134539,IN,11.197227932045411,11.958559554431952,3,TRUE
18083,"Knox County, Indiana",34757,0.1745673203493415,0.9721782662485254,0.01168110021002963,0.0064159737606813,0.02782173375147456,47394,36833,0.01547525316971194,IN,10.766250917392474,10.51414946145713,2,FALSE
18085,"Kosciusko County, Indiana",74132,0.4671326909853315,0.8961177359305024,0.05312145901904711,0.0077429450169967,0.10388226406949765,62789,79156,0.04652837434938602,IN,11.047535177878451,11.279175867868794,4,TRUE
18087,"LaGrange County, Indiana",35862,0.8305152981310973,0.5591991523060621,0.03095198259996653,1.6730801405387318e-4,0.4408008476939379,69331,39537,0.01694615170599691,IN,11.146647415602889,10.584992221312,4,TRUE
18089,"Lake County, Indiana",456819,0.5705170884236591,0.8563260284707948,0.10562389042487288,0.00814764709874151,0.14367397152920525,57530,485983,0.06721634295849854,IN,10.96006182985734,13.093928922846969,4,TRUE
18091,"LaPorte County, Indiana",103526,0.30069675660586426,0.9424685586229546,0.03655120452833105,0.00492629870757104,0.05753144137704535,57010,110026,0.03365568138440005,IN,10.950981970025628,11.608471980481433,3,TRUE
18093,"Lawrence County, Indiana",42988,0.13179267622321916,0.9803666139387736,0.00816506932167116,0.00362891969852051,0.01963338606122644,57740,45552,0.01554267650158061,IN,10.963705453216926,10.726609809517818,1,FALSE
18095,"Madison County, Indiana",122259,0.2125752162551809,0.9603873743446292,0.02917576620126125,0.00352530284069066,0.03961262565537094,51476,129486,0.01765441823826514,IN,10.848870958613556,11.771328046169518,2,FALSE
18097,"Marion County, Indiana",887866,0.6061125739387121,0.8625907513070666,0.08139629178276903,0.02367924889566669,0.13740924869293336,51219,957337,0.09609677678811118,IN,10.843865835939344,13.771910750558373,4,TRUE
18099,"Marshall County, Indiana",43357,0.49679649674245246,0.8735152339875913,0.07643517771063496,0.00392093548907904,0.12648476601240866,54207,46336,0.04924896408839779,IN,10.90056533037994,10.743674475745388,4,TRUE
18101,"Martin County, Indiana",9548,0.15964842839868892,0.9679514034352744,0.02723083368244658,0.00324675324675324,0.03204859656472558,55378,10169,0.00383518536729275,IN,10.9219376819522,9.227099155791135,1,FALSE
18103,"Miami County, Indiana",33832,0.24203439632639656,0.9538306928351856,0.02740009458500827,0.00493615511941357,0.04616930716481438,50616,35684,0.01482457123640847,IN,10.83202301082672,10.482457688033676,2,FALSE
18105,"Monroe County, Indiana",140890,0.5334542823908535,0.901639576974945,0.0207679750159699,0.04516289303712115,0.098360423025055,52229,147318,0.08176190282246569,IN,10.86339317516243,11.900348794577628,4,TRUE
18107,"Montgomery County, Indiana",36016,0.2645915463297327,0.9437472234562416,0.04353620613060861,0.00166592625499777,0.05625277654375837,56408,38295,0.03287635461548505,IN,10.940366271398876,10.553074618343691,2,FALSE
18109,"Morgan County, Indiana",66228,0.10173853809747384,0.9844476656399106,0.00836504197620341,0.00371444102192426,0.0155523343600894,67680,70141,0.01447085157040817,IN,11.122545994280104,11.158262780792422,1,FALSE
18111,"Newton County, Indiana",13227,0.23460199822457375,0.9490436228925684,0.03885990776442126,0,0.05095637710743173,57866,13981,0.03590587225520349,IN,10.965885271736584,9.545454543987823,2,FALSE
18113,"Noble County, Indiana",44556,0.5427926905473838,0.8637220576353353,0.08497172098033935,0.0050498249394021,0.13627794236466473,58947,47640,0.05373635600335852,IN,10.984394014085304,10.771428023469236,4,TRUE
18115,"Ohio County, Indiana",5592,0.090087790969618,0.9864091559370528,0.00697424892703862,0.00143061516452074,0.01359084406294708,63649,5890,0.01035653650254669,IN,11.061138892943044,8.681011276645632,1,FALSE
18117,"Orange County, Indiana",18341,0.12483260899604104,0.981571342892972,0.00507060683714083,0.00376206313723352,0.01842865710702801,52164,19552,0.01790098199672667,IN,10.862147880776792,9.880832861971324,1,FALSE
18119,"Owen County, Indiana",19710,0.1649565187309442,0.9722983257229832,0.00558092338914256,0.00441400304414003,0.02770167427701675,52204,20854,0.01098110674211182,IN,10.86291439928742,9.94530105534954,1,FALSE
18121,"Parke County, Indiana",15826,0.3247704362412444,0.9201314292935676,0.00770883356501958,0,0.0798685707064325,55853,16912,0.00963812677388836,IN,10.930478518363596,9.735778708110018,3,TRUE
18123,"Perry County, Indiana",18023,0.06114258142453485,0.99078954669034,0.00521555789824113,0.00321811019253176,0.00921045330965986,51496,19091,0.00817138966004923,IN,10.849259413732453,9.85697229879466,1,FALSE
18125,"Pike County, Indiana",11687,0.05749916901799074,0.9919568751604346,0.00402156241978266,0.00145460768375117,0.00804312483956537,55022,12364,0.01051439663539307,IN,10.915488384235935,9.422544303252009,1,FALSE
18127,"Porter County, Indiana",160305,0.30382353170656373,0.9436948317270204,0.03261283178940145,0.00836530363993637,0.0563051682729796,72255,169482,0.03757331162011305,IN,11.18795680773243,12.04050200547332,3,TRUE
18129,"Posey County, Indiana",24082,0.06676643397212888,0.9894942280541484,0.00797275973756332,0.00170251640229216,0.01050577194585167,64983,25480,0.00820251177394034,IN,11.081880976209089,10.1456491096861,1,FALSE
18131,"Pulaski County, Indiana",11866,0.13974616032069806,0.9764031687173436,0.01230406202595651,0.00927018371818641,0.02359683128265632,49140,12482,0.01738503444960743,IN,10.80242864607517,9.432042885493988,1,FALSE
18133,"Putnam County, Indiana",35628,0.1820468182858518,0.9690692713596047,0.01142359941618951,0.01392163466936117,0.03093072864039514,61505,37419,0.03118736470776878,IN,11.026873751302883,10.52993387579382,2,FALSE
18135,"Randolph County, Indiana",23203,0.1908900207774575,0.9655647976554756,0.02193681851484721,0.00448217902857389,0.03443520234452446,53322,24694,0.02138171215679922,IN,10.88410428296653,10.11431557812769,2,FALSE
18137,"Ripley County, Indiana",26732,0.14546940105131748,0.974637139009427,0.01705820739188987,0.00220709262307347,0.02536286099057305,60055,28457,0.01258038443968092,IN,11.003016087988591,10.2561494549844,1,FALSE
18139,"Rush County, Indiana",15707,0.182731417827506,0.9633284522824218,0.00948621633666518,0.00108231998472018,0.03667154771757819,56814,16632,0.00685425685425685,IN,10.947538053211556,9.71908382953785,2,FALSE
18141,"St. Joseph County, Indiana",253459,0.4853020563847335,0.9015817153859204,0.05628918286586785,0.017237501923388,0.09841828461407964,54433,270881,0.06306459293933499,IN,10.904725866572983,12.509434889031738,4,TRUE
18143,"Scott County, Indiana",22359,0.1364598906600286,0.978800483026969,0.00371215170624804,0.00277293259984793,0.02119951697303102,45123,23785,0.00765188143788101,IN,10.717147373323323,10.076810408866384,1,FALSE
18145,"Shelby County, Indiana",42007,0.22171311045738737,0.9554121932058942,0.03475611207655867,0.00404694455685957,0.04458780679410579,59712,44559,0.02511277183060661,IN,10.997288284207016,10.704569432697642,2,FALSE
18147,"Spencer County, Indiana",19263,0.15129316609049784,0.9741992420702902,0.01676789700462025,0.00238799771582827,0.02580075792970981,56919,20364,0.01576311137301119,IN,10.949384483532244,9.921523915022227,1,FALSE
18149,"Starke County, Indiana",21684,0.13287272838808345,0.9786017339974176,0.00931562442353809,7.378712414683637e-4,0.02139826600258254,49705,22996,0.01661158462341276,IN,10.813860810646243,10.043075566743182,1,FALSE
18151,"Steuben County, Indiana",32777,0.20890589947986107,0.9607041523019192,0.02672605790645879,0.00253226347743844,0.03929584769808092,58905,34591,0.01552426931860888,IN,10.98368125568022,10.451348811602948,2,FALSE
18153,"Sullivan County, Indiana",19607,0.1123065065526916,0.9817412148722396,0.01040444739123782,0.0017340745652063,0.01825878512776047,49449,20647,0.01060686782583426,IN,10.808697114399466,9.93532530938488,1,FALSE
18155,"Switzerland County, Indiana",10090,0.17584023735455026,0.9680872150644202,0.00911793855302279,0,0.03191278493557981,51270,10727,0.01864454181038501,IN,10.844861064777746,9.280519206597427,2,FALSE
18157,"Tippecanoe County, Indiana",182063,0.6987121635714888,0.8507824214694913,0.05482717520858164,0.05331670905126248,0.14921757853050863,51926,193302,0.11821398640469316,IN,10.85757490710485,12.172009011754382,4,TRUE
18159,"Tipton County, Indiana",14338,0.15139918880841147,0.9718231273538848,0.02106290975031385,0,0.02817687264611523,68707,15154,0.0136597597993929,IN,11.137606365305071,9.62601980249132,1,FALSE
18161,"Union County, Indiana",6692,0.14847415208749665,0.9744471010161386,0.0086670651524208,0.01524208009563658,0.02555289898386137,55278,7140,0.02170868347338935,IN,10.920130278336988,8.87346805533363,1,FALSE
18163,"Vanderburgh County, Indiana",170746,0.24878787513718523,0.9591264217024118,0.01768709076640155,0.0109636536141403,0.0408735782975882,51179,181548,0.03069711591424857,IN,10.843084570640515,12.109275360532836,2,FALSE
18165,"Vermillion County, Indiana",14682,0.1515504684205007,0.9768423920446806,0.00885437951232802,0.00299686691186486,0.0231576079553194,54361,15485,0.00994510816919599,IN,10.9034022639752,9.647627092407305,1,FALSE
18167,"Vigo County, Indiana",101209,0.2836525211286253,0.952869804068808,0.01741939946052228,0.01075003211176871,0.04713019593119194,47261,107305,0.03141512511066586,IN,10.763440710059992,11.583430525855585,3,TRUE
18169,"Wabash County, Indiana",29584,0.1734803672865765,0.9702879935100054,0.01835451595457004,0.00287317468902109,0.02971200648999461,56573,31198,0.01589845502916853,IN,10.943287118573286,10.348109269178812,2,FALSE
18171,"Warren County, Indiana",7794,0.04048306733491189,0.9944829355914806,0.00307929176289453,0.00153964588144726,0.0055170644085194,65614,8219,0.00474510281056089,IN,11.091544366796663,9.0142038261485,1,FALSE
18173,"Warrick County, Indiana",59103,0.2576358593502886,0.9572272135086204,0.01774867604013332,0.01081163392721181,0.0427727864913795,79079,62608,0.04662343470483005,IN,11.278202631782245,11.044648344450192,2,FALSE
18175,"Washington County, Indiana",26332,0.12795886979297408,0.978771077016558,0.0114309585295458,0.0033419413641197,0.02122892298344214,50459,27942,0.00798081740748693,IN,10.828916404321308,10.237886212210432,1,FALSE
18177,"Wayne County, Indiana",62345,0.29436347041912186,0.9476461624829576,0.02280856524179966,0.00785949153901676,0.05235383751704225,47756,66176,0.02499395551257253,IN,10.77385999246528,11.100073138428046,3,TRUE
18179,"Wells County, Indiana",26257,0.18188752475981868,0.969151083520585,0.01527211791141409,9.90212133907149e-4,0.03084891647941501,57565,28010,0.01456622634773295,IN,10.960670023107763,10.240316868254157,2,FALSE
18181,"White County, Indiana",22641,0.3214689129077,0.9228832648734596,0.06580981405414955,0.00106002385053663,0.07711673512654038,53865,24163,0.04544137731241982,IN,10.894236195328292,10.092577816525454,3,TRUE
18183,"Whitley County, Indiana",31840,0.18124020465837856,0.9699748743718593,0.00813442211055276,0.00361180904522613,0.03002512562814074,64992,33899,0.01377621758753945,IN,11.082019464380112,10.431140794408378,2,FALSE
19001,"Adair County, Iowa",6646,0.18261245937949863,0.9697562443575084,0.01068311766476075,0.00616912428528438,0.03024375564249171,55700,7048,0.01660045402951191,IA,10.927735425915376,8.860499167616016,2,FALSE
19005,"Allamakee County, Iowa",12854,0.5162778107845606,0.8813598879726156,0.06029251594834293,0.00217831025361755,0.11864011202738443,55523,13761,0.04265678366397791,IA,10.924552628303005,9.529593783265282,4,TRUE
19007,"Appanoose County, Iowa",11791,0.15362797004459255,0.9707403952166906,0.00262912390806547,0.00118734628106182,0.02925960478330935,39693,12462,0.00585780773551596,IA,10.58893012871052,9.430439293104168,1,FALSE
19009,"Audubon County, Iowa",5183,0.05699778838750381,0.9913177696314877,0.0059810920316419,0,0.00868223036851245,49245,5528,0.00397973950795947,IA,10.804563118603802,8.617581365447506,1,FALSE
19011,"Benton County, Iowa",23973,0.1549260087371633,0.9736370083010052,0.01238893755474909,8.342718892086932e-5,0.02636299169899469,66046,25558,0.00766883167697002,IA,11.098106747934947,10.148705658168648,1,FALSE
19013,"Black Hawk County, Iowa",123513,0.46868224193859,0.910989126650636,0.03079028118497648,0.01399043015714945,0.08901087334936408,54774,131813,0.06695090772533817,IA,10.910970907793136,11.789139530480886,4,TRUE
19015,"Boone County, Iowa",24927,0.14084361351150151,0.9744052633690377,0.0193765796124684,4.0117142054800014e-5,0.02559473663096245,67442,26381,0.0173609794928168,IA,11.119023248226515,10.18039933305852,1,FALSE
19017,"Bremer County, Iowa",23575,0.14500737285242404,0.9786214209968188,0.0047932131495228,0.00517497348886532,0.02137857900318129,72209,25032,0.0173777564717162,IA,11.187319970851895,10.12791028534872,1,FALSE
19019,"Buchanan County, Iowa",19678,0.19260849673867092,0.9632584612257344,0.01280617948978554,0,0.03674153877426567,67252,21141,0.00695331346672342,IA,11.11620203679882,9.958969561995133,2,FALSE
19021,"Buena Vista County, Iowa",18507,0.9300785802274246,0.6688280110228562,0.2248338466526179,0.09672015993948237,0.33117198897714384,54014,19950,0.21162907268170425,IA,10.896998551203795,9.90098442231801,4,TRUE
19023,"Butler County, Iowa",13741,0.13446848700533295,0.979259151444582,0.00749581544283531,0.00625864202023142,0.02074084855541813,56473,14508,0.01247587537910118,IA,10.941517926809162,9.582455500402792,1,FALSE
19025,"Calhoun County, Iowa",9091,0.10556454392705895,0.9844901550984492,0.00692993070069299,0.00186998130018699,0.01550984490155094,55285,9656,0.01625932062966031,IA,10.920256902976504,9.175334762777368,1,FALSE
19027,"Carroll County, Iowa",18914,0.15019349051026834,0.973987522470128,0.01549117056148884,0.0043882838109337,0.02601247752987201,59198,20150,0.0203970223325062,IA,10.988643036517628,9.91095956737483,1,FALSE
19029,"Cass County, Iowa",12338,0.13159434801466863,0.976009077646296,0.01937104879234884,0.00218836116064191,0.02399092235370403,52005,12990,0.01262509622786759,IA,10.859095146787231,9.471935109664646,1,FALSE
19031,"Cedar County, Iowa",17565,0.091464602720101,0.9849701110162254,0.01104469114716766,6.831767719897524e-4,0.01502988898377455,69259,18475,0.01591339648173207,IA,11.145608379503926,9.824173745816402,1,FALSE
19033,"Cerro Gordo County, Iowa",40378,0.19045012040743328,0.9653771855961168,0.02444400416068156,0.00242706424290455,0.03462281440388326,56082,42672,0.02219253843269591,IA,10.93457018441064,10.661298246421795,2,FALSE
19035,"Cherokee County, Iowa",10616,0.11828191487472452,0.9804069329314242,0.01158628485305199,0.00178975131876412,0.01959306706857577,56302,11281,0.01329669355553585,IA,10.938485337475504,9.33087517360492,1,FALSE
19037,"Chickasaw County, Iowa",11195,0.2856601323940411,0.9388119696292988,0.03028137561411344,8.932559178204555e-4,0.06118803037070119,61239,11970,0.0200501253132832,IA,11.022539520441692,9.39015879855202,3,TRUE
19039,"Clarke County, Iowa",8681,0.4226083559147513,0.8765119225895635,0.1103559497753715,5.759705103098721e-4,0.12348807741043656,55078,9383,0.06980709794308856,IA,10.916505641362711,9.146654820290047,3,TRUE
19041,"Clay County, Iowa",15174,0.1735605967479095,0.9675102148411756,0.02220904178199552,0.0040859364702781,0.03248978515882428,51259,16138,0.02038666501425207,IA,10.844646491339164,9.688932018408453,2,FALSE
19043,"Clayton County, Iowa",16580,0.3242849300693986,0.9352834740651388,0.02352231604342581,0.00398069963811821,0.06471652593486132,56456,17527,0.02556056370171735,IA,10.941216852680666,9.771497828073176,3,TRUE
19045,"Clinton County, Iowa",43959,0.13339889594865187,0.9797311130826452,0.0106235355672331,0.00516390272754157,0.02026888691735484,52221,46734,0.01521376299910129,IA,10.86323999182082,10.752227230148003,1,FALSE
19047,"Crawford County, Iowa",15930,0.8426435817219363,0.6867545511613308,0.2607658505963591,0.02228499686126804,0.3132454488386692,54849,16998,0.1817860924814684,IA,10.912339233996615,9.740850969058572,4,TRUE
19049,"Dallas County, Iowa",83553,0.5583776730588301,0.8883223822005194,0.04471413354397807,0.0247028831998851,0.1116776177994806,88368,90418,0.08581255944612798,IA,11.389265192140968,11.412198641603746,4,TRUE
19051,"Davis County, Iowa",8159,0.6183609677110444,0.7758303713690403,0.01164358377252114,9.80512317685991e-4,0.22416962863095968,67627,8977,0.01448145260109167,IA,11.121762590572825,9.10242102975669,4,TRUE
19053,"Decatur County, Iowa",7419,0.24629185221409167,0.95457608842162,0.01347890551287235,0.00390888259873298,0.04542391157837988,48154,7908,0.02377339403136064,IA,10.782159487503774,8.975630184290507,2,FALSE
19055,"Delaware County, Iowa",15993,0.14430031185272438,0.9754892765584944,0.01144250609641718,0.00193834802726192,0.02451072344150562,63877,17107,0.00736540597416262,IA,11.06471463817042,9.747243015452293,1,FALSE
19057,"Des Moines County, Iowa",36952,0.2099140687962827,0.9644944793245293,0.01853756224290972,0.00755033557046979,0.03550552067547086,51784,39227,0.01922145461034491,IA,10.854836500225346,10.577120564191771,2,FALSE
19059,"Dickinson County, Iowa",16492,0.1998798880216205,0.9681057482415716,0.01255154014067426,0.01048993451370361,0.0318942517584283,60975,17260,0.01888760139049826,IA,11.01821922308412,9.756146964637418,2,FALSE
19061,"Dubuque County, Iowa",91139,0.2491907336725552,0.9585907240588551,0.01975005211819309,0.01097225117677393,0.04140927594114485,64493,97193,0.02742995894766084,IA,11.074311969762586,11.484453971394316,2,FALSE
19063,"Emmet County, Iowa",8809,0.30008099996063775,0.928482234078783,0.06254966511522307,0.00351912816437734,0.07151776592121695,56708,9322,0.05503110920403347,IA,10.945670573237525,9.140132476932688,3,TRUE
19065,"Fayette County, Iowa",18558,0.17359893652461117,0.9700398749865288,0.01681215648237956,0.00350253260049574,0.02996012501347122,49834,19604,0.01265047949398082,IA,10.816452760981706,9.883488906029438,2,FALSE
19067,"Floyd County, Iowa",14843,0.3724970487968742,0.9291922118170182,0.01832513642794583,0.01785353365222664,0.07080778818298183,51768,15713,0.03595748743078979,IA,10.854527476737102,9.662243674190131,3,TRUE
19069,"Franklin County, Iowa",9467,0.4076027702546779,0.8793704447026514,0.11017217703601986,0,0.12062955529734865,55630,10091,0.03993657714795362,IA,10.92647790306934,9.219399216464527,3,TRUE
19071,"Fremont County, Iowa",6525,0.1132104348278578,0.9817624521072796,0.01011494252873563,6.130268199233716e-4,0.01823754789272025,59688,6895,0.01696881798404641,IA,10.99688627415135,8.838551790227402,1,FALSE
19073,"Greene County, Iowa",8409,0.2246769187090763,0.9584968486145796,0.0266381258175764,0.00558924961350933,0.04150315138542038,51098,8923,0.01950016810489745,IA,10.841500636482598,9.09638749190015,2,FALSE
19075,"Grundy County, Iowa",11606,0.1343798364773615,0.9764776839565742,0.01481992073065655,0.00180940892641737,0.0235223160434258,71760,12262,0.01329310063611156,IA,11.181082496732678,9.414260328322634,1,FALSE
19077,"Guthrie County, Iowa",10155,0.1330887320151248,0.9767602166420484,0.01614967996061053,0.00462826193993106,0.02323978335795173,62644,10702,0.01467015511119417,IA,11.045223185586323,9.27818591887125,1,FALSE
19079,"Hamilton County, Iowa",14021,0.3474185570272345,0.923971186078026,0.05284929748234791,0.01526282005563083,0.07602881392197414,60248,14905,0.04260315330426031,IA,11.006224655781187,9.609452006112171,3,TRUE
19081,"Hancock County, Iowa",10108,0.16591576416118092,0.965571824297586,0.03047091412742382,0,0.03442817570241396,61957,10709,0.01708843029227752,IA,11.03419587502419,9.278839788400877,1,FALSE
19083,"Hardin County, Iowa",16110,0.21171924328681507,0.9594040968342644,0.02991930477963997,8.690254500310367e-4,0.04059590316573558,54930,16924,0.02635310801229024,IA,10.913814926336666,9.736488011839958,2,FALSE
19085,"Harrison County, Iowa",13244,0.09421528964653732,0.9858803986710964,0.00770160072485653,0.00226517668378133,0.01411960132890366,64154,14043,0.00469985045930356,IA,11.069041721958008,9.54987932996818,1,FALSE
19087,"Henry County, Iowa",18786,0.3048025949144085,0.9422442244224424,0.02959650803790056,0.02230384328755456,0.05775577557755773,54490,19889,0.03861430941726582,IA,10.905772477577145,9.897922094063247,3,TRUE
19089,"Howard County, Iowa",8579,0.28740689648407375,0.9443991141158644,0.01142324280219139,0.00384660216808485,0.0556008858841357,56709,9201,0.01380284751657428,IA,10.945688207278277,9.12706745278236,3,TRUE
19091,"Humboldt County, Iowa",8940,0.22025482611396632,0.95413870246085,0.03635346756152125,0.00402684563758389,0.04586129753914991,55707,9518,0.02195839462071864,IA,10.927861091268705,9.160940021681055,2,FALSE
19093,"Ida County, Iowa",6464,0.1407363252917969,0.9729269801980198,0.02305074257425742,0.00123762376237623,0.02707301980198018,54219,6862,0.01413582046050714,IA,10.900786679503748,8.833754223418396,1,FALSE
19095,"Iowa County, Iowa",15231,0.15241249537496523,0.974263016216926,0.01155538047403322,0.00262622283500755,0.02573698378307398,62660,16155,0.01046115753636645,IA,11.045478564506183,9.6899848782586009,1,FALSE
19097,"Jackson County, Iowa",18187,0.1390438039564095,0.9765216913179744,0.01061197558695771,0.0053334799582119,0.0234783086820256,59042,19348,0.01059541037833367,IA,10.98600433403935,9.870344333942874,1,FALSE
19099,"Jasper County, Iowa",34969,0.24202749453687208,0.9601075238068004,0.01595699047727987,0.00477565844033286,0.03989247619319969,59481,37032,0.02389825016202203,IA,10.993412212806671,10.519537682711109,2,FALSE
19101,"Jefferson County, Iowa",17367,0.7539967207344218,0.8291587493522198,0.02602637185466689,0.02959636091437784,0.17084125064778022,47401,18153,0.13050184542499862,IA,10.766398604507042,9.80659111529043,4,TRUE
19103,"Johnson County, Iowa",141992,0.7708474887468326,0.8459983661051327,0.04231928559355456,0.03950926812778185,0.15400163389486732,63062,150819,0.11561540654692049,IA,11.051873648422314,11.923835721314289,4,TRUE
19105,"Jones County, Iowa",19516,0.12829835966604317,0.9793502766960442,0.00973560155769624,0.00676368108218897,0.02064972330395575,57134,20575,0.01113001215066828,IA,10.953154665021064,9.93183202554527,1,FALSE
19107,"Keokuk County, Iowa",9574,0.09780063636119614,0.9842281178190934,0.01086275329016085,0.00104449550866931,0.01577188218090663,52012,10163,0.01003640657286234,IA,10.85922974017121,9.226508953137769,1,FALSE
19109,"Kossuth County, Iowa",14013,0.1523267139335365,0.9733818597017057,0.01769785199457646,0.00285449225718975,0.02661814029829445,56156,14864,0.01735737351991388,IA,10.93588881109184,9.60669746105362,1,FALSE
19111,"Lee County, Iowa",31959,0.11561590652098584,0.9795988610407084,0.01661503801745987,0.00128289370756281,0.02040113895929163,52072,33946,0.01216638190066576,IA,10.860382655252224,10.432526305721476,1,FALSE
19113,"Linn County, Iowa",211453,0.346099239890774,0.9418121284635356,0.01737029032456385,0.01360586040396683,0.05818787153646432,67301,225601,0.04535884149449692,IA,11.116930374363438,12.32652323122033,3,TRUE
19115,"Louisa County, Iowa",10472,0.5935545004801159,0.8223834988540871,0.1413292589763178,0.02568754774637127,0.17761650114591288,63034,11125,0.09312359550561798,IA,11.051429542337106,9.31695010703444,4,TRUE
19117,"Lucas County, Iowa",8042,0.2789329794514298,0.943422034319821,0.01715991047003233,0,0.05657796568017903,53967,8556,0.0292192613370734,IA,10.896128027630796,9.054388070202297,3,TRUE
19119,"Lyon County, Iowa",10923,0.1620471144414232,0.97042936922091,0.01950013732491073,0.00256339833379108,0.02957063077908994,65959,11800,0.01991525423728813,IA,11.096788615855154,9.375854810453756,1,FALSE
19121,"Madison County, Iowa",15295,0.1668649748562575,0.9695979078130108,0.01693363844393592,2.615233736515201e-4,0.03040209218698919,71811,16148,0.00829824126826851,IA,11.1817929466445,9.689551481972831,1,FALSE
19123,"Mahaska County, Iowa",20901,0.1542694843146438,0.9738768479977036,0.01157839337830725,0.01301373140041146,0.02612315200229653,56417,22351,0.01937273500067111,IA,10.940525810508454,10.014626341770096,1,FALSE
19125,"Marion County, Iowa",31317,0.1750008929781156,0.9714532043299168,0.01468850783919277,0.00686528083788357,0.02854679567008333,64136,33193,0.01885939806585726,IA,11.068761107722787,10.410094289300496,2,FALSE
19127,"Marshall County, Iowa",37188,0.6875602857246601,0.7804668172528773,0.17906313864687534,0.03183822738517802,0.21953318274712277,58735,39804,0.1273741332529394,IA,10.980791080257989,10.591722688735052,4,TRUE
19129,"Mills County, Iowa",14258,0.1629847047371149,0.9730677514377892,0.01507925375227942,0.00413802777388132,0.02693224856221066,75137,15023,0.01444451840511216,IA,11.227068392858463,9.617337639062423,1,FALSE
19131,"Mitchell County, Iowa",9951,0.30306883816131724,0.9345794392523364,0.01658124811576726,0.00321575721033062,0.06542056074766356,60260,10588,0.01076690593124291,IA,11.006423812684291,9.267476563346992,3,TRUE
19133,"Monona County, Iowa",8219,0.10938993776435256,0.9818712738776006,0.00803017398710305,0,0.01812872612239935,51866,8675,0.00334293948126801,IA,10.856418748505275,9.06820060481506,1,FALSE
19135,"Monroe County, Iowa",7314,0.17560627777058402,0.9655455291222312,0.00847689362865737,0,0.03445447087776865,59489,7761,0.0067001675041876,IA,10.993546700492846,8.95686647085414,2,FALSE
19137,"Montgomery County, Iowa",9428,0.0739210695983494,0.9885447602885024,0.00806109461179465,0,0.01145523971149764,55761,10016,0.00619009584664536,IA,10.928829979276465,9.21193909333988,1,FALSE
19139,"Muscatine County, Iowa",39967,0.5138126121874027,0.8608351890309506,0.11667125378437213,0.00515425225811294,0.13916481096904942,60435,42703,0.06856661124511158,IA,11.009323686293556,10.662024454360006,4,TRUE
19141,"O'Brien County, Iowa",12916,0.269224703951065,0.9467327345927532,0.03275007742335088,0.01323939300092908,0.0532672654072468,57200,13796,0.02863148738764859,IA,10.95430917736789,9.532133974056732,3,TRUE
19143,"Osceola County, Iowa",5669,0.3430586367035873,0.9137414005997532,0.07391074263538543,0.00370435702945845,0.08625859940024694,61167,6016,0.04820478723404255,IA,11.021363107385085,8.702177865629675,3,TRUE
19145,"Page County, Iowa",14459,0.1625726524816655,0.9741337575212672,0.01099661110726882,0.00816100698526869,0.02586624247873292,51196,15205,0.02097994080894442,IA,10.843416682975684,9.629379600111465,1,FALSE
19147,"Palo Alto County, Iowa",8325,0.20368139624807352,0.962042042042042,0.02402402402402402,7.207207207207207e-4,0.03795795795795798,56437,8941,0.01968459903813891,IA,10.9408802507624,9.098402718735318,2,FALSE
19149,"Plymouth County, Iowa",23619,0.3118727148055832,0.9362801134679708,0.04102629239171853,0.00448791227401668,0.06371988653202931,71147,25141,0.03563899606220914,IA,11.172503438187732,10.13225525860056,3,TRUE
19151,"Pocahontas County, Iowa",6358,0.25740502734194015,0.9487260144699592,0.03413022963195973,0.01321170179301667,0.05127398553004092,53573,6725,0.0312267657992565,IA,10.888800488800356,8.81358720447004,2,FALSE
19153,"Polk County, Iowa",451180,0.648598559702879,0.8658495500687087,0.05713462476173589,0.03184095039673745,0.13415044993129133,69747,485418,0.0908680765855407,IA,11.152629688005934,13.09276565440538,4,TRUE
19155,"Pottawattamie County, Iowa",87633,0.28257953432206456,0.9371697876370774,0.05300514646309039,0.00520351922221081,0.06283021236292263,59901,93478,0.03945313335758146,IA,11.000448478455008,11.445481393473129,3,TRUE
19157,"Poweshiek County, Iowa",17499,0.2748274575854086,0.9518829647408424,0.02405851762957883,0.01285787759300531,0.04811703525915767,53925,18391,0.0262628459572617,IA,10.895349471257358,9.81961669349898,3,TRUE
19161,"Sac County, Iowa",9133,0.2307654065106568,0.952808496660462,0.02496441475966276,0,0.04719150333953792,57446,9711,0.01874163319946452,IA,10.958600655091384,9.181014542594356,2,FALSE
19163,"Scott County, Iowa",161952,0.363713067539616,0.9342582987551868,0.03142906540209445,0.01636287295000988,0.06574170124481327,63876,172938,0.04343753252610762,IA,11.064698982960758,12.060688427743028,3,TRUE
19165,"Shelby County, Iowa",10973,0.16712269084476106,0.9671921990339926,0.0266107718946505,0.00337191287706187,0.03280780096600744,60139,11544,0.02260914760914761,IA,11.004413828535968,9.353921100453707,1,FALSE
19167,"Sioux County, Iowa",32342,0.3290650679927423,0.9148784861789624,0.07732978789190527,0.00256632242903963,0.08512151382103761,73260,34900,0.0536676217765043,IA,11.201770036332803,10.46024210819052,3,TRUE
19169,"Story County, Iowa",92954,0.6002430774302904,0.8824364739548594,0.0204617337607849,0.06441895991565721,0.11756352604514064,58302,97355,0.09708797699142314,IA,10.973391677067497,11.48611937054972,4,TRUE
19171,"Tama County, Iowa",15874,0.4667147333571248,0.8818193272017135,0.07679223888118937,5.669648481794129e-4,0.11818067279828648,54749,16962,0.04775380261761584,IA,10.91051438267176,9.738730826921646,4,TRUE
19173,"Taylor County, Iowa",5813,0.23532662929991569,0.939962153793222,0.05848959229313607,0,0.06003784620677788,57768,6160,0.04318181818181818,IA,10.964190268131018,8.725832056527565,2,FALSE
19175,"Union County, Iowa",11619,0.23184070357381617,0.9601514760306394,0.00765986745847319,0.01790171271193734,0.03984852396936056,50375,12303,0.0169877265707551,IA,10.827250299248984,9.41759841406017,2,FALSE
19177,"Van Buren County, Iowa",6679,0.27377516354534737,0.9329240904326996,0.00778559664620452,1.4972301242701004e-4,0.06707590956730047,49898,7104,0.01492117117117117,IA,10.81773620077606,8.868413284672005,3,TRUE
19179,"Wapello County, Iowa",32831,0.4866189993840031,0.8843775699795925,0.0829399043586854,0.01273186926989735,0.11562243002040752,46433,35102,0.07928323172468806,IA,10.745765692323122,10.466013387887635,4,TRUE
19181,"Warren County, Iowa",47811,0.1595570583880216,0.9742527870155404,0.01188011127146472,0.00376482399447825,0.02574721298445959,80309,50867,0.01574694792301492,IA,11.293636973355513,10.83696966222286,1,FALSE
19183,"Washington County, Iowa",20666,0.3558729917565014,0.923013645601471,0.04330784864027872,0.00541952966224717,0.07698635439852897,63532,22100,0.04361990950226244,IA,11.059298994955046,10.003332887505843,3,TRUE
19185,"Wayne County, Iowa",5955,0.35474848736891207,0.9185558354324096,0.00973971452560873,0.00184718723761544,0.0814441645675903,47543,6426,0.0101151571739807,IA,10.769389843677056,8.768107539675803,3,TRUE
19187,"Webster County, Iowa",34237,0.2604123108698264,0.9531501007681747,0.02745567660717936,0.00566638432105616,0.04684989923182525,51909,36348,0.0274568064267635,IA,10.857247464524756,10.500894460815235,2,FALSE
19189,"Winnebago County, Iowa",9920,0.25883317030473785,0.9512096774193548,0.02993951612903225,0.00887096774193548,0.04879032258064519,51581,10474,0.02224556043536375,IA,10.850908666606845,9.256651274839433,2,FALSE
19191,"Winneshiek County, Iowa",19197,0.22454570994113743,0.96306714590821485,0.01635672240454237,0.00671979996874511,0.03693285409178515,63162,20090,0.02035838725734196,IA,11.05345813347938,9.90797745780898,2,FALSE
19193,"Woodbury County, Iowa",95388,0.6399838385614977,0.8308172935799052,0.12447058330188283,0.02447897010106093,0.1691827064200948,60768,102687,0.08806372763835733,IA,11.014818613612013,11.539440805625956,4,TRUE
19195,"Worth County, Iowa",7010,0.08344799528717879,0.9880171184022823,0.00271041369472182,0.00413694721825962,0.01198288159771754,60442,7422,0.00754513608191862,IA,11.009439506507624,8.912203841620542,1,FALSE
19197,"Wright County, Iowa",11827,0.34165216719540453,0.9008201572672698,0.09605140779572166,0.00126828443392238,0.09917984273273016,51221,12644,0.03851629231255932,IA,10.843904883186518,9.444938073335509,3,TRUE
20001,"Allen County, Kansas",11789,0.22192808419987203,0.95970820256171,0.02179998303503266,0.01492917126134532,0.04029179743828992,47983,12503,0.0296728785091578,KS,10.778602060491536,9.433723894495,2,FALSE
20003,"Anderson County, Kansas",7309,0.1620726960922858,0.9690792174032016,0.00519906964016965,0.00109454097687782,0.03092078259679842,52995,7877,0.00926748762219118,KS,10.877952848461357,8.971702399703325,1,FALSE
20005,"Atchison County, Kansas",15301,0.1350102811625045,0.9762107051826678,0.01790732631854127,0.00254885301614273,0.02378929481733216,50683,16210,0.01776681061073411,KS,10.83334582763182,9.693383614729722,1,FALSE
20009,"Barton County, Kansas",24576,0.33187666522870624,0.9110107421875,0.08260091145833333,0.00313313802083333,0.0889892578125,48863,26209,0.05860582242741043,KS,10.796775742844966,10.17385814221302,3,TRUE
20011,"Bourbon County, Kansas",13575,0.15975276875545874,0.9720810313075506,0.01554327808471454,0.00250460405156537,0.02791896869244936,46369,14539,0.01079854185294724,KS,10.744386411485507,9.584589972931424,1,FALSE
20013,"Brown County, Kansas",8981,0.11841553914933116,0.9817392272575436,0.00757153991760383,5.567308762943993e-4,0.0182607727424563,50649,9575,0.00511749347258485,KS,10.832674766145304,9.166910814048848,1,FALSE
20015,"Butler County, Kansas",62868,0.2196069981447,0.9634790354393332,0.01841954571483107,0.00731691798689317,0.03652096456066678,66405,66890,0.02756764837793392,KS,11.103527633834352,11.110804758112454,2,FALSE
20021,"Cherokee County, Kansas",18740,0.11192298148337872,0.9823906083244396,0.00939167556029882,0.00378868729989327,0.0176093916755603,41936,20017,0.00764350302243093,KS,10.643899925563188,9.904337191490706,1,FALSE
20027,"Clay County, Kansas",7508,0.07989215953123097,0.9888119339371336,0.00106553010122535,0.00492807671816728,0.01118806606286626,47880,8030,0.01344956413449564,KS,10.77645315967191,8.990939806940807,1,FALSE
20029,"Cloud County, Kansas",8179,0.12507712206829572,0.9748135468883726,0.02335248807922729,0,0.02518645311162737,48295,8831,0.01460763220473332,KS,10.785083314613397,9.086023537468805,1,FALSE
20031,"Coffey County, Kansas",7798,0.0881521335846964,0.9860220569376764,0.00846370864324185,0.00474480636060528,0.01397794306232369,59405,8218,0.00888293988805062,KS,10.992133676892388,9.014082149443356,1,FALSE
20035,"Cowley County, Kansas",33060,0.26446868781355776,0.9457350272232304,0.03923169993950393,0.01116152450090744,0.05426497277676956,50786,35090,0.03456825306355086,KS,10.835376005033336,10.46567146857726,2,FALSE
20037,"Crawford County, Kansas",36543,0.2476649867175909,0.955121363872698,0.02684508661029472,0.01004296308458528,0.04487863612730203,42615,38874,0.03143489221587693,KS,10.6599615829564,10.568080925678013,2,FALSE
20041,"Dickinson County, Kansas",17589,0.16135701798984553,0.9737904372050712,0.01199613394735346,0.00653817726988458,0.02620956279492869,53864,18614,0.01837326743311486,KS,10.894217630225118,9.831669264745656,1,FALSE
20043,"Doniphan County, Kansas",7223,0.1642338008224124,0.9725875674927316,0.01412155614010798,0.00152291291707046,0.02741243250726843,51953,7616,0.01089810924369747,KS,10.858094742694488,8.938006576471201,1,FALSE
20045,"Douglas County, Kansas",115289,0.5480624660718701,0.8964602000190824,0.03163354699928007,0.03738431246693093,0.10353979998091756,61020,121304,0.06928048539207281,KS,11.01895695827066,11.706055070480776,4,TRUE
20051,"Ellis County, Kansas",27020,0.3401579104674822,0.9364544781643228,0.0310880829015544,0.01102886750555144,0.0635455218356773,57053,28747,0.03276863672731067,KS,10.951735939359011,10.266288692954795,3,TRUE
20053,"Ellsworth County, Kansas",5870,0.15399339322924788,0.9729131175468484,0.01805792163543441,0.00528109028960817,0.0270868824531516,56306,6176,0.01845854922279792,KS,10.938556380385451,8.728426091704613,1,FALSE
20055,"Finney County, Kansas",33357,0.9886044426226168,0.5740024582546392,0.3605540066552747,0.03588452198938753,0.4259975417453607,60498,36451,0.2127513648459576,KS,11.01036558562127,10.503724171902723,4,TRUE
20057,"Ford County, Kansas",30771,0.8935913439986839,0.5039485229599298,0.4587436222417211,0.01400669461505963,0.49605147704007024,53743,33718,0.24123613500207605,KS,10.891968704950774,10.425787098375746,4,TRUE
20059,"Franklin County, Kansas",24075,0.13567485469373372,0.9754517133956386,0.01968847352024922,0.0011214953271028,0.02454828660436137,55873,25643,0.01957649261006902,KS,10.930836537091798,10.15202590887028,1,FALSE
20061,"Geary County, Kansas",29327,0.657844632427523,0.8443413918914311,0.09479319398506496,0.03215466975824326,0.1556586081085689,52019,33309,0.07664595154462758,KS,10.859364315442246,10.413582909722376,4,TRUE
20067,"Grant County, Kansas",6745,0.706199426610861,0.6151223128243143,0.3782060785767235,0.00415122312824314,0.3848776871756857,60625,7324,0.1575641725832878,KS,11.012462628239785,8.898911905794401,4,TRUE
20069,"Gray County, Kansas",5579,0.6309051998959765,0.8132281770926689,0.12672521957340024,0.00322638465674852,0.18677182290733108,70457,6020,0.1004983388704319,KS,11.162757873639936,8.702842538302868,4,TRUE
20073,"Greenwood County, Kansas",5719,0.1044620195782175,0.9839132715509704,0.00909249868858192,0.00419653785626857,0.01608672844902958,43320,6010,0.0086522462562396,KS,10.676369701114927,8.701180027529253,1,FALSE
20077,"Harper County, Kansas",5138,0.21845145637207933,0.9546516154145582,0.0362008563643441,0,0.04534838458544177,49283,5506,0.01925172539048311,KS,10.805334472977872,8.613593685702552,2,FALSE
20079,"Harvey County, Kansas",32348,0.2835569016026881,0.9424384815135404,0.0407753184122666,0.00723383207617163,0.05756151848645974,58782,34434,0.03740489051518848,KS,10.981590964572698,10.446799727336415,3,TRUE
20085,"Jackson County, Kansas",12370,0.14628673959684255,0.9746160064672597,0.00962004850444624,0.00113177041228779,0.02538399353274045,59686,13249,0.0144916597479055,KS,10.996852766017248,9.491677356868124,1,FALSE
20087,"Jefferson County, Kansas",17936,0.09608438550752824,0.9840544157002676,0.01031445138269402,1.1150758251561108e-4,0.01594558429973236,67429,18974,0.00637714767576683,KS,11.118830471424385,9.850824899952825,1,FALSE
20091,"Johnson County, Kansas",559817,0.5926089925298291,0.8803716214405779,0.05042362057600966,0.02898804430733614,0.1196283785594221,91650,597574,0.08962571999451115,KS,11.425732253267851,13.300633404491489,4,TRUE
20095,"Kingman County, Kansas",6802,0.2028164029884906,0.9608938547486032,0.02352249338429873,2.9403116730373417e-4,0.03910614525139666,57304,7173,0.01226822807751289,KS,10.956125708294287,8.878079256126435,2,FALSE
20099,"Labette County, Kansas",18610,0.2127961066612448,0.9589468027941966,0.00838259000537345,3.22407307898979e-4,0.04105319720580336,47922,19938,0.00867689838499348,KS,10.777329968145445,9.90038273758265,2,FALSE
20103,"Leavenworth County, Kansas",76248,0.25096345988678614,0.9541758472353372,0.02798761934739271,0.00839366278459763,0.04582415276466267,76307,81499,0.02820893507895802,KS,11.242519956183672,11.308346029215029,2,FALSE
20107,"Linn County, Kansas",9162,0.12253800960559048,0.9800261951538966,0.00676708142327002,0.0122244051517136,0.01997380484610345,48325,9687,0.00825849076081346,KS,10.785704304076532,9.178540059426386,1,FALSE
20111,"Lyon County, Kansas",31259,0.5541498651815601,0.8346076330016955,0.1419751111679836,0.01621932883329601,0.1653923669983045,50141,33237,0.0995878087673376,KS,10.822594315669765,10.411418992188782,4,TRUE
20113,"McPherson County, Kansas",27006,0.25847384130999634,0.9464193142264682,0.03939865215137377,0.00151818114493075,0.05358068577353181,59928,28557,0.02118569877788283,KS,11.000899120627718,10.259657368919417,2,FALSE
20115,"Marion County, Kansas",11286,0.20574399807047636,0.9656211235158604,0.00983519404572036,0.0087719298245614,0.03437887648413962,50816,11865,0.00893383902233459,KS,10.835966544606809,9.381348168869865,2,FALSE
20117,"Marshall County, Kansas",9049,0.19471184929726423,0.9629793347331196,0.01060890706155376,0.00221018897115703,0.0370206652668803,52293,9713,0.00926593225573973,KS,10.864617797882977,9.18122047340233,2,FALSE
20121,"Miami County, Kansas",31826,0.15507183408266895,0.9734493810092376,0.01681015521900333,0.00518444039464588,0.02655061899076227,75635,33740,0.01158861885002963,KS,11.2336744179963,10.42643935609996,1,FALSE
20123,"Mitchell County, Kansas",5668,0.08537308940923169,0.98712067748765,0.0059985885673959,3.5285815102328866e-4,0.01287932251235002,47375,6053,0.0107384767883694,KS,10.765849942384728,8.708309295891688,1,FALSE
20125,"Montgomery County, Kansas",30141,0.18760259295979345,0.9629408446965928,0.03052320759098901,0.00172522477688198,0.03705915530340731,45288,32114,0.0167216790184966,KS,10.720797375716495,10.37704735110963,2,FALSE
20127,"Morris County, Kansas",5267,0.19465282313625756,0.9644959179798748,0.02392253654831972,0.0070248718435542,0.03550408202012534,52792,5551,0.02558097640064853,KS,10.874114943063258,8.621733370690162,2,FALSE
20131,"Nemaha County, Kansas",9367,0.1585770657454306,0.973417316109747,0.01152983879577239,0.00149460873278531,0.02658268389025298,61382,10109,0.00821050549015728,KS,11.024871911546436,9.221181395154058,1,FALSE
20133,"Neosho County, Kansas",14937,0.16198011474364327,0.9714132690633996,0.01961571935462274,0.00140590480016067,0.02858673093660035,49493,16008,0.02492503748125937,KS,10.809586524415446,9.68084387626357,1,FALSE
20137,"Norton County, Kansas",5100,0.1722817485583067,0.9658823529411764,0.02647058823529411,0.00686274509803921,0.03411764705882347,48486,5416,0.021602658788774,KS,10.789030375461502,8.59711281459211,2,FALSE
20139,"Osage County, Kansas",14961,0.1568496155831038,0.972929617004211,0.01450437804959561,0.00187153265156072,0.02707038299578901,58927,15855,0.01021759697256386,KS,10.984054668679333,9.671240186972447,1,FALSE
20143,"Ottawa County, Kansas",5482,0.11189640254003128,0.9784750091207588,0.01970083910981393,0,0.0215249908792412,59607,5776,0.0081371191135734,KS,10.9955282958212,8.661466680572662,1,FALSE
20145,"Pawnee County, Kansas",6300,0.11564992657510556,0.9806349206349206,0.01301587301587301,0.00238095238095238,0.01936507936507936,46559,6539,0.01024621501758678,KS,10.74847560451144,8.785539527561276,1,FALSE
20147,"Phillips County, Kansas",4986,0.12919332680813975,0.9803449659045328,0.00641797031688728,0.00782190132370637,0.01965503409546731,51820,5297,0.01434774400604115,KS,10.8555314541161,8.574895901544526,1,FALSE
20149,"Pottawatomie County, Kansas",22343,0.19385002978103788,0.964239359083382,0.02466096764087186,0.00398335049008638,0.03576064091661812,70064,24203,0.0189232739743007,KS,11.15716438904118,10.09423187140366,2,FALSE
20151,"Pratt County, Kansas",8643,0.2845578246810425,0.9365960893208376,0.05125535115122064,0.00219831077172278,0.06340391067916229,54644,9324,0.02102102102102102,KS,10.908594698007375,9.140347000155648,3,TRUE
20155,"Reno County, Kansas",58918,0.32388305815305574,0.9330255609491156,0.03474320241691843,0.00354730303133168,0.0669744390508843,51520,62421,0.02481536662341199,KS,10.849725360778235,11.041657036202691,3,TRUE
20159,"Rice County, Kansas",9003,0.3196883316286506,0.9290236587804064,0.05553704320781962,0.00777518604909474,0.07097634121959351,49688,9532,0.04542593369702056,KS,10.81351873423914,9.162409838218633,3,TRUE
20161,"Riley County, Kansas",69810,0.504672236717109,0.9021057155135368,0.03745881678842572,0.0252685861624409,0.09789428448646333,51098,74059,0.07334692609946124,KS,10.841500636482598,11.212617351810955,4,TRUE
20167,"Russell County, Kansas",6443,0.14476346325968523,0.9728387397175228,0.01598634176625795,0,0.02716126028247711,50630,6896,0.01218097447795823,KS,10.832299564963956,8.83869681234353,1,FALSE
20169,"Saline County, Kansas",51004,0.39273592039083727,0.916869265155674,0.05619167124147126,0.01811622617833895,0.08313073484432598,51830,54384,0.0491504854368932,KS,10.855724411183752,10.903825271935895,3,TRUE
20173,"Sedgwick County, Kansas",479797,0.6205545563723674,0.8492070604859973,0.10049458416788767,0.03142787470534414,0.15079293951400274,57540,515416,0.08400786937153677,KS,10.96023563710554,13.152729620567987,4,TRUE
20175,"Seward County, Kansas",19947,0.9302836438864212,0.416804532009826,0.5295031834361057,0.01990274226700757,0.583195467990174,49395,21902,0.2986941831796183,KS,10.807604483478574,9.994333235835704,4,TRUE
20177,"Shawnee County, Kansas",166292,0.3375198731597306,0.9247287903206408,0.05961802131190917,0.00861135833353378,0.07527120967935919,58652,177293,0.03949958543202495,KS,10.97937695409697,12.085559010177429,3,TRUE
20181,"Sherman County, Kansas",5520,0.4042084087453107,0.9083333333333332,0.05978260869565217,0.01340579710144927,0.09166666666666667,57005,5904,0.03031842818428184,KS,10.95089426226782,8.683385366280309,3,TRUE
20189,"Stevens County, Kansas",5094,0.6390336340553922,0.7524538672948567,0.2259521005104044,0,0.24754613270514325,59044,5498,0.10913059294288832,KS,10.986038207656888,8.612139668725192,4,TRUE
20191,"Sumner County, Kansas",21593,0.13764279475165814,0.9767054137915064,0.01644051312925485,0.00213032001111471,0.02329458620849345,53578,22928,0.01234298674110258,KS,10.88889381504096,10.040114150067954,1,FALSE
20193,"Thomas County, Kansas",7218,0.2453938557942696,0.9494319756165144,0.03906899418121363,0.00609587143252978,0.05056802438348573,68313,7748,0.04749612803304078,KS,11.131855364196774,8.955190024526887,2,FALSE
20197,"Wabaunsee County, Kansas",6491,0.1036903867527898,0.9839778154367586,0.00677861654598675,3.081189339084887e-4,0.01602218456324145,65742,6877,0.01134215500945179,KS,11.093493269633449,8.835937789319836,1,FALSE
20201,"Washington County, Kansas",5107,0.21604735915328177,0.9557470139024868,0.02663011552770707,3.9161934599569217e-4,0.04425298609751327,52172,5474,0.03580562659846547,KS,10.862301231490171,8.607764889600624,2,FALSE
20205,"Wilson County, Kansas",8027,0.12603636310136407,0.9794443752335866,0.00896972717079855,0.00174411361654416,0.02055562476641337,49682,8600,0.00709302325581395,KS,10.813397973445996,9.0595174822416,1,FALSE
20209,"Wyandotte County, Kansas",152300,0.8176955652977866,0.7246946815495732,0.21905449770190413,0.03504267892317794,0.27530531845042683,48093,165447,0.1647959769593888,KS,10.780891915357785,12.016406180819091,4,TRUE
21001,"Adair County, Kentucky",18361,0.17851072243918045,0.9695550351288056,0.01628451609389467,0.00326779587168454,0.03044496487119441,43026,19366,0.01905401218630589,KY,10.66955986311063,9.871274230171476,2,FALSE
21003,"Allen County, Kentucky",19672,0.2920742648693795,0.9331537210248068,0.01728344855632371,0.00111834078893859,0.06684627897519313,44180,21065,0.01362449560882981,KY,10.696027476974107,9.955368174413117,3,TRUE
21005,"Anderson County, Kentucky",21110,0.11323952279693804,0.981572714353387,0.01127427759355755,0.00236854571293225,0.018427285646613,54413,22580,0.01142604074402125,KY,10.904358374883346,10.024819837703651,1,FALSE
21007,"Ballard County, Kentucky",7513,0.14216907741939597,0.976840143750832,0.00865167043790762,0.00306136030879808,0.02315985624916805,45517,7914,0.01074045994440232,KY,10.725841161531717,8.97638862194537,1,FALSE
21009,"Barren County, Kentucky",41235,0.2386181393766973,0.9551352006790348,0.01872195950042439,0.003686188917182,0.04486479932096521,41674,44026,0.01783037296143188,KY,10.637632712130143,10.692535647473276,2,FALSE
21011,"Bath County, Kentucky",11569,0.23044349145721008,0.95548448439796,0.02031290517762987,0.00423545682427176,0.04451551560203992,44893,12421,0.00507205539006521,KY,10.71203715957191,9.427143867544194,2,FALSE
21013,"Bell County, Kentucky",24783,0.02721772718279326,0.996086026711859,0.00334906992696606,0,0.00391397328814102,28442,26426,0.00208128358434874,KY,10.255622204932642,10.182103652974162,1,FALSE
21015,"Boone County, Kentucky",123684,0.410082724895878,0.92453348856764,0.03145111736360402,0.01293619223181656,0.07546651143235994,82838,132368,0.05372144324912365,KY,11.324642172291952,11.793341201429964,3,TRUE
21017,"Bourbon County, Kentucky",18641,0.29729591659014654,0.9315487366557588,0.0569175473418808,0.00118019419559036,0.06845126334424123,47024,19998,0.04665466546654665,KY,10.7584133886587,9.903387547535797,3,TRUE
21019,"Boyd County, Kentucky",44664,0.12091716087899174,0.981215296435608,0.01043345871395307,0.00223893963818735,0.01878470356439188,51019,47361,0.01152847279407107,KY,10.839953391346915,10.765554384199836,1,FALSE
21021,"Boyle County, Kentucky",28648,0.20492671101306376,0.9654077073443172,0.01884948338452946,0.00649259983244903,0.03459229265568275,51562,30090,0.02256563642406115,KY,10.850540246060325,10.311948169624092,2,FALSE
21023,"Bracken County, Kentucky",7792,0.11373664518746487,0.9807494866529776,0.01309034907597535,0.00166837782340862,0.01925051334702254,60053,8308,0.00312951372171401,KY,11.002982784628278,9.024974184996005,1,FALSE
21025,"Breathitt County, Kentucky",11960,0.05728761782859051,0.9923076923076924,0.00259197324414715,0.00267558528428093,0.00769230769230766,29538,12802,0.00421809092329323,KY,10.293432848986257,9.45735668770195,1,FALSE
21027,"Breckinridge County, Kentucky",19127,0.1635717560904385,0.9701469127411512,0.01249542531499973,0.00115020651435144,0.02985308725884872,47236,20283,0.0061627964305083,KY,10.762911592721172,9.917538375758788,1,FALSE
21029,"Bullitt County, Kentucky",76688,0.14304870722844998,0.9775323388274568,0.01207490089714166,0.00456394742332568,0.02246766117254328,65531,80921,0.0161639129521385,KY,11.090278592103282,11.301228649089651,1,FALSE
21031,"Butler County, Kentucky",11993,0.23380851126581675,0.9568915200533644,0.0226798966063537,0.0035854248311515,0.04310847994663558,45955,12756,0.01944183129507682,KY,10.73541793579221,9.453757028129948,2,FALSE
21033,"Caldwell County, Kentucky",11967,0.11673053098695746,0.9790256538815076,0.01621124759755995,1.6712626389237068e-4,0.02097434611849247,48281,12679,0.01743039671898414,KY,10.784793387507325,9.447702360527948,1,FALSE
21035,"Calloway County, Kentucky",37066,0.22316060334029308,0.961905789672476,0.01829169589381104,0.01027896185183186,0.03809421032752391,41841,38991,0.03736759765073991,KY,10.641631999026805,10.571086129249698,2,FALSE
21037,"Campbell County, Kentucky",88253,0.23059180273465152,0.9618823156153332,0.01647536061097073,0.00659467666821524,0.03811768438466678,63152,93608,0.02117340398256559,KY,11.053299797902628,11.446871128898794,2,FALSE
21041,"Carroll County, Kentucky",9965,0.21482864548690808,0.9530356246864023,0.04064224786753637,0.00471650777722027,0.04696437531359754,41014,10691,0.01337573660087924,KY,10.621668750815717,9.2771575450135,2,FALSE
21043,"Carter County, Kentucky",25243,0.07123388949024773,0.9891455056847442,0.00273343105019213,2.77304599294854e-4,0.01085449431525575,39492,26976,0.00645017793594306,KY,10.58385339873134,10.202702860801582,1,FALSE
21045,"Casey County, Kentucky",15023,0.2372664294779731,0.9505425014977036,0.01937029887505824,5.325168075617386e-4,0.04945749850229652,33004,15968,0.01114729458917835,KY,10.404384045224234,9.678341998551245,2,FALSE
21047,"Christian County, Kentucky",64713,0.4950972549277931,0.8941789130468376,0.05444037519509218,0.0101834252777649,0.1058210869531624,44279,71470,0.03012452777389114,KY,10.698265803008391,11.177033060214024,4,TRUE
21049,"Clark County, Kentucky",33967,0.18055662540739076,0.967851149645244,0.02113816351164365,0.00494597697765478,0.03214885035475612,54871,36152,0.01775835361805709,KY,10.912740254782156,10.495487551091117,2,FALSE
21051,"Clay County, Kentucky",18902,0.0644452140785404,0.9887313511797692,0.010686699820124849,0,0.0112686488202307,27479,20110,0.00721034311287916,KY,10.221177355572255,9.908972482766698,1,FALSE
21053,"Clinton County, Kentucky",9586,0.1528477154524016,0.9689129981222616,0.0269142499478406,0,0.03108700187773838,33092,10175,0.01405405405405405,KY,10.407046840310072,9.227689010310796,1,FALSE
21055,"Crittenden County, Kentucky",8456,0.29130269616849175,0.934957426679281,0.00898770104068117,0.00366603595080416,0.06504257332071905,46354,8940,0.00906040268456375,KY,10.744062867162503,9.09829086816756,3,TRUE
21057,"Cumberland County, Kentucky",6239,0.25512361972804876,0.9464657797723994,0.02580541753486135,0,0.05353422022760057,35030,6660,0.01021021021021021,KY,10.463960116191531,8.803874763534434,2,FALSE
21059,"Daviess County, Kentucky",94187,0.2711166966487114,0.9503540828352108,0.02521579411171393,0.01171074564430335,0.04964591716478916,54881,101001,0.03092048593578281,KY,10.9129224838081,11.52288569676448,3,TRUE
21061,"Edmonson County, Kentucky",11627,0.1422767498451431,0.975316074653823,0.00627848972219833,0.00111808721080244,0.02468392534617702,44229,12195,0.0027060270602706,KY,10.69713596151793,9.40878131065002,1,FALSE
21063,"Elliott County, Kentucky",7129,0.10236673955000856,0.9831673446486184,0.00350680319820451,0,0.01683265535138167,36950,7461,0.00321672698029754,KY,10.517320926376348,8.917444732471514,1,FALSE
21065,"Estill County, Kentucky",13441,0.06656376880255664,0.9880217245740645,0.01160627929469533,0,0.01197827542593554,32800,14187,0.00881088320293226,KY,10.398183794372237,9.560081331311986,1,FALSE
21067,"Fayette County, Kentucky",302721,0.6481301168680239,0.8646740728261336,0.06213311927484383,0.02350018664050396,0.13532592717386638,58954,322200,0.10010862818125388,KY,10.984512757777187,12.68292774972501,4,TRUE
21069,"Fleming County, Kentucky",13492,0.1934870202127874,0.963904536021346,0.00652238363474651,0.0057070856804032,0.03609546397865404,42087,14519,0.00950478683104897,KY,10.647494183386884,9.583213415483687,2,FALSE
21071,"Floyd County, Kentucky",33823,0.05251198743733522,0.993170327883393,0.00121219288649735,0.00121219288649735,0.00682967211660701,35096,35931,0.00411900587236648,KY,10.46584244284605,10.489355711615616,1,FALSE
21073,"Franklin County, Kentucky",47821,0.3479547083510668,0.9370778528261644,0.0284184772380335,0.01202400618974927,0.06292214717383571,59056,50744,0.04156156392874034,KY,10.98624142526978,10.834548663313733,3,TRUE
21075,"Fulton County, Kentucky",5713,0.14144711180545264,0.9777699982496062,0.00577629966742517,0.00140031507089095,0.0222300017503938,31587,6064,0.00577176781002638,KY,10.360500922524867,8.710124927322207,1,FALSE
21077,"Gallatin County, Kentucky",8185,0.17469782342361218,0.9610262675626146,0.03689676237018937,0.00183262064752596,0.03897373243738544,55113,8760,0.02397260273972602,KY,10.917140901977048,9.077951183930438,2,FALSE
21079,"Garrard County, Kentucky",16642,0.18499335036142703,0.9662901093618556,0.02018988102391539,0.00240355726475183,0.03370989063814444,55369,17554,0.02643272188674945,KY,10.921775149332449,9.773037123152063,2,FALSE
21081,"Grant County, Kentucky",23296,0.1082324703491602,0.9792239010989012,0.01910199175824176,1.2877747252747253e-4,0.02077609890109888,56746,25107,0.0129047675946947,KY,10.946340448277995,10.130901970700984,1,FALSE
21083,"Graves County, Kentucky",34868,0.2475763845189392,0.9463404841115064,0.04548583228174831,0.00246644487782494,0.05365951588849371,45614,37125,0.02822895622895623,KY,10.727969965926096,10.522045876105,2,FALSE
21085,"Grayson County, Kentucky",24568,0.12057872833130062,0.9816020840117226,0.00875122110061869,0.00126180397264734,0.01839791598827744,38262,26313,0.01151522061338502,KY,10.552212515543326,10.177818392619493,1,FALSE
21087,"Green County, Kentucky",10365,0.1431425513711577,0.974047274481428,0.01061263868789194,5.788712011577424e-4,0.02595272551857208,33846,11000,0.01109090909090909,KY,10.429576102968031,9.305650551780507,1,FALSE
21089,"Greenup County, Kentucky",33439,0.07763144075715933,0.9885463082029964,0.00633990250904632,0.00191393283291964,0.0114536917970035,52337,35359,0.00916315506660256,KY,10.865458856902256,10.473308235808693,1,FALSE
21091,"Hancock County, Kentucky",8191,0.12000653014345844,0.9805884507386156,0.00402881211085337,0.00524966426565742,0.01941154926138444,56265,8748,0.01063100137174211,KY,10.937827951184095,9.076580381796658,1,FALSE
21093,"Hardin County, Kentucky",102383,0.34673969014395195,0.9356533799556568,0.03112821464500942,0.012287196116542781,0.06434662004434333,57101,109627,0.04028204730586443,KY,10.9525769086256,11.604838973521748,3,TRUE
21095,"Harlan County, Kentucky",24687,0.10850124499772489,0.9844047474379228,0.00692672256653299,0.0043342649977721,0.01559525256207716,28261,26307,0.006006006006006,KY,10.249238041316636,10.177590342447465,1,FALSE
21097,"Harrison County, Kentucky",17622,0.14033658688058476,0.9761661559414369,0.01055498808307797,6.809669731018045e-4,0.02383384405856314,50270,18763,0.00975323775515642,KY,10.82516375668662,9.839642124487376,1,FALSE
21099,"Hart County, Kentucky",17508,0.2827829546285648,0.9363148275074252,0.00742517706191455,0.00416952250399817,0.06368517249257477,39834,18833,0.00923910157701906,KY,10.592476097947214,9.843365929194746,3,TRUE
21101,"Henderson County, Kentucky",42860,0.12993215839504882,0.9787914139057396,0.01360242650489967,0.00317312179188054,0.02120858609426035,50471,45550,0.01293084522502744,KY,10.829154192888762,10.726565902688105,1,FALSE
21103,"Henry County, Kentucky",15019,0.18939628153713856,0.9617817431253746,0.02949597176909248,5.326586323989613e-4,0.03821825687462543,52550,15999,0.01937621101318832,KY,10.869520376305095,9.680281499268713,2,FALSE
21107,"Hopkins County, Kentucky",42392,0.10425504990887582,0.984855633138328,0.00724193244008303,0.00228816757878845,0.01514436686167197,47014,45044,0.01278749666992274,KY,10.758200708677464,10.715395068816916,1,FALSE
21109,"Jackson County, Kentucky",12542,0.05466496499317502,0.9908308084834956,7.1758890129166e-4,0,0.00916919151650452,31515,13368,0,KY,10.358218901947213,9.50061907027523,1,FALSE
21111,"Jefferson County, Kentucky",720310,0.5130438093113483,0.9010439949466202,0.04358678902139357,0.0161833099637656,0.09895600505337976,58196,768419,0.08051726987489898,KY,10.97157190283528,13.55209043627568,4,TRUE
21113,"Jessamine County, Kentucky",50121,0.369540572872976,0.9300891841742982,0.02841124478761397,0.00949701721833163,0.0699108158257018,64855,53476,0.05101353878375346,KY,11.079909287774774,10.886988234103011,3,TRUE
21115,"Johnson County, Kentucky",21096,0.14251912467696826,0.9777208949563898,0.00606750094804702,0.00535646568069776,0.02227910504361019,38333,22427,0.01400098096044945,KY,10.554066422987296,10.018020869126287,1,FALSE
21117,"Kenton County, Kentucky",155589,0.28626774500241053,0.9502985429561216,0.02500176747713527,0.00665856840779232,0.0497014570438784,66541,166552,0.03488400019213218,KY,11.105573578013791,12.02306285195561,3,TRUE
21119,"Knott County, Kentucky",14238,0.09388980166042972,0.9864447253827784,0.00681275460036522,0.00252844500632111,0.0135552746172215,32531,15041,0.00711388870420849,KY,10.389948759849505,9.618535084655214,1,FALSE
21121,"Knox County, Kentucky",29295,0.07313483265728342,0.9895203959720088,0.00337941628264208,0.00256016385048643,0.01047960402799108,30257,31288,0.0146701610841217,KY,10.317482841647667,10.350989916435353,1,FALSE
21123,"Larue County, Kentucky",13527,0.1071452969542108,0.978339617062172,0.02106897316478154,0,0.02166038293782801,48495,14269,0.03062583222370173,KY,10.789215978827643,9.565844630930576,1,FALSE
21125,"Laurel County, Kentucky",56895,0.12945673745638325,0.9792951928992004,0.00736444327269531,0.00597592055540908,0.02070480710079969,43745,60631,0.00884036219095842,KY,10.686132599540365,11.012561592414832,1,FALSE
21127,"Lawrence County, Kentucky",14523,0.1059100750173894,0.983199063554362,0.00275425187633409,0.01184328306823659,0.01680093644563796,32856,15604,0.00954883363240194,KY,10.399889655636397,9.655282570626548,1,FALSE
21129,"Lee County, Kentucky",6715,0.05578944062236321,0.9912137006701416,0.00699925539836187,0,0.00878629932985852,24699,7088,0.00804176072234763,KY,10.114518035966537,8.866158492284917,1,FALSE
21131,"Leslie County, Kentucky",9529,0.06568397531504476,0.9909749186693252,0.00241368454192465,0.00125931367404764,0.00902508133067481,36038,10081,0.0035710742981847,KY,10.49232921628676,9.21840774305394,1,FALSE
21133,"Letcher County, Kentucky",20684,0.0816339549443701,0.987429897505318,0.00701024946818797,0.00106362405724231,0.01257010249468193,33181,21936,0.00583515681983953,KY,10.409732701928007,9.995884401802096,1,FALSE
21135,"Lewis County, Kentucky",12555,0.10912100437896624,0.9833532457188372,0.0062126642771804,0.002389486260454,0.01664675428116291,29844,13345,0.00247283626826526,KY,10.303739093591403,9.498897061838624,1,FALSE
21137,"Lincoln County, Kentucky",22851,0.17395446266978318,0.9672224410310272,0.00809592578005338,2.625705658395694e-4,0.03277755896897294,42231,24493,0.00934961009267954,KY,10.650909827496076,10.106142641423002,2,FALSE
21139,"Livingston County, Kentucky",8643,0.05069406387030211,0.9920166608816384,0.00624783061437001,0,0.00798333911836168,52795,9172,0.00686873092019188,KY,10.874171768240616,9.123910643977796,1,FALSE
21141,"Logan County, Kentucky",25307,0.1257172484113574,0.979333781167266,0.0070336270597068,0.00268700359584304,0.020666218832734,48912,27049,0.010980073200488,KY,10.797778044130617,10.205405315014564,1,FALSE
21143,"Lyon County, Kentucky",7965,0.15490481774078085,0.9740112994350284,0.01142498430634023,0.0012554927809165,0.02598870056497171,49286,8226,0.01981522003403841,KY,10.80539534404283,9.015055148790369,1,FALSE
21145,"McCracken County, Kentucky",61444,0.17320443314553144,0.9724464553088992,0.01495670854762059,0.00550094394896165,0.02755354469110083,47011,65485,0.0141711842406658,KY,10.758136895861702,11.089576387763504,2,FALSE
21147,"McCreary County, Kentucky",16352,0.1639560635231916,0.9711350293542076,0.01767367906066536,0.00110078277886497,0.02886497064579252,29499,17333,0.01009634800669243,KY,10.292111643448266,9.76036747794131,1,FALSE
21149,"McLean County, Kentucky",8713,0.0922774162756302,0.9830138872948468,0.01560886032365431,0.00103293928612418,0.01698611270515326,54181,9202,0.00760704194740273,KY,10.90008557246396,9.127176130715414,1,FALSE
21151,"Madison County, Kentucky",86854,0.22390800442729308,0.9631450480116056,0.01846777350496235,0.00664333248900453,0.03685495198839428,51649,92090,0.02647410142252144,KY,10.852226113276137,11.430521638715412,2,FALSE
21153,"Magoffin County, Kentucky",11536,0.07376315574516815,0.9879507628294036,0.00780166435506241,0.00407420249653259,0.01204923717059636,27807,12346,0.00413089259679248,KY,10.233043066543942,9.42108740295384,1,FALSE
21155,"Marion County, Kentucky",18171,0.12746009527787722,0.9766110835947388,0.01909636233558967,7.154256782785758e-4,0.02338891640526108,43587,19257,0.01729241314846549,KY,10.68251421973945,9.865629909979887,1,FALSE
21157,"Marshall County, Kentucky",29545,0.1045869067143,0.9827381959722458,0.01208326281942799,0.00389236757488576,0.01726180402775423,57348,31225,0.00893514811849479,KY,10.95689324836616,10.34897433499378,1,FALSE
21159,"Martin County, Kentucky",10876,0.14678113311280835,0.9737035674880472,0.01857300478116954,9.194556822361162e-4,0.0262964325119529,42894,11421,0.00420278434462831,KY,10.666487234994907,9.343209045050608,1,FALSE
21161,"Mason County, Kentucky",16118,0.2428203096425043,0.9534681722298052,0.02698846010671299,0.00974066261322744,0.04653182777019482,46241,17122,0.02558112370050228,KY,10.741622129409992,9.74811946530243,2,FALSE
21163,"Meade County, Kentucky",26919,0.13920426131173091,0.9786767710539024,0.00939856606857609,0.00668672684720829,0.0213232289460975,61500,28379,0.01342542020508122,KY,11.02679245379461,10.25340471401148,1,FALSE
21165,"Menifee County, Kentucky",6096,0.12388735472232784,0.973753280839895,0.02575459317585302,0,0.02624671916010501,46746,6463,0.00464180721027386,KY,10.752483969558911,8.773848885262895,1,FALSE
21167,"Mercer County, Kentucky",20468,0.24001948361731923,0.95109439124487,0.03283173734610123,0.00312683212820011,0.04890560875512995,52312,21690,0.02692485016136468,KY,10.864981069241113,9.98460660382092,2,FALSE
21169,"Metcalfe County, Kentucky",9429,0.11144929551850098,0.981228125994273,0.00445434298440979,0.00233322727754799,0.01877187400572699,40391,10062,0.00536672629695885,KY,10.606362266854584,9.216521231051264,1,FALSE
21171,"Monroe County, Kentucky",9913,0.18299785777699468,0.962877030162413,0.03046504589932412,0,0.037122969837587,35078,10616,0.01846269781461944,KY,10.465329432318082,9.270117576012044,2,FALSE
21173,"Montgomery County, Kentucky",26218,0.12458474381556103,0.9753222976580976,0.02250362346479518,0.00102982683652452,0.02467770234190247,46998,28042,0.01087654232936309,KY,10.757860326595294,10.241458665281076,1,FALSE
21175,"Morgan County, Kentucky",12645,0.10493523241348174,0.9839462238038752,0.0070383550810597,0.00624752866745749,0.01605377619612491,37399,13270,0.00768651092690278,KY,10.529399245077244,9.493261127326251,1,FALSE
21177,"Muhlenberg County, Kentucky",29145,0.13303807750454918,0.9774575398867732,0.0160233316177732,0.00308800823468862,0.02254246011322691,45937,30815,0.02317053383092649,KY,10.735026171542216,10.335756863396345,1,FALSE
21179,"Nelson County, Kentucky",43115,0.11801009481573806,0.9806099965209324,0.01375391395106111,0.0032007422010901,0.0193900034790676,63032,45915,0.01189153871283894,KY,11.051397812925524,10.734547140047622,1,FALSE
21181,"Nicholas County, Kentucky",6753,0.11799448732628062,0.9797127202724716,0.00962535169554272,0,0.02028727972752853,47665,7189,0.00959799693976909,KY,10.77195265492768,8.880307358983872,1,FALSE
21183,"Ohio County, Kentucky",22690,0.13063956761797382,0.9743499338915822,0.02331423534596738,0.00132216835610401,0.0256500661084178,45773,24081,0.01843777251775258,KY,10.73144967661659,10.089178426799686,1,FALSE
21185,"Oldham County, Kentucky",63173,0.2619401278161353,0.9554873126177322,0.02146486631947192,0.00815221692811802,0.04451268738226777,103761,66508,0.03811571540265832,KY,11.549845456569171,11.10507752016027,2,FALSE
21187,"Owen County, Kentucky",10234,0.07473428753436132,0.9881766660152432,0.00791479382450654,0.00263826460816884,0.01182333398475665,50553,10847,6.453397252696598e-4,KY,10.830777569868651,9.291643823040218,1,FALSE
21191,"Pendleton County, Kentucky",13718,0.08674767320938616,0.9846916460125382,0.01348593089371628,5.102784662487243e-4,0.01530835398746177,56000,14587,0.01329951326523616,KY,10.933106969717286,9.587886000086211,1,FALSE
21193,"Perry County, Kentucky",24601,0.18556249928112972,0.9689443518556156,0.00995894475834315,0.01134100239827649,0.03105564814438433,39594,26266,0.01454351633290185,KY,10.586432870611477,10.176030606145105,2,FALSE
21195,"Pike County, Kentucky",55440,0.07708108820314087,0.9897546897546896,0.002507215007215,0.00288600288600288,0.01024531024531028,34700,58595,0.00808942742554825,KY,10.45449496593495,10.978404647692702,1,FALSE
21197,"Powell County, Kentucky",11497,0.10498461592202718,0.9837348873619204,0.00913281725667565,0.00217448029920848,0.0162651126380795,41071,12283,0.00985101359602702,KY,10.623057555327176,9.415971471539097,1,FALSE
21199,"Pulaski County, Kentucky",61019,0.15615093807144587,0.9725986987659582,0.01796161851226667,0.00394958947213163,0.02740130123404183,40658,64789,0.01972557069872972,KY,10.61295089758101,11.07889111484426,1,FALSE
21203,"Rockcastle County, Kentucky",15887,0.05934734556199464,0.9914395417637062,0.00528734185182853,0,0.00856045823629381,38744,16795,5.954153021732659e-4,KY,10.564731184083064,9.728836502046391,1,FALSE
21205,"Rowan County, Kentucky",23190,0.23071257167101175,0.9602846054333763,0.0210004312203536,0.00314790858128503,0.03971539456662354,42754,24534,0.02062443955327301,KY,10.663218037239226,10.107815189592698,2,FALSE
21207,"Russell County, Kentucky",16797,0.23755800168193664,0.9552896350538786,0.02833839376079061,0.00517949633863189,0.04471036494612135,41731,17846,0.02420710523366581,KY,10.63899953687384,9.789534672460096,2,FALSE
21209,"Scott County, Kentucky",52338,0.2344684346820484,0.9582330238067944,0.02548817302915663,0.00819672131147541,0.04176697619320568,71750,55961,0.03066421257661586,KY,11.180943133621868,10.932410298526827,2,FALSE
21211,"Shelby County, Kentucky",45059,0.38653215166589666,0.9084755542732862,0.07283783483876695,0.00472713553341174,0.0915244457267138,72564,48100,0.05646569646569646,KY,11.192224210061212,10.781037456093852,3,TRUE
21213,"Simpson County, Kentucky",17200,0.14360407173960776,0.976453488372093,0.01232558139534883,0.00645348837209302,0.02354651162790699,50159,18319,0.0165402041596157,KY,10.822953238903926,9.81569405158546,1,FALSE
21215,"Spencer County, Kentucky",17925,0.11267670329662598,0.9805299860529986,0.01271966527196652,7.810320781032078e-4,0.01947001394700143,85488,18945,0.00807600950118764,KY,11.356131294197551,9.8492953234527,1,FALSE
21217,"Taylor County, Kentucky",23972,0.13018342603783062,0.9799349240780912,0.00834306691139663,0.00312865009177373,0.02006507592190887,50266,25572,0.01642421398404505,KY,10.825084183200463,10.149253281886615,1,FALSE
21219,"Todd County, Kentucky",11505,0.4341857316850607,0.882051282051282,0.03459365493263798,0,0.11794871794871796,47229,12334,0.02480946975839143,KY,10.76276338968274,9.42011495555144,3,TRUE
21221,"Trigg County, Kentucky",13632,0.29281304809276215,0.94087441314554,0.02941607981220657,0.0039612676056338,0.05912558685446012,50980,14569,0.01407097261308257,KY,10.839188677930109,9.586651262653996,3,TRUE
21223,"Trimble County, Kentucky",8073,0.13594975273967072,0.9729964077790164,0.02341137123745819,0,0.02700359222098347,57589,8528,0.02861163227016885,KY,10.961086856224243,9.051110146405623,1,FALSE
21225,"Union County, Kentucky",13750,0.13843172308100635,0.978909090909091,0.00858181818181818,0.00429090909090909,0.02109090909090905,49812,14582,0.01337265121382526,KY,10.81601119784104,9.587543170366375,1,FALSE
21227,"Warren County, Kentucky",122366,0.5868044791081579,0.8827288625925502,0.03648889397381626,0.0349525194907082,0.11727113740744977,54325,130836,0.09146565165550766,KY,10.90273980512463,11.781699909494382,4,TRUE
21229,"Washington County, Kentucky",11291,0.27226625967621104,0.9433176866530866,0.01603046674342396,0.00265698343813656,0.05668231334691343,55321,12044,0.01345068083693125,KY,10.920907862260288,9.396321889601625,3,TRUE
21231,"Wayne County, Kentucky",19263,0.18253239202788543,0.966100815034003,0.02123241447334268,3.633909567564762e-4,0.03389918496599697,37678,20447,0.02567613830879835,KY,10.53683164872532,9.925591451443054,2,FALSE
21233,"Webster County, Kentucky",12200,0.2405039310980328,0.9477049180327868,0.04163934426229508,0.0030327868852459,0.05229508196721311,44540,13021,0.03010521465325244,KY,10.70414294081136,9.474318717728728,2,FALSE
21235,"Whitley County, Kentucky",33631,0.11586837848865908,0.9828432101335076,0.00556034610924444,0.00448990514703696,0.01715678986649227,39258,36252,0.01293721725697892,KY,10.577910524097794,10.498249831174672,1,FALSE
21237,"Wolfe County, Kentucky",6724,0.11765170152153584,0.9784354550862582,0.01457465794170136,0.00698988697204045,0.02156454491374182,22292,7188,0.0065386755703951,KY,10.011983148689428,8.88016824790345,1,FALSE
21239,"Woodford County, Kentucky",24955,0.26488990264066525,0.9409336806251252,0.05009016229212582,0.00360649168503305,0.05906631937487472,66442,26486,0.04617533791436985,KY,11.104084665622148,10.18437157048691,3,TRUE
22001,"Acadia Parish, Louisiana",58023,0.3839085426184819,0.9063819519845578,0.01497681953708012,5.170363476552401e-4,0.09361804801544216,44412,62371,0.01353192990332045,LA,10.701264982174155,11.040855702741002,3,TRUE
22003,"Allen Parish, Louisiana",23995,0.42278702324026946,0.9011043967493227,0.06030423004792665,0.00287559908314232,0.09889560325067726,48328,25572,0.05638980134522133,LA,10.785766381818576,10.149253281886615,3,TRUE
22005,"Ascension Parish, Louisiana",116284,0.3108604363279281,0.9371624643115132,0.04059027897217158,0.00818685287743799,0.06283753568848682,82594,125061,0.03468707270851824,LA,11.321692317645532,11.736556897251162,3,TRUE
22007,"Assumption Parish, Louisiana",21047,0.3908005457711049,0.895234475222122,0.01867249489238371,0.00118781774124578,0.10476552477787804,44742,22236,0.0106583917970858,LA,10.70866793677185,10.00946787607336,3,TRUE
22009,"Avoyelles Parish, Louisiana",37779,0.39153479109596584,0.9047354350300432,0.00854972339130204,0.00635273564678789,0.09526456496995683,35530,40465,0.00820462127764735,LA,10.478132689015071,10.608192681929802,3,TRUE
22011,"Beauregard Parish, Louisiana",34840,0.27178434544077507,0.950947187141217,0.02347876004592422,0.00459242250287026,0.04905281285878304,49256,37387,0.02064888865113542,LA,10.804786466591048,10.529078329395084,3,TRUE
22013,"Bienville Parish, Louisiana",12589,0.12899221148351356,0.9784732703153548,0.01398045913098737,6.354754150448804e-4,0.0215267296846453,27815,13391,0.00858785751624225,LA,10.233330722509391,9.502338118495564,1,FALSE
22015,"Bossier Parish, Louisiana",118253,0.3017962516091013,0.9419887867538244,0.03718298901507784,0.01186439244670325,0.05801121324617553,55448,126952,0.03768353393408532,LA,10.92320092359782,11.75156434124268,3,TRUE
22017,"Caddo Parish, Louisiana",227016,0.22216787927703607,0.9635928745110476,0.01718381083271663,0.00755453360115586,0.03640712548895231,42003,243243,0.02310446754891199,LA,10.645496323286036,12.40181622265577,2,FALSE
22019,"Calcasieu Parish, Louisiana",188226,0.3220559645732824,0.9400561027700742,0.02618129270132712,0.0065346976506965,0.05994389722992577,52866,202858,0.02825128907906023,LA,10.875515689094785,12.220261505865317,3,TRUE
22021,"Caldwell Parish, Louisiana",9337,0.03771483748840915,0.9947520616900504,0.0029988218913998,0.00224911641854985,0.00524793830994962,40690,9959,0.00411687920473943,LA,10.613737640995735,9.20623194393164,1,FALSE
22023,"Cameron Parish, Louisiana",6513,0.4563818735296191,0.8787041302011361,0.0541992937202518,6.141563027790573e-4,0.12129586979886386,56902,6963,0.0328881229355163,LA,10.949085768881584,8.848365694942547,4,TRUE
22025,"Catahoula Parish, Louisiana",9158,0.10121408342514768,0.980345053505132,0.01845381087573706,0,0.01965494649486787,40973,9586,0.00678072188608387,LA,10.62066859217062,9.168058979719577,1,FALSE
22027,"Claiborne Parish, Louisiana",15083,0.04208174992162384,0.9939667174965192,0.00424318769475568,0.00132599615461115,0.00603328250348078,26849,15854,0.01129052605020814,LA,10.19798385529558,9.671177113397102,1,FALSE
22029,"Concordia Parish, Louisiana",18282,0.14748942107157592,0.9747292418772564,0.01471392626627283,0,0.02527075812274371,36294,19533,0.01694568166692264,LA,10.49940771733497,9.879860621904973,1,FALSE
22031,"De Soto Parish, Louisiana",25561,0.12022752600750364,0.979734752161496,0.01353624662571886,1.1736630022299596e-4,0.02026524783850392,44436,27395,0.00547545172476729,LA,10.701805230701613,10.218115793972515,1,FALSE
22033,"East Baton Rouge Parish, Louisiana",414110,0.4329755022004754,0.919615561082804,0.03506797710753182,0.02286832001159113,0.08038443891719593,56076,443158,0.05500521258783548,LA,10.934463192488426,13.001681644581732,3,TRUE
22035,"East Carroll Parish, Louisiana",6544,0.13550973401113642,0.9753973105134476,0.01833740831295843,0,0.02460268948655253,24551,6947,0.00215920541240823,LA,10.10850786559065,8.846065190692881,1,FALSE
22037,"East Feliciana Parish, Louisiana",18313,0.1524201873194818,0.975045049964506,0.00802708458472123,0.00333096707257139,0.02495495003549386,54187,19228,0.0080091533180778,LA,10.900196306260026,9.864122829013851,1,FALSE
22039,"Evangeline Parish, Louisiana",31212,0.5960226379111296,0.8281750608740228,0.03027681660899654,0.00297962322183775,0.17182493912597718,31427,33491,0.038099788002747,LA,10.355422675029144,10.41903202500206,4,TRUE
22041,"Franklin Parish, Louisiana",18712,0.11136192412852754,0.9826849080803762,0.00865754595981188,8.550662676357418e-4,0.01731509191962377,35759,20109,0.00457506589089462,LA,10.484557264690627,9.908922755026069,1,FALSE
22043,"Grant Parish, Louisiana",21071,0.297951174645365,0.9377817853922452,0.04366190498789805,0.00242038821128565,0.06221821460775478,51449,22339,0.02932091857289941,LA,10.84834630472734,10.014089308863923,3,TRUE
22045,"Iberia Parish, Louisiana",65854,0.4461282722864294,0.9044401251252772,0.02909466395359431,0.02441765116773468,0.09555987487472284,50602,70763,0.03238980823311618,LA,10.831746380186138,11.16709154420937,3,TRUE
22047,"Iberville Parish, Louisiana",30842,0.1653948697752597,0.9698463134686468,0.01497957330912392,6.808896958692692e-4,0.0301536865313533,49539,32626,0.01137129896401643,LA,10.810515517131098,10.392864795496248,1,FALSE
22049,"Jackson Parish, Louisiana",14989,0.15218945040094253,0.9750483688037894,0.01434385215824938,0.0018680365601441,0.02495163119621057,41760,15822,0.01643281506762735,LA,10.63969422255652,9.66915665558134,1,FALSE
22051,"Jefferson Parish, Louisiana",406653,0.7237459955533737,0.8175176378878306,0.11795560342601676,0.02983378949620438,0.1824823621121694,54825,434903,0.1307624918660023,LA,10.91190157328609,12.98287829669944,4,TRUE
22053,"Jefferson Davis Parish, Louisiana",29173,0.3527472611097959,0.9202687416446714,0.0126829602714839,0.00263942686730881,0.07973125835532857,42716,31425,0.00859188544152744,LA,10.662328836291437,10.355359033458448,3,TRUE
22055,"Lafayette Parish, Louisiana",227124,0.45052194045052824,0.9095560134552052,0.02845582148958278,0.0134596079674539,0.09044398654479492,58761,243692,0.04258654366987837,LA,10.981233648522853,12.403660411827858,3,TRUE
22057,"Lafourche Parish, Louisiana",91758,0.4878084568954844,0.8781359663462587,0.02989385121733255,0.0065934305455655,0.12186403365374132,54530,97980,0.02576035925699122,LA,10.906506287920108,11.492518655192566,4,TRUE
22059,"LaSalle Parish, Louisiana",13978,0.12732312212054714,0.9774645872084704,0.01645442838746601,0,0.02253541279152959,51141,14950,0.01598662207357859,LA,10.842341802819034,9.612466578818832,1,FALSE
22061,"Lincoln Parish, Louisiana",44509,0.26505897016239677,0.9549529308679144,0.02033296636635287,0.00927902222022512,0.04504706913208567,36496,47118,0.03885988369625196,LA,10.50495794452417,10.76041037260293,3,TRUE
22063,"Livingston Parish, Louisiana",130995,0.2524547108594989,0.9542654299782436,0.0270162983319974,0.0056414366960571,0.04573457002175651,67365,140524,0.02471463949218639,LA,11.117880874189948,11.853133571673457,2,FALSE
22065,"Madison Parish, Louisiana",10322,0.17737299964814052,0.9676419298585546,0.01831040496027901,0.00106568494477814,0.03235807014144543,32585,11137,0.00817096165933375,LA,10.39160733876648,9.3180281773931,2,FALSE
22067,"Morehouse Parish, Louisiana",23499,0.06149447535818478,0.9917017745435976,0.00361717519894463,0.00302140516617728,0.00829822545640235,33780,25189,0.00730477589423954,LA,10.427624190361792,10.134162670265685,1,FALSE
22069,"Natchitoches Parish, Louisiana",36027,0.1284557506722359,0.9794598495572764,0.00968717906014933,5.551392011546895e-4,0.0205401504427235,30625,38505,0.00908972860667445,LA,10.329571947847027,10.558543381973353,1,FALSE
22071,"Orleans Parish, Louisiana",368304,0.44299847833499895,0.9144538207567662,0.03941309353143055,0.02222077414309917,0.08554617924323382,43258,391249,0.05447426063708789,LA,10.674937466353247,12.87709946492269,3,TRUE
22073,"Ouachita Parish, Louisiana",144126,0.1860684133603528,0.9708796469755632,0.01323841638566254,0.00654982445915379,0.02912035302443694,44934,154679,0.01931742511911765,LA,10.712950025477422,11.94910728074042,2,FALSE
22075,"Plaquemines Parish, Louisiana",21774,0.4819341521133704,0.9051621199595848,0.0300358225406448,0.03435289795168549,0.09483788004041516,65234,23305,0.04368161338768504,LA,11.085736084387904,10.05642320880684,4,TRUE
22077,"Pointe Coupee Parish, Louisiana",20585,0.18362648905392484,0.9658974981782852,0.01603109059995142,0.00204032062181199,0.03410250182171481,44201,21883,0.01389206233149019,LA,10.69650269224425,9.99346535865436,2,FALSE
22079,"Rapides Parish, Louisiana",121556,0.30569551392201877,0.9460001974398632,0.02560959557734706,0.00779064793181743,0.05399980256013692,48013,130376,0.02482818923728293,LA,10.779227086554634,11.778177862455824,3,TRUE
22081,"Red River Parish, Louisiana",8067,0.04338972917669942,0.9935539853725052,0.00347093095326639,0,0.00644601462749472,33817,8462,9.454029780193808e-4,LA,10.42871891360972,9.043340831280013,1,FALSE
22083,"Richland Parish, Louisiana",18995,0.160568143429679,0.970939720979205,0.01937351934719663,0.00326401684653856,0.029060279020795,40491,20251,0.00548121080440472,LA,10.608835006177392,9.915959454031448,1,FALSE
22085,"Sabine Parish, Louisiana",22534,0.13189188484131067,0.9798526670808556,0.0080323067364870809,0.00275139788763646,0.02014733291914439,39755,23915,0.00681580597951076,LA,10.590490898335585,10.082261156114397,1,FALSE
22087,"St. Bernard Parish, Louisiana",43344,0.45800570100731663,0.904577334809893,0.05437892211148025,0.01778792912513843,0.095422665190107,47873,46694,0.04765066175525764,LA,10.77630695015341,10.751370955745385,4,TRUE
22089,"St. Charles Parish, Louisiana",49628,0.3458977832227615,0.9279842024663496,0.04922624324977835,0.006689771902958,0.0720157975336504,68113,52856,0.03657106099591342,LA,11.128923369660887,10.87532651370972,3,TRUE
22091,"St. Helena Parish, Louisiana",9660,0.1998034591786857,0.9628364389233954,0.0248447204968944,0.00320910973084886,0.03716356107660457,45063,10227,0.01877383396890583,LA,10.715816789666164,9.232786560806012,2,FALSE
22093,"St. James Parish, Louisiana",19913,0.14787369430251684,0.9732837844624116,0.01215286496258725,9.541505549138752e-4,0.02671621553758851,53209,21142,0.01054772490776653,LA,10.88198283395394,9.959016862328609,1,FALSE
22095,"St. John the Baptist Parish, Louisiana",40283,0.3416578409534444,0.9300449321053548,0.04721594717374575,0.00486557604945014,0.06995506789464534,55429,43055,0.0439437928231332,LA,10.922858201478968,10.670233647130264,3,TRUE
22097,"St. Landry Parish, Louisiana",76631,0.32460284052266186,0.9230729078310344,0.01041354021218566,4.8283331810885935e-4,0.07692709216896554,40859,82786,0.0091440581740874,LA,10.617882394259103,11.324014243951751,3,TRUE
22099,"St. Martin Parish, Louisiana",50049,0.48912724974057914,0.8629742852005035,0.01922116326000519,0.00503506563567703,0.13702571479949657,48884,53607,0.01725520920775272,LA,10.797205423557893,10.88943493554677,4,TRUE
22101,"St. Mary Parish, Louisiana",46603,0.38491171280313274,0.9177091603544836,0.04868785271334464,0.01248846640774199,0.08229083964551642,40218,50020,0.03982407037185126,LA,10.602069935586012,10.82017820443161,3,TRUE
22103,"St. Tammany Parish, Louisiana",243012,0.3508429750402999,0.931361414251148,0.04240119829473442,0.00850575280233074,0.06863858574885195,70730,258447,0.04280568162911544,LA,11.166625090030037,12.46244592289576,3,TRUE
22105,"Tangipahoa Parish, Louisiana",124141,0.2494071114162506,0.9532950435392014,0.031585052480647,0.00550180842751387,0.04670495646079864,48745,133753,0.02263874455152408,LA,10.794357907063372,11.803750094413248,2,FALSE
22109,"Terrebonne Parish, Louisiana",103588,0.3900879369850518,0.9186295709927792,0.02883538633818589,0.00845657798200563,0.08137042900722091,52224,111297,0.02863509348859358,LA,10.863297438323778,11.619957582722469,3,TRUE
22111,"Union Parish, Louisiana",20965,0.14076954325811436,0.972000953970904,0.02480324350107321,2.8619127116622943e-4,0.02799904602909608,45094,22270,0.01953300404131118,LA,10.716504478946458,10.010995760251411,1,FALSE
22113,"Vermilion Parish, Louisiana",55805,0.5414192952781167,0.8613027506495834,0.01994444942209479,0.0187617596989517,0.1386972493504166,52219,59787,0.02515597036144981,LA,10.863201692318707,10.99854352500146,4,TRUE
22115,"Vernon Parish, Louisiana",45314,0.42242989158724575,0.9167586176457608,0.04583572405878978,0.01663944917685483,0.08324138235423928,50267,49315,0.03583088309844875,LA,10.825104077165632,10.805983573388094,3,TRUE
22117,"Washington Parish, Louisiana",43357,0.2040859781573704,0.9645731946398506,0.01992757801508407,0.00274465484235532,0.03542680536014941,39185,46325,0.01185105234754452,LA,10.576049299486964,10.74343705115356,2,FALSE
22119,"Webster Parish, Louisiana",36499,0.11938394826661558,0.9808487903778186,0.0108496123181457,9.58930381654292e-4,0.01915120962218142,30324,38813,0.01136217246798753,LA,10.319694757176194,10.566510521040522,1,FALSE
22121,"West Baton Rouge Parish, Louisiana",24614,0.12844561787012432,0.9776549930933616,0.01251320386771756,0,0.02234500690663854,67813,26395,0.00443265770032203,LA,11.124509195961624,10.180929877257716,1,FALSE
22123,"West Carroll Parish, Louisiana",10370,0.2238731437011703,0.950337512054002,0.04185149469623915,0,0.04966248794599803,42545,10934,0.01490762758368392,LA,10.658317618283656,9.299632479454944,2,FALSE
22125,"West Feliciana Parish, Louisiana",14802,0.1858756690875385,0.9677746250506688,0.01418727199027158,0.00648561005269558,0.0322253749493312,59688,15441,0.02609934589728644,LA,10.99688627415135,9.644781588320864,2,FALSE
22127,"Winn Parish, Louisiana",13396,0.1036321456351202,0.9832785906240668,0.0111227232009555,5.225440429979098e-4,0.01672140937593314,37764,14165,0.01101306036004235,LA,10.539111546852409,9.558529412264615,1,FALSE
23001,"Androscoggin County, Maine",101558,0.4343152711447602,0.9056105870537032,0.01106756730144351,0.00455897122826365,0.09438941294629666,55002,107958,0.0351525593286278,ME,10.91512482718983,11.589497541580574,3,TRUE
23003,"Aroostook County, Maine",64118,0.50525279597726,0.8594934339810973,0.00639446021398047,0.00318163386256589,0.14050656601890266,43791,67431,0.04005576070353398,ME,10.687183595798688,11.118860131812935,4,TRUE
23005,"Cumberland County, Maine",280348,0.4074214855235914,0.9294912037895758,0.01180318746700529,0.01321215061280979,0.07050879621042416,76014,294520,0.06010797229390194,ME,11.238672812830108,12.593102191482654,3,TRUE
23007,"Franklin County, Maine",28551,0.15521036825307535,0.9756926202234598,0.00854611046898532,0.00374767959090749,0.02430737977654018,51630,29933,0.01797347409213911,ME,10.851858177873694,10.306716829702715,1,FALSE
23009,"Hancock County, Maine",52503,0.20143673004846455,0.9689541550006666,0.00605679675447117,0.00801858941393825,0.03104584499933338,58345,54832,0.03264517070323898,ME,10.974128944240208,10.91202924411439,2,FALSE
23011,"Kennebec County, Maine",116350,0.2668420986099122,0.9545251396648043,0.00796733992264718,0.00796733992264718,0.04547486033519554,55368,122158,0.02278197089015864,ME,10.9217570885217,11.713070567787309,3,TRUE
23013,"Knox County, Maine",38149,0.2535431534677519,0.9563553435214552,0.01764135363967601,0.00511153634433405,0.04364465647854465,57794,39809,0.02589866613077444,ME,10.964640243043856,10.591848296362112,2,FALSE
23015,"Lincoln County, Maine",32977,0.1841315381363728,0.9719804712375292,0.00579191557752372,0.00482154228704854,0.02801952876247082,58125,34415,0.02368153421473194,ME,10.970351142889658,10.446247794832464,2,FALSE
23017,"Oxford County, Maine",55180,0.16647729117971957,0.9737042406669084,0.0042406669083001,0.00387821674519753,0.02629575933309169,49761,57741,0.01603713132782598,ME,10.814986823674152,10.963722772083234,1,FALSE
23019,"Penobscot County, Maine",144657,0.2589509548212694,0.9577967191356104,0.00844065617287791,0.00528145889932737,0.04220328086438951,52128,151696,0.02864281193966881,ME,10.861457511401772,11.92963379715774,2,FALSE
23021,"Piscataquis County, Maine",16113,0.2061102643679361,0.9665487494569602,0.0088748215726432,0.00856451312604729,0.03345125054303977,42083,16864,0.02069497153700189,ME,10.647399137646048,9.73293645134109,2,FALSE
23023,"Sagadahoc County, Maine",33863,0.23791336475602412,0.9606650326314856,0.0085048578094085,0.00986327259841124,0.03933496736851427,68039,35720,0.03460246360582306,ME,11.127836349164872,10.483466034990435,2,FALSE
23025,"Somerset County, Maine",48220,0.18338474922949047,0.9692866030692658,0.00754873496474491,0.00306926586478639,0.03071339693073416,45382,50573,0.01720285527850829,ME,10.722870829641217,10.831173116024155,2,FALSE
23027,"Waldo County, Maine",37901,0.25393497677860066,0.9554893010738504,0.0073612833434474,0.0037729875201182,0.04451069892614967,58034,39723,0.02142335674546233,ME,10.968784324672963,10.589685644007869,2,FALSE
23029,"Washington County, Maine",29865,0.31048840294243585,0.943110664657626,0.01523522517997656,0.00341536916122551,0.05688933534237406,44847,31378,0.03747848811269042,ME,10.711011975617623,10.3538622893929,3,TRUE
23031,"York County, Maine",196484,0.36042788375529494,0.9322031310437492,0.00830093035565236,0.00670792532725311,0.06779686895625092,68932,206074,0.03508448421440841,ME,11.140875790401468,12.235990606567446,3,TRUE
24001,"Allegany County, Maryland",67810,0.22700374526871,0.9633682347736322,0.01661996755640761,0.0068131544020056,0.03663176522636779,49449,71002,0.01970367031914594,MD,10.808697114399466,11.170463324640798,2,FALSE
24003,"Anne Arundel County, Maryland",540192,0.579948600987595,0.8832526212902079,0.05506375510929447,0.02558719862567383,0.11674737870979213,103225,575421,0.08647060152479663,MD,11.54466635075429,13.262857225783971,4,TRUE
24005,"Baltimore County, Maryland",779232,0.7156100436180451,0.8544964785840418,0.04264840252967024,0.02739235555008008,0.14550352141595824,78724,828193,0.1226996605863609,MD,11.273703343443328,13.627001497993168,4,TRUE
24009,"Calvert County, Maryland",87254,0.2600060727670787,0.955050771311344,0.02183280995713663,0.0090769477617072,0.04494922868865614,112696,92094,0.03297717549460334,MD,11.632449206940144,11.430565073541462,2,FALSE
24011,"Caroline County, Maryland",31242,0.3796933819579059,0.915594392164394,0.06161577363805134,0.00304077843928045,0.08440560783560591,59042,33260,0.0634996993385448,MD,10.98600433403935,10.41211075274692,3,TRUE
24013,"Carroll County, Maryland",159154,0.3056934327974872,0.9477927039219876,0.0207974666046722,0.00967616271033087,0.05220729607801244,99569,168233,0.04109181908424625,MD,11.508606150146,12.033105202283206,3,TRUE
24015,"Cecil County, Maryland",97046,0.347624107252061,0.9380912144756096,0.03019186777404529,0.0133235785091606,0.0619087855243905,79415,102889,0.03926561634382684,MD,11.282442546269255,11.54140601620512,3,TRUE
24017,"Charles County, Maryland",151862,0.44135681070482174,0.9167533681895405,0.03842304197231697,0.01932017226165861,0.08324663181045955,103678,161448,0.06453471086665676,MD,11.549045221276588,11.991938388373551,3,TRUE
24019,"Dorchester County, Maryland",30205,0.3060387715962763,0.9374606853170004,0.04582022843900017,0.00748220493295812,0.06253931468299956,52799,31994,0.04069513033693817,MD,10.87424753012106,10.373303664201542,3,TRUE
24021,"Frederick County, Maryland",240849,0.6753195210950772,0.8558848074934918,0.07034698088844048,0.02654360200789706,0.14411519250650817,100685,255955,0.11022250004883671,MD,11.519752110312506,12.452756926760363,4,TRUE
24023,"Garrett County, Maryland",27716,0.15220282717851982,0.9751767931880502,0.00656660412757973,0.00324722182133063,0.02482320681194982,54542,29155,0.01097581889898816,MD,10.90672632606094,10.280381703656255,1,FALSE
24025,"Harford County, Maryland",239558,0.4099152060484757,0.9267943462543518,0.02773023651892234,0.01403000525968659,0.07320565374564825,94003,253736,0.04765583125768515,MD,11.45108197563649,12.444049635402289,3,TRUE
24027,"Howard County, Maryland",303341,1.1296580473945534,0.741152696140647,0.0482691096818432,0.11057852383950736,0.25884730385935295,124042,322407,0.21154317369039757,MD,11.72837549691542,12.683570001537714,4,TRUE
24029,"Kent County, Maryland",18683,0.30204508894108617,0.9430498313975272,0.0315795107852058,0.00877803350639618,0.05695016860247282,60208,19456,0.04903371710526316,MD,11.00556051283322,9.875910784765894,3,TRUE
24031,"Montgomery County, Maryland",982321,1.4694511680013087,0.591355575214212,0.16804181117984854,0.09163094344923912,0.408644424785788,111812,1047661,0.322361909052642,MD,11.624574168469136,13.862070618251916,4,TRUE
24033,"Prince George's County, Maryland",850822,0.9778141010244826,0.7222368486005298,0.1694925613112966,0.02658722976133668,0.27776315139947017,86994,910551,0.22981469461897247,MD,11.37359442974125,13.721805189760692,4,TRUE
24035,"Queen Anne's County, Maryland",47632,0.29157907864492044,0.9469474302989588,0.02949697682230433,0.01114796775277124,0.05305256970104133,96467,50163,0.04297988557303191,MD,11.47695625993046,10.823032982130778,3,TRUE
24037,"St. Mary's County, Maryland",105994,0.38608050747271694,0.928741249504689,0.0302658641055154,0.0178783704738004,0.07125875049531105,95864,113182,0.05181919386474881,MD,11.470685799362352,11.636752421506989,3,TRUE
24039,"Somerset County, Maryland",24478,0.27055570868309325,0.9528147724487296,0.01691314649889697,0.0047389492605605,0.04718522755127052,44980,25699,0.0370442429666524,MD,10.713973225513309,10.15420735962044,3,TRUE
24041,"Talbot County, Maryland",35566,0.37578591151129104,0.9207107912050836,0.05159421919811055,0.00461114547601641,0.07928920879491652,73102,37087,0.06778655593604228,MD,11.19961100514472,10.521021782876922,3,TRUE
24043,"Washington County, Maryland",141998,0.38325865357319033,0.9263158636037128,0.04147241510443809,0.00952830321553824,0.07368413639628724,63510,150575,0.04980906524987547,MD,11.05895265279702,11.922216577911922,3,TRUE
24045,"Wicomico County, Maryland",96960,0.5445084937023469,0.8911200495049505,0.04334777227722772,0.01556311881188118,0.1088799504950495,60366,103222,0.08179457867508864,MD,11.008181311520106,11.544637287604909,4,TRUE
24047,"Worcester County, Maryland",49768,0.3708428852074124,0.9328685098858704,0.02549831216846166,0.0100868027648288,0.06713149011412956,65396,51967,0.05184059114438009,MD,11.088216373495303,10.85836418072537,3,TRUE
24510,"Baltimore city, Maryland",564323,0.5151117271636036,0.901184250863424,0.0407975574272181,0.01489926868123397,0.09881574913657608,52164,602274,0.08066096162211883,MD,10.862147880776792,13.308467770243505,4,TRUE
25001,"Barnstable County, Massachusetts",205701,0.48040791966036767,0.9058828104870662,0.02082148360970535,0.00651917102979567,0.0941171895129338,76863,213505,0.08423690311702302,MA,11.249779895363352,12.271415530580338,4,TRUE
25003,"Berkshire County, Massachusetts",120668,0.41322460702955965,0.9250174031226174,0.0297427652733119,0.01030099114926906,0.07498259687738262,62166,125927,0.05619922653600896,MA,11.037563505479806,11.743457652957453,3,TRUE
25005,"Bristol County, Massachusetts",533762,0.7945254300076504,0.7878811155533739,0.05604370487220896,0.01259550136577725,0.21211888444662608,71450,563301,0.1277913584389163,MA,11.176753183358011,13.241569400134203,4,TRUE
25007,"Dukes County, Massachusetts",16807,0.4888953299280101,0.8818944487415957,0.02022966621050752,0.00559290771702267,0.11810555125840427,77318,17430,0.123407917383821,MA,11.255682066459013,9.765948138514066,4,TRUE
25009,"Essex County, Massachusetts",742990,0.923718944410004,0.7327406829163245,0.1768570236476938,0.02110930160567437,0.26725931708367545,82225,787038,0.17491531539773175,MA,11.317214671057258,13.576031810859034,4,TRUE
25011,"Franklin County, Massachusetts",67559,0.3574958181397976,0.9368403913616248,0.02175875901064255,0.01064254947527346,0.06315960863837533,61198,70529,0.04687433537977286,MA,11.02186978822786,11.163779251737894,3,TRUE
25013,"Hampden County, Massachusetts",441084,0.8837521083019314,0.7425320347144762,0.1776350989834136,0.01554805887313981,0.25746796528552385,57623,466647,0.08758440534279659,MA,10.961677072538292,13.053328362172198,4,TRUE
25015,"Hampshire County, Massachusetts",155937,0.641964758318687,0.8733975900523929,0.03663017757171165,0.03191032275854992,0.12660240994760708,73518,161361,0.0877225599742193,MA,11.205285553177502,11.991399369931647,4,TRUE
25017,"Middlesex County, Massachusetts",1520322,1.1147039309091935,0.7338425675613456,0.05831462019230137,0.07389750329206576,0.2661574324386544,106202,1605899,0.21251523290069924,MA,11.57309822000436,14.289194282345608,4,TRUE
25019,"Nantucket County, Massachusetts",10731,0.7610974418469423,0.7984344422700587,0.1278538812785388,0.02068772714565278,0.20156555772994136,112306,11212,0.15617195861576882,MA,11.6289825676163,9.32473991228468,4,TRUE
25021,"Norfolk County, Massachusetts",666270,1.0027594369835473,0.7781980278265568,0.03105948039083254,0.08276374442793463,0.2218019721734432,105320,703740,0.18522749879216757,MA,11.564758613610246,13.464164248743606,4,TRUE
25023,"Plymouth County, Massachusetts",491218,0.6043880387242844,0.8648848372820215,0.0267539055979219,0.00801069993363435,0.13511516271797852,92906,518597,0.09746681912930465,MA,11.43934350829226,13.158882367264724,4,TRUE
25025,"Suffolk County, Massachusetts",759586,1.3479494584290093,0.6053271124007025,0.1934343181680547,0.06743541876759182,0.39467288759929753,74881,801162,0.2965130647734166,MA,11.223655465763157,13.593818452792302,4,TRUE
25027,"Worcester County, Massachusetts",782338,0.8638175669671553,0.79984098944446,0.0866965429264589,0.03118473089636449,0.20015901055553997,77155,826655,0.12366948727098973,MA,11.253571664505303,13.625142716470242,4,TRUE
26001,"Alcona County, Michigan",10075,0.12229318771858766,0.9808436724565756,0.0119106699751861,0.00287841191066997,0.01915632754342433,43341,10396,0.01721816083108888,MI,10.676854348197493,9.24917639576138,1,FALSE
26003,"Alger County, Michigan",8815,0.1262564926440356,0.9781055019852524,0.01418037436188315,4.53771979580261e-4,0.02189449801474763,45184,9098,0.01879533963508463,MI,10.718498320852914,9.115809888129949,1,FALSE
26005,"Allegan County, Michigan",109887,0.30396983196101707,0.935324469682492,0.0487864806574026,0.00358550146969159,0.06467553031750795,65071,117104,0.0342259871567154,MI,11.083234260436102,11.670817707841008,3,TRUE
26007,"Alpena County, Michigan",27094,0.18781444133582015,0.9705100760315936,0.00527792131099136,0.00453975049826529,0.02948992396840633,42603,28431,0.01343603812739615,MI,10.659679952313123,10.255235378138304,2,FALSE
26009,"Antrim County, Michigan",22265,0.13049487491571388,0.9793846844823716,0.01163260723108017,0.00197619582304064,0.02061531551762852,57256,23301,0.01853997682502897,MI,10.955287719418433,10.056251557087757,1,FALSE
26011,"Arenac County, Michigan",14326,0.10354009616785152,0.9843640932570152,0.00893480385313416,0.00209409465307831,0.01563590674298476,45679,15013,0.01012455871577965,MI,10.729393952671709,9.616671771412303,1,FALSE
26013,"Baraga County, Michigan",7995,0.14555869808561206,0.976360225140713,0.00725453408380237,0.00312695434646654,0.02363977485928703,46581,8337,0.01163488065251289,MI,10.74894801164928,9.028458718410612,1,FALSE
26015,"Barry County, Michigan",57727,0.18905688380146068,0.9685415836610252,0.01572920816948741,0.00329135413238172,0.03145841633897484,65557,61045,0.02373658776312556,MI,11.090675272201246,11.019366576102955,2,FALSE
26017,"Bay County, Michigan",98434,0.1428103450970856,0.9787674990348864,0.0085133185687872,0.00224515919296178,0.02123250096511364,48290,103506,0.01220219117732305,MI,10.784979778867587,11.5473848610218,1,FALSE
26019,"Benzie County, Michigan",16890,0.2227151071431481,0.9619301361752516,0.01580817051509769,0.00201302545885139,0.03806986382474842,64257,17703,0.01858442071965203,MI,11.070645946239251,9.78148939572528,2,FALSE
26021,"Berrien County, Michigan",145027,0.3938997955679259,0.9257241754983556,0.0382066787563695,0.0114806208499107,0.0742758245016445,52500,153797,0.0507812246012601,MI,10.868568448579715,11.943388830011685,3,TRUE
26023,"Branch County, Michigan",40786,0.417790337368094,0.9141372039425292,0.03162849997548178,0.00380032364046486,0.08586279605747071,52782,43428,0.04190844616376531,MI,10.873925502480729,10.678859673351743,3,TRUE
26025,"Calhoun County, Michigan",125771,0.36435934191617586,0.9332039977419276,0.03040446525828688,0.01897098695247712,0.06679600225807225,50219,133943,0.03976318284643468,MI,10.824148720127818,11.805169615301905,3,TRUE
26027,"Cass County, Michigan",49071,0.19473009892774937,0.9678628925434576,0.01717918933789814,0.00546147419045872,0.03213710745654252,57514,51613,0.01675934357623079,MI,10.95978367541029,10.851528857723103,2,FALSE
26029,"Charlevoix County, Michigan",25094,0.1856508418409372,0.9717860843229458,0.00729257989957758,0.00302861241731091,0.02821391567705422,60433,26197,0.01786464098942627,MI,11.00929059233982,10.173400179376332,2,FALSE
26031,"Cheboygan County, Michigan",24430,0.2141968641057202,0.9652476463364716,0.01432664756446991,0.00151453131395824,0.03475235366352847,49624,25435,0.01474346373107922,MI,10.812229866652954,10.143881457256866,2,FALSE
26033,"Chippewa County, Michigan",35632,0.2237863525737002,0.965676919622811,0.00839133363268971,0.00707229456668163,0.03432308037718901,50454,37418,0.03476936233898124,MI,10.828817309060954,10.529907151045364,2,FALSE
26035,"Clare County, Michigan",28992,0.2574013116494694,0.9436051324503312,0.00324227373068432,0.00110375275938189,0.05639486754966882,41163,30655,0.01089544935573316,MI,10.625295073589283,10.330551060196788,2,FALSE
26037,"Clinton County, Michigan",74562,0.24259786637145092,0.9599393793084948,0.01732786137710898,0.00993803814275368,0.04006062069150507,72490,78957,0.0301809845865471,MI,11.191203900294925,11.276658679464605,2,FALSE
26039,"Crawford County, Michigan",13210,0.1195607386230374,0.9825132475397428,0.00507191521574564,0.0040121120363361,0.01748675246025732,49987,13904,0.01395281933256616,MI,10.819518250604425,9.539931847505173,1,FALSE
26041,"Delta County, Michigan",34140,0.1064035869992424,0.9851200937316932,0.00503807850029291,0.00298769771528998,0.01487990626830693,47008,35874,0.0091152366616491,MI,10.758073078973604,10.48776807810896,1,FALSE
26043,"Dickinson County, Michigan",24089,0.13154342728370405,0.9817344015940884,0.00278135248453651,0.00394370874673087,0.01826559840591146,51704,25373,0.01257241950104441,MI,10.853290426942731,10.141440895503818,1,FALSE
26045,"Eaton County, Michigan",103733,0.3771992034464715,0.93261546470265,0.0258644789989685,0.01114399467864614,0.06738453529734989,67440,109730,0.04321516449466873,MI,11.118993592675738,11.605778081984845,3,TRUE
26047,"Emmet County, Michigan",31571,0.20821029049485995,0.9671850749105192,0.00969243926388141,0.00348421019289854,0.0328149250894808,55947,33175,0.01829691032403918,MI,10.932160092999556,10.409551859200407,2,FALSE
26049,"Genesee County, Michigan",382809,0.2389555087135588,0.9614585863968717,0.01427343662244095,0.00617017886204347,0.03854141360312846,50269,406770,0.02738156697888241,MI,10.825143863908693,12.916003194124464,2,FALSE
26051,"Gladwin County, Michigan",23943,0.18419776717895453,0.9646660819446184,0.00484483982792465,5.847220481978031e-4,0.03533391805538155,45957,25312,0.01272123893805309,MI,10.735461455680806,10.13903387056738,2,FALSE
26053,"Gogebic County, Michigan",14153,0.1588851754288451,0.9757648555076662,0.00812548576273581,0.00402741468239949,0.02423514449233377,38625,14715,0.01107713217804961,MI,10.561655014200047,9.596622660667574,1,FALSE
26055,"Grand Traverse County, Michigan",88094,0.2075311797306971,0.9663200672009444,0.01445047335800395,0.00401843485367902,0.03367993279905557,66457,92640,0.02409326424870466,MI,11.104310400955953,11.43647629280682,2,FALSE
26057,"Gratiot County, Michigan",38926,0.2041976918381604,0.9652931202795046,0.01929301752042336,0.00431588141602014,0.03470687972049535,49795,40692,0.01022313968347586,MI,10.81566985636574,10.61378679191364,2,FALSE
26059,"Hillsdale County, Michigan",43002,0.2209259039352931,0.962187805218362,0.01079019580484628,0.00251151109250732,0.03781219478163811,51535,45707,0.01253637298444439,MI,10.850016467470892,10.730006738019052,2,FALSE
26061,"Houghton County, Michigan",34043,0.4018006622055087,0.930529036806392,0.01174984578327409,0.02035660781952237,0.06947096319360813,44839,35890,0.05151852883811646,MI,10.71083357542091,10.488213984141654,3,TRUE
26063,"Huron County, Michigan",29592,0.2192337782885171,0.9621519329548528,0.01564612057312787,0.00395377128953771,0.03784806704514731,49541,31105,0.01446712747146761,MI,10.81055588854814,10.34512385694912,2,FALSE
26065,"Ingham County, Michigan",274787,0.6666053069408535,0.871092882851081,0.03242147554287503,0.04558803727978398,0.128907117148919,55253,290923,0.09614915286862846,MI,10.919677916548416,12.580813906328602,4,TRUE
26067,"Ionia County, Michigan",60694,0.1748992509444224,0.97007941476917,0.01952417042870794,0.00329521863775661,0.02992058523083007,60139,64401,0.01624198382012701,MI,11.004413828535968,11.072884439922198,2,FALSE
26069,"Iosco County, Michigan",24015,0.22111138251527623,0.961857172600458,0.02140328961066,0.00387257963772642,0.038142827399542,42628,25213,0.02229008844643636,MI,10.660266593340848,10.135115013498648,2,FALSE
26071,"Iron County, Michigan",10639,0.11733155667050524,0.9827991352570732,0.00704953473070777,0.0035717642635586,0.01720086474292692,44183,11099,0.01135237408775565,MI,10.696095378697706,9.31461029315198,1,FALSE
26073,"Isabella County, Michigan",67111,0.3077861160629909,0.9481605101995202,0.01482618348705875,0.01023677191518529,0.05183948980047981,46783,70363,0.02856614982306041,MI,10.753275168052005,11.161422835804949,3,TRUE
26075,"Jackson County, Michigan",149236,0.20553510021101631,0.9678763837143852,0.01322737141172371,0.006486370580825,0.03212361628561477,54511,158174,0.02019295206544691,MI,10.906157795147806,11.971450971883517,2,FALSE
26077,"Kalamazoo County, Michigan",248569,0.41534903807620394,0.9258596204675564,0.02701060872433811,0.01274495210585391,0.07414037953244368,58836,264322,0.05506541264064285,MI,10.982509191439233,12.48492333587208,3,TRUE
26079,"Kalkaska County, Michigan",16782,0.11140210587317612,0.9825408175426052,0.01060660231200095,0.00101299010844952,0.01745918245739486,49402,17725,0.0092524682651622,MI,10.807746188186444,9.782731351400328,1,FALSE
26081,"Kent County, Michigan",609056,0.5730652219426874,0.8770589239741502,0.07079480376188725,0.01871256501865181,0.1229410760258498,65722,652617,0.0826549109201875,MI,11.093189003824492,13.388745712449635,4,TRUE
26085,"Lake County, Michigan",11301,0.1617151428447529,0.9740730908769136,0.01247677196708256,0.00415892398902752,0.02592690912308648,38356,11805,0.01033460398136382,MI,10.554666248273572,9.376278449519614,1,FALSE
26087,"Lapeer County, Michigan",83679,0.23293487269516233,0.9564406840425912,0.02926660213434673,0.00378828618888849,0.04355931595740869,65197,87975,0.02502983802216538,MI,11.085168734586208,11.384807962189786,2,FALSE
26089,"Leelanau County, Michigan",20796,0.24540708454640403,0.9544143104443162,0.02880361608001538,0.00110598191959992,0.04558568955568376,67330,21649,0.02706822486027068,MI,11.117361181539328,9.98271454298743,2,FALSE
26091,"Lenawee County, Michigan",92995,0.25009620721317677,0.952233991074789,0.03264691650088714,0.00266681004355072,0.04776600892521099,57314,98310,0.02105584375953616,MI,10.956300200957314,11.49588103036097,2,FALSE
26093,"Livingston County, Michigan",181220,0.20502586036370776,0.96817128352279,0.01073281094801898,0.0049718574108818,0.03182871647720997,84274,190832,0.02965959587490567,MI,11.341828674116702,12.15914873881845,2,FALSE
26095,"Luce County, Michigan",6024,0.2535651439375567,0.9550132802124834,0.02124833997343957,0.00431606905710491,0.04498671978751656,50000,6286,0.01765828825962456,MI,10.819778284410283,8.746080217357513,2,FALSE
26097,"Mackinac County, Michigan",10379,0.28626966570571,0.9494170922054148,0.0097311879757202,0.00539551016475575,0.05058290779458518,50058,10781,0.03496892681569428,MI,10.82093761213013,9.285540604539118,3,TRUE
26099,"Macomb County, Michigan",823121,0.7172993074147527,0.8519828797953156,0.01455193100406866,0.01902271962445375,0.14801712020468438,64641,870893,0.11456516472172816,MI,11.076604163372345,13.67727440098634,4,TRUE
26101,"Manistee County, Michigan",23622,0.2321374893715633,0.9594022521378376,0.01439336212005757,0.00122766912200491,0.04059774786216241,51658,24539,0.01695260605566649,MI,10.85240035122754,10.108018967638357,2,FALSE
26103,"Marquette County, Michigan",63302,0.1847860146358515,0.972149379166535,0.0077722662791065,0.004312659947553,0.02785062083346501,54585,66403,0.02161046940650271,MI,10.907514398714367,11.1034975151668,2,FALSE
26105,"Mason County, Michigan",27573,0.18587208169814448,0.9666702934029666,0.02277590396402277,0.00272005222500272,0.03332970659703338,51568,29062,0.02119606358819076,MI,10.85065660405522,10.27718675788064,2,FALSE
26107,"Mecosta County, Michigan",41361,0.2194245937642184,0.9626701482072484,0.01085563695268489,0.00618940547859094,0.03732985179275161,45797,43481,0.01471907269842,MI,10.731973865773508,10.680079340050709,2,FALSE
26109,"Menominee County, Michigan",21872,0.1681956365639053,0.9742136064374542,0.00662948061448427,0.00283467446964155,0.02578639356254575,48548,22902,0.0127499781678456,MI,10.790308278226252,10.038979521973284,2,FALSE
26111,"Midland County, Michigan",78838,0.25724964651929777,0.9590172251959714,0.00928486262969634,0.01383850427458839,0.04098277480402856,64078,83445,0.03442986398226377,MI,11.0678563702689,11.331943011177504,2,FALSE
26113,"Missaukee County, Michigan",14125,0.14795597495958537,0.9743716814159292,0.01699115044247787,7.787610619469027e-4,0.02562831858407077,47370,15075,0.01432835820895522,MI,10.765744395917798,9.620793021595386,1,FALSE
26115,"Monroe County, Michigan",142161,0.2078233081981795,0.9677267323668236,0.01174724432157905,0.0043823552169723,0.0322732676331765,65453,150000,0.02396666666666666,MI,11.089087606804007,11.918390573078392,2,FALSE
26117,"Montcalm County, Michigan",59907,0.1943752853655032,0.9659472181881916,0.01751047456891515,0.00215333767339376,0.03405278181180826,52390,63516,0.01361861578185024,MI,10.866471012402265,11.059047121645987,2,FALSE
26119,"Montmorency County, Michigan",8939,0.11120455645062197,0.9840026848640788,0.00458664280120818,0.00402729611813402,0.01599731513592128,42160,9270,0.00765911542610571,MI,10.649227183215244,9.1345386585599,1,FALSE
26121,"Muskegon County, Michigan",163185,0.20605280676256224,0.9638814842050434,0.02369703097711186,0.00364616845911082,0.03611851579495662,53478,173679,0.02005423799077608,MI,10.887025633358771,12.06496404682026,2,FALSE
26123,"Newaygo County, Michigan",45905,0.2803319688218403,0.944232654394946,0.03672802526957847,0.00246160548959808,0.05576734560505392,51470,48687,0.02072421796372748,MI,10.8487543926468,10.793167332983993,3,TRUE
26125,"Oakland County, Michigan",1187452,0.7647403401312295,0.8468527569956512,0.02650886098974948,0.04509487541391147,0.1531472430043488,81587,1255340,0.13018544776713878,MI,11.30942521453493,14.04291701019148,4,TRUE
26127,"Oceana County, Michigan",25089,0.4294392723885949,0.8779544820439237,0.1089322013631472,8.768783132049903e-4,0.12204551795607632,51161,26545,0.05507628555283481,MI,10.842732802022468,10.186596685017772,3,TRUE
26129,"Ogemaw County, Michigan",19974,0.14816423907943957,0.9772704515870632,0.00866125963752878,0.00125162711524982,0.02272954841293684,41752,20895,0.01167743479301268,MI,10.639502633323248,9.947265174882016,1,FALSE
26131,"Ontonagon County, Michigan",5657,0.10307055930660464,0.9844440516174652,0.00194449354781686,0,0.01555594838253493,41776,5802,0.01533953809031368,MI,10.64007729093891,8.665957964681349,1,FALSE
26133,"Osceola County, Michigan",22003,0.21871478137895525,0.9581875198836524,0.0070899422805981,0.00295414261691587,0.04181248011634775,46969,23323,0.01119067015392531,MI,10.757243088609178,10.057195277130344,2,FALSE
26135,"Oscoda County, Michigan",7840,0.33886527434710484,0.9207908163265306,0.01313775510204081,0.00140306122448979,0.07920918367346941,43457,8282,0.0082105771552765,MI,10.679527222435633,9.021839764105511,3,TRUE
26137,"Otsego County, Michigan",23320,0.13389568861905465,0.980917667238422,0.00364493996569468,0.00334476843910806,0.019082332761578,55917,24613,0.01673912160240523,MI,10.931623727399913,10.111030037621688,1,FALSE
26139,"Ottawa County, Michigan",271484,0.39160129687083345,0.9179583327194236,0.05495351475593405,0.01578361892413549,0.08204166728057638,72418,289162,0.05086076317081774,MI,11.19021016625781,12.574742363676288,3,TRUE
26141,"Presque Isle County, Michigan",12197,0.26149842167035664,0.9540050832171846,0.01033040911699598,0.00508321718455357,0.04599491678281542,48734,12687,0.01229605107590446,MI,10.794132217426698,9.448333126140598,2,FALSE
26143,"Roscommon County, Michigan",23008,0.1300675461954336,0.9811804589707928,0.00595445062586926,0.00143428372739916,0.01881954102920724,41828,23863,0.01667853999916188,MI,10.64132125071848,10.080084421193217,1,FALSE
26145,"Saginaw County, Michigan",180077,0.25399370816389816,0.9571183438195884,0.01963049140090072,0.00605851941114078,0.04288165618041173,49565,191166,0.0241622464245734,MI,10.811040218466998,12.160897439519044,2,FALSE
26147,"St. Clair County, Michigan",151250,0.1807559177850493,0.9722247933884296,0.01120661157024793,0.00267107438016528,0.02777520661157029,58722,159285,0.02245032488934928,MI,10.980569722653874,11.978450329506057,2,FALSE
26149,"St. Joseph County, Michigan",56870,0.4691447261859069,0.8871285387726393,0.06235273430631264,0.00221557939159486,0.11287146122736068,53253,60789,0.03490763131487604,MI,10.882809420012912,11.01516413053344,4,TRUE
26151,"Sanilac County, Michigan",39047,0.255506195656184,0.9514431326350296,0.01902835044945834,0.00184393167208748,0.04855686736497044,49852,41179,0.01848029335340829,MI,10.816813894946268,10.625683696654097,2,FALSE
26153,"Schoolcraft County, Michigan",7711,0.1371210534756683,0.9789910517442616,0.00817014654389832,0.00531707949682272,0.02100894825573851,48443,8031,0.00759556717718839,MI,10.788143128036667,8.991064332188461,1,FALSE
26155,"Shiawassee County, Michigan",64600,0.1189896126002622,0.9825851393188856,0.00756965944272445,0.00273993808049535,0.01741486068111453,56436,68176,0.00932879605726355,MI,10.940862531733048,11.129847875739694,1,FALSE
26157,"Tuscola County, Michigan",50008,0.1318821375072564,0.9791433370660694,0.00937849944008958,0.0016597344424892,0.02085666293393062,51891,52683,0.00764952641269479,MI,10.856900643712033,10.872048101843964,1,FALSE
26159,"Van Buren County, Michigan",70794,0.38241799260892245,0.9065175014831766,0.07750656835325027,0.00611633754272961,0.09348249851682344,56652,75416,0.05085127824334359,MI,10.944682570334288,11.230774733075986,3,TRUE
26161,"Washtenaw County, Michigan",350408,0.7416113634169065,0.8505456496427022,0.02782756101458871,0.05650270541768452,0.14945435035729782,75730,368385,0.12595789730852233,MI,11.234929662107868,12.816883865921968,4,TRUE
26163,"Wayne County, Michigan",1637982,0.6672094969069516,0.8532987541987641,0.04078860451457952,0.01253066273011547,0.1467012458012359,49359,1753059,0.09133463277619291,MI,10.80687539905476,14.376872819925708,4,TRUE
26165,"Wexford County, Michigan",31413,0.14565692054327434,0.9776525642250024,0.0037564065832617,0.00232387864896698,0.02234743577499764,50335,33433,0.01196422696138545,MI,10.826455939163523,10.417298715142485,1,FALSE
27001,"Aitkin County, Minnesota",15269,0.1627405258448928,0.9757024035627744,0.00451895998428187,0.00288165564215076,0.02429759643722573,49086,15826,0.01010994565904208,MN,10.801329140741752,9.669409436169138,1,FALSE
27003,"Anoka County, Minnesota",331699,0.5865050702563724,0.8857156639001021,0.03220389570062014,0.02919514379000238,0.11428433609989784,84379,353775,0.08684050597130945,MN,11.343073834458544,12.776416396820572,4,TRUE
27005,"Becker County, Minnesota",32055,0.18489078336924344,0.9703634378412104,0.00711277491810949,0.00517859928248323,0.02963656215878962,60508,34227,0.01235866421246384,MN,11.01053086668209,10.44077008526448,2,FALSE
27007,"Beltrami County, Minnesota",43567,0.26375339633160966,0.9526246930015838,0.00874515114650997,0.00465948998094888,0.04737530699841619,50525,46784,0.01692886456908345,MN,10.830223542271822,10.75329654310945,2,FALSE
27009,"Benton County, Minnesota",37670,0.2958536692155291,0.9492965224316432,0.01600743297053358,0.00530926466684364,0.0507034775683568,60564,40476,0.04153078367427611,MN,11.011455936128264,10.60846448484965,3,TRUE
27013,"Blue Earth County, Minnesota",63700,0.4022184978197425,0.92574568288854,0.02538461538461538,0.01246467817896389,0.07425431711146002,61058,67368,0.05366049162807267,MN,11.019579511084885,11.117925406709828,3,TRUE
27015,"Brown County, Minnesota",23690,0.2227931009004226,0.9566905867454624,0.03001266357112705,0.0022794428028704,0.04330941325453774,59804,25076,0.0252033817195725,MN,10.998827827333818,10.12966649239386,2,FALSE
27017,"Carlton County, Minnesota",33830,0.22879522326816248,0.962134200413834,0.01149866981968666,0.00384274312740171,0.03786579958616609,66201,35709,0.01431011789744882,MN,11.10045084755119,10.48315803683599,2,FALSE
27019,"Carver County, Minnesota",96915,0.39794795305709146,0.9270907496259608,0.02867461177320332,0.02346386008357839,0.07290925037403906,104011,103561,0.05084925792528075,MN,11.552251941761108,11.547916090056782,3,TRUE
27021,"Cass County, Minnesota",27875,0.1778329394122394,0.9719103139013452,0.00376681614349775,0.00423318385650224,0.02808968609865469,53845,29462,0.010657796483606,MN,10.89386482776298,10.290856576374884,2,FALSE
27023,"Chippewa County, Minnesota",11080,0.3837742120862042,0.913086642599278,0.05974729241877256,0.01859205776173285,0.08691335740072204,57301,11876,0.06348939036712697,MN,10.956073354557526,9.382274835883653,3,TRUE
27025,"Chisago County, Minnesota",52681,0.17312554683240727,0.9714887720430516,0.01552741975285207,0.00820029991837664,0.02851122795694838,86900,55844,0.02093331423250483,MN,11.372513311253485,10.930317368108538,2,FALSE
27027,"Clay County, Minnesota",59456,0.4194668317142733,0.9259788751345532,0.01628094725511302,0.01253027448869752,0.07402112486544676,66069,64029,0.04616658076808946,MN,11.098454929447,11.067091384711675,3,TRUE
27029,"Clearwater County, Minnesota",8330,0.2521031821523427,0.954501800720288,0.00792316926770708,0.00312124849939976,0.04549819927971188,51742,8872,0.01082055906221821,MN,10.854025109805466,9.090655529030204,2,FALSE
27031,"Cook County, Minnesota",5150,0.3777990792749239,0.9304854368932038,0.02349514563106796,0.00485436893203883,0.06951456310679616,59537,5402,0.05553498704183635,MN,10.994353247005408,8.59452453435256,3,TRUE
27033,"Cottonwood County, Minnesota",10517,0.4628586325539269,0.8960730246267947,0.0558143957402301,0.034610630407911,0.10392697537320528,51067,11279,0.06365812572036528,MN,10.840893775014358,9.330697868639916,4,TRUE
27035,"Crow Wing County, Minnesota",61222,0.14256805888360174,0.9793374930580512,0.00529221521675214,0.00476952729410996,0.02066250694194893,57779,64775,0.01258201466615206,MN,10.964380666843804,11.078675005430313,1,FALSE
27037,"Dakota County, Minnesota",397803,0.6472746699808994,0.8685304032397946,0.04928067410250802,0.03068855689876647,0.13146959676020542,88468,425271,0.0988663699147132,MN,11.390396183688612,12.96048189175487,4,TRUE
27039,"Dodge County, Minnesota",19508,0.2900326851028789,0.9382304695509536,0.04695509534549928,0.00835554644248513,0.06176953044904654,79020,20807,0.03220070168693228,MN,11.277456263965382,9.943044747534582,3,TRUE
27041,"Douglas County, Minnesota",35686,0.1349736224425515,0.979683909656448,0.00832259149246203,0.00568850529619458,0.02031609034355208,65430,37820,0.0115018508725542,MN,11.088736147863784,10.540593342212448,1,FALSE
27043,"Faribault County, Minnesota",12911,0.2166554231863856,0.954612346061498,0.03857176051429014,0.00302068004027573,0.04538765393850208,53963,13727,0.01996066147009543,MN,10.896053905514576,9.52711997525166,2,FALSE
27045,"Fillmore County, Minnesota",19693,0.283019893196041,0.9418067333570304,0.01046056974559488,0.00218351698573097,0.05819326664296953,64375,21031,0.01630925776235081,MN,11.072480637966038,9.95375281868368,3,TRUE
27047,"Freeborn County, Minnesota",28737,0.408025622739711,0.9035041932004036,0.06736959320736333,0.02321049518042941,0.09649580679959636,54628,30465,0.05619563433448219,MN,10.908301850798315,10.324333762682596,3,TRUE
27049,"Goodhue County, Minnesota",43710,0.22012028645409928,0.9599862731640356,0.02679020819034545,0.00473575840768702,0.04001372683596427,69334,46330,0.02572846967407727,MN,11.146690685353732,10.743544978410696,2,FALSE
27051,"Grant County, Minnesota",5625,0.07904246389614482,0.9870222222222222,0.00586666666666666,0,0.01297777777777775,59246,5962,0.00922509225092251,MN,10.989453546169914,8.693161274238017,1,FALSE
27053,"Hennepin County, Minnesota",1174886,0.827414433635918,0.8185585665332636,0.05492703121834799,0.04872813192088424,0.18144143346673636,81169,1255296,0.1384215356378097,MN,11.304288679856738,14.042881959311938,4,TRUE
27055,"Houston County, Minnesota",17593,0.1681299109278463,0.9725458989370772,0.01233445120218268,0.00329676575910873,0.02745410106292278,59514,18670,0.00835565077664702,MN,10.99396685797405,9.834673236535767,2,FALSE
27057,"Hubbard County, Minnesota",20165,0.18746352646377837,0.9697991569551204,0.01324076369947929,0.00312422514257376,0.03020084304487969,58475,21287,0.01418706252642457,MN,10.97635459145238,9.965851836732678,2,FALSE
27059,"Isanti County, Minnesota",37672,0.19754885955919205,0.9680664684646422,0.01279464854533871,0.00836164790826077,0.03193353153535783,76999,40004,0.02144785521447855,MN,11.251547713738502,10.596734728096406,2,FALSE
27061,"Itasca County, Minnesota",42850,0.16158629661350948,0.9750991831971996,0.00833138856476079,0.00168028004667444,0.02490081680280043,55744,45180,0.00973882248782647,MN,10.928525060212175,10.718409790021994,1,FALSE
27063,"Jackson County, Minnesota",9320,0.31228975302287465,0.9456008583690988,0.01791845493562231,0.01888412017167382,0.05439914163090131,62479,9873,0.03747594449508761,MN,11.042585779263844,9.19755903761145,3,TRUE
27065,"Kanabec County, Minnesota",15374,0.1690652473783344,0.9726161051125276,0.00656953297775465,0.00546377000130089,0.02738389488747239,57877,16205,0.01086084541808084,MN,10.96607534802687,9.693075115575647,2,FALSE
27067,"Kandiyohi County, Minnesota",40032,0.5280158859254389,0.873576139088729,0.07943645083932854,0.00721922462030375,0.126423860911271,64252,42909,0.07898109953622783,MN,11.070568130677657,10.66683687312301,4,TRUE
27071,"Koochiching County, Minnesota",11863,0.21368128368800135,0.9639214363988872,0.01087414650594284,0.00328753266458737,0.03607856360111272,52297,12355,0.05123431808984217,MN,10.864694287031115,9.42181611842271,2,FALSE
27073,"Lac qui Parle County, Minnesota",6337,0.2481999561154511,0.9570774814581032,0.01972542212403345,0.00725895534164431,0.04292251854189677,57802,6645,0.02332580887885628,MN,10.964778656137955,8.801619971147346,2,FALSE
27075,"Lake County, Minnesota",10092,0.114628362805183,0.9832540626238604,0.0036662703131193,0.0028735632183908,0.01674593737613949,65201,10571,0.01144640998959417,MN,11.08523008522044,9.265869681768663,1,FALSE
27079,"Le Sueur County, Minnesota",26709,0.2778467742329415,0.9407690291661986,0.04728743120296529,0.00258339885431876,0.05923097083380135,75925,28425,0.0222339489885664,MN,11.237501289913949,10.255024318618736,3,TRUE
27081,"Lincoln County, Minnesota",5296,0.0908884811443765,0.9865936555891238,0.00604229607250755,7.552870090634441e-4,0.01340634441087618,53557,5641,0.0102818649175678,MN,10.888501786287163,8.637816633739977,1,FALSE
27083,"Lyon County, Minnesota",23828,0.4865857890607505,0.8940322309887527,0.04687762296457948,0.03588215544737284,0.10596776901124728,57274,25696,0.07351338729763388,MN,10.955602047544655,10.154090616746489,4,TRUE
27085,"McLeod County, Minnesota",33726,0.2713751857539053,0.9448793215916504,0.04005811540058116,0.00560398505603985,0.05512067840834966,62885,35788,0.03093215602995417,MN,11.049062940481257,10.485367920667487,3,TRUE
27087,"Mahnomen County, Minnesota",5037,0.37924072620481697,0.9156243795910264,0.0045662100456621,0.0015882469724042,0.08437562040897362,45398,5508,0.0065359477124183,MN,10.723223330195648,8.613956859848546,3,TRUE
27089,"Marshall County, Minnesota",8765,0.22166260048534284,0.9579007415858528,0.02989161437535653,0.00239589275527666,0.04209925841414719,60951,9353,0.01496845931786592,MN,11.01782554166572,9.143452426434552,2,FALSE
27091,"Martin County, Minnesota",18620,0.22081476082779655,0.9571428571428572,0.0313641245972073,0.00268528464017185,0.04285714285714281,53851,19737,0.01545320970765567,MN,10.893976252514248,9.890250325754108,2,FALSE
27093,"Meeker County, Minnesota",21736,0.17582891924398272,0.9677033492822966,0.02369341185130659,0.00179425837320574,0.03229665071770338,63841,23149,0.01490345155298285,MN,11.06415089616141,10.049706862037104,2,FALSE
27095,"Mille Lacs County, Minnesota",24324,0.1988794568472182,0.9667817793126132,0.00929123499424436,0.00361782601545798,0.03321822068738689,57173,25963,0.01324962446558564,MN,10.953837037955587,10.164427726544904,2,FALSE
27097,"Morrison County, Minnesota",31121,0.17322235530091573,0.9708235596542528,0.01638764821181838,0.00311686642460075,0.02917644034574729,58826,33119,0.01334581358132793,MN,10.982339213026084,10.407862414806656,2,FALSE
27099,"Mower County, Minnesota",37297,0.7149334468643466,0.8261522374453709,0.09735367455827548,0.03871625063678044,0.17384776255462908,55378,39931,0.1088377451103153,MN,10.9219376819522,10.594908243570371,4,TRUE
27101,"Murray County, Minnesota",7808,0.27216180068143586,0.946593237704918,0.03253073770491803,0.01267930327868852,0.05340676229508201,62839,8247,0.03116284709591366,MN,11.048331178812001,9.017604776833355,3,TRUE
27103,"Nicollet County, Minnesota",32155,0.29694072783612446,0.9475353755248016,0.02553257658218006,0.00914321256414243,0.05246462447519828,69174,34176,0.04233965355805243,MN,11.14438034846101,10.439278922319868,3,TRUE
27105,"Nobles County, Minnesota",19798,0.9128453082833502,0.682644711587029,0.2294171128396808,0.0612688150318214,0.317355288412971,56000,21667,0.2095352379194166,MN,10.933106969717286,9.983545644706709,4,TRUE
27107,"Norman County, Minnesota",6107,0.2539975796906357,0.9572621581791388,0.01670214507941706,0.00769608645816276,0.04273784182086126,56081,6466,0.01531085678935972,MN,10.934552353218534,8.774312958285378,2,FALSE
27109,"Olmsted County, Minnesota",145726,0.7122800468642678,0.8571908924968777,0.03546381565403565,0.03960171829323525,0.14280910750312226,80403,156446,0.1080500620022244,MN,11.294806767903763,11.96046618149629,4,TRUE
27111,"Otter Tail County, Minnesota",55013,0.25274388392622776,0.9556832021522186,0.02148583062185301,0.00421718502899314,0.04431679784778142,59456,58416,0.02617433579841139,MN,10.99299182217351,10.975345103895418,2,FALSE
27113,"Pennington County, Minnesota",13159,0.26761165276899207,0.9512880918002888,0.02933353598297743,0.00797932973630215,0.04871190819971127,60940,14110,0.02260807937632884,MN,11.0176450525397,9.55463904484686,3,TRUE
27115,"Pine County, Minnesota",27863,0.24077507551354976,0.9594085346157988,0.01805261457847324,0.0051681441337975,0.04059146538420122,55606,29254,0.01251110959185068,MN,10.926046388085478,10.283771595447034,2,FALSE
27117,"Pipestone County, Minnesota",8553,0.35473506863748705,0.9233017654624108,0.047351806383725,0.00818426283175494,0.07669823453758917,53688,9163,0.06253410455091127,MN,10.890944791838075,9.122928914965213,3,TRUE
27119,"Polk County, Minnesota",29211,0.3637540891234477,0.936291123207011,0.01951319708329054,0.00694943685597891,0.06370887679298898,58682,31384,0.03632424165179709,MN,10.979888314839018,10.354053487889388,3,TRUE
27121,"Pope County, Minnesota",10517,0.16844355447295095,0.973091185699344,0.00865265760197775,0.00694114291147665,0.02690881430065606,62878,11107,0.01485549653371747,MN,11.048951619981471,9.31533081916712,2,FALSE
27123,"Ramsey County, Minnesota",508875,0.942319820329412,0.7672237779415377,0.05278899533284205,0.1132557111274871,0.23277622205846227,67238,546598,0.1574831960599929,MN,11.115993842880304,13.211468893486607,4,TRUE
27127,"Redwood County, Minnesota",14257,0.2357661715670806,0.9596689345584624,0.01164340324051343,0.01725468191064038,0.04033106544153753,57243,15193,0.02507733824787731,MN,10.95506064319845,9.628590074443766,2,FALSE
27129,"Renville County, Minnesota",13701,0.30702383514161613,0.9259908035909789,0.06393693890956864,0.00357638128603751,0.07400919640902126,58542,14572,0.02916552292066978,MN,10.977499724336004,9.586857158128456,3,TRUE
27131,"Rice County, Minnesota",62771,0.5808290437976369,0.8704178681238152,0.0677223558649695,0.01863918051329435,0.12958213187618484,70600,66549,0.07565853731836691,MN,11.164785423481334,11.105693797414345,4,TRUE
27133,"Rock County, Minnesota",8821,0.1820374631283284,0.9681442013377168,0.01768506971998639,0.0035143407776896,0.03185579866228316,65744,9386,0.02482420626464947,MN,11.093523691123192,9.146974496354362,2,FALSE
27135,"Roseau County, Minnesota",14383,0.227890664096538,0.9641243134255718,0.00514496280330946,0.01661683932420218,0.03587568657442819,62304,15259,0.04207353037551609,MN,11.039780908171926,9.632924771891735,2,FALSE
27137,"St. Louis County, Minnesota",189486,0.2210708878449717,0.9652428147725952,0.01092428992115512,0.00535131883094265,0.03475718522740467,57480,199499,0.02286728254276963,MN,10.959192340192962,12.203564502768163,2,FALSE
27139,"Scott County, Minnesota",137271,0.6251897911430169,0.8739209301309089,0.04065680296639494,0.03557197077314218,0.12607906986909112,103261,147201,0.09566511097071352,MN,11.545015042678823,11.8995542787321,4,TRUE
27141,"Sherburne County, Minnesota",89570,0.27040638598265304,0.9531986156079044,0.01613263369431729,0.00655353354917941,0.04680138439209558,88671,96015,0.03566109462063219,MN,11.392688170081971,11.472259708244213,3,TRUE
27143,"Sibley County, Minnesota",14018,0.3757025739223288,0.9082608075331716,0.07561706377514624,0.00292481095734056,0.09173919246682838,64170,14871,0.04881985071615897,MN,11.069291090744562,9.607168286688683,3,TRUE
27145,"Stearns County, Minnesota",149559,0.4972731342456136,0.9014770090733424,0.02873782253157616,0.01616753254568431,0.09852299092665771,65244,159788,0.06282699576939445,MN,11.08588936693392,11.981603215627292,4,TRUE
27147,"Steele County, Minnesota",34481,0.3518911145147485,0.9265392535019286,0.04480728517154375,0.00455323221484295,0.07346074649807144,68172,36710,0.04649959139199128,MN,11.129789202345128,10.51080447649088,3,TRUE
27149,"Stevens County, Minnesota",9228,0.4062134896196402,0.91048981361075,0.05667533593411356,0.02340702210663199,0.08951018638925012,65503,9770,0.06151484135107472,MN,11.089851222101204,9.187071745036828,3,TRUE
27151,"Swift County, Minnesota",8781,0.2943872365807914,0.9416922901719622,0.03382302699009224,0.01002163762669399,0.05830770982803779,53457,9329,0.0317290170436274,MN,10.886632871395523,9.140883106960962,3,TRUE
27153,"Todd County, Minnesota",22943,0.4884507188165761,0.8807043542692761,0.05749030205291374,0.0026151767423615,0.11929564573072392,54502,24603,0.0320286143966183,MN,10.905992677225717,10.11062366570452,4,TRUE
27157,"Wabasha County, Minnesota",20391,0.1974581961418068,0.9644450983276937,0.02388308567505272,0.00289343337747045,0.03555490167230646,67906,21564,0.01776108328695974,MN,11.125879674885814,9.97878053657156,2,FALSE
27159,"Wadena County, Minnesota",12729,0.1700204326037612,0.9713253201351244,0.00447796370492576,0.00212114070233325,0.02867467986487548,46178,13681,0.01783495358526423,MN,10.74025877317895,9.523763287920112,2,FALSE
27161,"Waseca County, Minnesota",17581,0.25182565338899887,0.9494909277060464,0.03708549001763267,0.00750810534099311,0.05050907229395374,60450,18658,0.03285453960767499,MN,11.00957185604294,9.834030287520909,2,FALSE
27163,"Washington County, Minnesota",243753,0.5204062847711142,0.9013796753270727,0.02814324336520986,0.03778415034891878,0.09862032467292714,97584,259072,0.06900398344861661,MN,11.488468824536238,12.464861294326973,4,TRUE
27165,"Watonwan County, Minnesota",10108,0.6337573878024606,0.7770083102493075,0.19717055797388208,0.01197071626434507,0.2229916897506925,53304,10903,0.13143171604145648,MN,10.883766654242374,9.296793259706382,4,TRUE
27167,"Wilkin County, Minnesota",5882,0.13331825500284342,0.9777286637198233,0.01292077524651479,3.4002040122407346e-4,0.02227133628017685,56829,6264,0.01149425287356321,MN,10.947802037796388,8.74257423767064,1,FALSE
27169,"Winona County, Minnesota",48322,0.32385313450439007,0.9435039940399818,0.01800422167956624,0.01688671826497247,0.05649600596001825,60020,50744,0.0341124073782122,MN,11.002433118994356,10.834548663313733,3,TRUE
27171,"Wright County, Minnesota",126932,0.24844922088700652,0.9578593262534272,0.02111366716036933,0.00815397220559039,0.04214067374657293,87772,136387,0.02825049308218525,MN,11.38249782215576,11.823251711931524,2,FALSE
27173,"Yellow Medicine County, Minnesota",9174,0.19938495322964944,0.9616306954436452,0.02779594506213211,6.540222367560496e-4,0.0383693045563549,59289,9775,0.02158567774936061,MN,10.990179070308544,9.187583384853566,2,FALSE
28001,"Adams County, Mississippi",29228,0.4228031575526694,0.8811071575201861,0.10736280279184345,0.00143697824004379,0.11889284247981392,30633,31103,0.08558659936340546,MS,10.329833138223648,10.345059556537576,3,TRUE
28003,"Alcorn County, Mississippi",34922,0.13695325305644504,0.974600538342592,0.02124735123990607,0.00171811465551801,0.02539946165740791,40938,37058,0.01292568406282044,MS,10.619814006043478,10.52023953184236,1,FALSE
28005,"Amite County, Mississippi",11683,0.06963335645523552,0.9898142600359496,0.00547804502268253,0.00188307797654711,0.01018573996405036,30805,12341,0.00534802690219593,MS,10.33543229344867,9.420682331453184,1,FALSE
28007,"Attala County, Mississippi",17126,0.1105084998149152,0.97932967417961,0.01833469578418778,7.006890108606797e-4,0.02067032582039008,35631,18308,0.00830238147258029,MS,10.48097132444235,9.815093401773533,1,FALSE
28009,"Benton County, Mississippi",7991,0.27523538966347066,0.9410586910274058,0.02189963709172819,0,0.0589413089725942,39758,8275,0.05425981873111783,MS,10.590566357694469,9.020994200245264,3,TRUE
28011,"Bolivar County, Mississippi",29127,0.15648680704875145,0.971538435128918,0.02190407525663473,0.00336457582311944,0.02846156487108186,32412,31253,0.01993408632771254,MS,10.386284003580617,10.349870650556843,1,FALSE
28013,"Calhoun County, Mississippi",13676,0.24203769488548615,0.9409183971921614,0.05469435507458321,7.312079555425563e-4,0.05908160280783858,40345,14417,0.03336339044183949,MS,10.605222750282609,9.576163344811905,2,FALSE
28015,"Carroll County, Mississippi",9530,-0,1,0,0,0,46729,9972,0,MS,10.752120235936289,9.207536444643448,1,FALSE
28017,"Chickasaw County, Mississippi",15833,0.1436803748229195,0.9692414577148992,0.02943219857260153,8.842291416661403e-4,0.03075854228510077,35592,17060,0.01623681125439624,MS,10.479876172485875,9.74449182104567,1,FALSE
28019,"Choctaw County, Mississippi",7864,0.00803605855965259,0.9991098677517802,3.814852492370295e-4,1.271617497456765e-4,8.90132248219766e-4,36648,8206,8.530343650987082e-4,MS,10.50911413556658,9.012620873002133,1,FALSE
28021,"Claiborne County, Mississippi",8517,0.11349036494285893,0.9815662792062932,0.00387460373370905,0,0.01843372079370675,32268,9042,0.0068568900685689,MS,10.381831306056863,9.109635667854551,1,FALSE
28023,"Clarke County, Mississippi",14698,0.03613162945070625,0.9949653014015511,0.00326575044223703,0,0.00503469859844873,38631,15612,0.00371509095567512,MS,10.561810341941891,9.655795128300506,1,FALSE
28025,"Clay County, Mississippi",18508,0.06709902536784454,0.990328506591744,0.00221525826669548,0.00140479792522152,0.0096714934082559,33209,19515,0.00789136561619267,MS,10.41057620250521,9.878938679614716,1,FALSE
28027,"Coahoma County, Mississippi",20892,0.1061999293085254,0.9843002106069308,0.00665326440742868,0.00177101282787669,0.01569978939306915,30761,22685,0.00506942913819704,MS,10.334002932844076,10.029459192098065,1,FALSE
28029,"Copiah County, Mississippi",26574,0.12192187346788194,0.9770828629487468,0.01968089109656054,0,0.02291713705125309,44252,28339,0.01220932284131409,MS,10.6976558471548,10.25199422680701,1,FALSE
28031,"Covington County, Mississippi",17572,0.1003158090563822,0.9836671978147052,0.01069883906214432,2.845435920783064e-4,0.01633280218529476,32917,18810,0.00861244019138756,MS,10.401744520626265,9.842143922295076,1,FALSE
28033,"DeSoto County, Mississippi",171228,0.3020627564587348,0.9410960824164272,0.04001097951269652,0.00985820076155769,0.05890391758357283,69990,182256,0.03890132560793609,MS,11.156107653683586,12.113167571139693,3,TRUE
28035,"Forrest County, Mississippi",70101,0.20401348300690753,0.9642658449950784,0.02192550748206159,0.00529236387498038,0.0357341550049215,42298,75162,0.0248662888161571,MS,10.652495082592695,11.227401063072248,2,FALSE
28037,"Franklin County, Mississippi",7287,0.04426020743287137,0.9938246191848498,5.489227391244682e-4,0,0.00617538081515023,39066,7716,0.00596163815448418,MS,10.573007802464916,8.951051374025619,1,FALSE
28039,"George County, Mississippi",22253,0.19340834604048537,0.9645441064126186,0.02264863164517143,0.00961668089695771,0.03545589358738144,47044,24098,0.01904722383600298,MS,10.758838612970926,10.089884128483222,2,FALSE
28041,"Greene County, Mississippi",12838,0.06557099552820463,0.9890948745910578,0.00965882536220595,7.789375292101573e-5,0.01090512540894217,47033,13619,0.012188853807181141,MS,10.758604761975464,9.519221155568957,1,FALSE
28043,"Grenada County, Mississippi",19602,0.12493527315415004,0.980104071013162,0.00372410978471584,0.00270380573410876,0.01989592898683812,39952,20927,0.00683327758398241,MS,10.595434012519554,9.94879547024067,1,FALSE
28045,"Hancock County, Mississippi",44655,0.1944847423766708,0.9687381032359198,0.01177919605867204,0.01056992498040533,0.0312618967640802,54860,47339,0.02479984790553243,MS,10.912539764491594,10.765089759059482,2,FALSE
28047,"Harrison County, Mississippi",192704,0.35878687845233925,0.9339660826967784,0.03419752573895716,0.01749315011624045,0.0660339173032215,48547,206169,0.0411846591873657,MS,10.790287679843225,12.236451499786648,3,TRUE
28049,"Hinds County, Mississippi",220434,0.16410879318732613,0.9733434951051108,0.01504305143489661,0.0035475471116071,0.02665650489488913,45380,235604,0.01556849629038556,MS,10.722826758333833,12.369907708544138,1,FALSE
28051,"Holmes County, Mississippi",16252,0.05942163008627078,0.9912626138321438,0.00326113709081959,2.461235540241201e-4,0.00873738616785624,24074,17414,0.00235442747214884,MS,10.08888769893968,9.76502975938856,1,FALSE
28053,"Humphreys County, Mississippi",7728,0.04734877450615485,0.9927536231884058,0.00582298136645962,0.00142339544513457,0.00724637681159423,28628,8198,0.00878262990973408,MS,10.262140538858487,9.011645501064285,1,FALSE
28057,"Itawamba County, Mississippi",22129,0.08302146283278024,0.9860364227936192,0.01084549685932486,0,0.01396357720638075,47649,23396,5.983928876731065e-4,MS,10.771616922503265,10.060320346562916,1,FALSE
28059,"Jackson County, Mississippi",134658,0.32578248865674986,0.9337358344843976,0.04456474921653373,0.01521632580314574,0.06626416551560244,53726,142872,0.03400246374377064,MS,10.891652334646002,11.869704403501336,3,TRUE
28061,"Jasper County, Mississippi",15448,0.03576759803687783,0.9950802692905232,3.236664940445365e-4,6.47332988089073e-4,0.00491973070947693,37877,16454,0.00218791783153032,MS,10.542099346698048,9.708323887728875,1,FALSE
28063,"Jefferson County, Mississippi",6699,0.1113541077227655,0.9819376026272578,0.01000149276011345,0.00507538438572921,0.01806239737274218,29524,7129,0.01557020620002805,MS,10.292958770889944,8.871926251117628,1,FALSE
28065,"Jefferson Davis County, Mississippi",10568,0.05192470378355627,0.9926192278576836,0.00425813777441332,0,0.00738077214231647,32214,11182,0.00500804864961545,MS,10.380156419650625,9.32206062158659,1,FALSE
28067,"Jones County, Mississippi",63595,0.2114634457983477,0.9563644940639988,0.03611919176035852,0.00242157402311502,0.04363550593600129,43391,68307,0.02396533298197842,MS,10.678007325311796,11.131767529326275,2,FALSE
28069,"Kemper County, Mississippi",9391,0.0901262163123026,0.984453199872218,0.00266212330955169,0,0.01554680012778186,30735,9829,0.00152609624580323,MS,10.33315734934111,9.19309247856663,1,FALSE
28071,"Lafayette County, Mississippi",51287,0.2971772974828089,0.949148907130462,0.01758730282527736,0.01585197028486751,0.05085109286953804,53318,54059,0.03751456741708134,MS,10.884029264211806,10.897831321694126,3,TRUE
28073,"Lamar County, Mississippi",58674,0.24295300097278025,0.9580734226403518,0.01997477588028769,0.01177693697378736,0.04192657735964822,61649,62693,0.02328808638923005,MS,11.029212287860773,11.046005077645276,2,FALSE
28075,"Lauderdale County, Mississippi",70939,0.1777111890593037,0.970989159700588,0.01578821240784336,0.00366512073753506,0.02901084029941214,42922,75557,0.0173114337520018,MS,10.667139793981429,11.232642617280389,2,FALSE
28077,"Lawrence County, Mississippi",11813,0.13826447623629914,0.9759586895792772,0.01718445780072801,0.0022856175399983,0.02404131042072288,36239,12595,0.00595474394601032,MS,10.497891165957215,9.441055188786711,1,FALSE
28079,"Leake County, Mississippi",21457,0.3122853585559461,0.9285081791489956,0.04641841823181246,0,0.07149182085100436,36708,22791,0.01693651002588741,MS,10.510749993938903,10.034121000171332,3,TRUE
28081,"Lee County, Mississippi",79544,0.1979274846444271,0.9672885447048176,0.01717288544704817,0.01044704817459519,0.03271145529518249,55861,85304,0.01843993247678889,MS,10.930621741236532,11.353976625698015,2,FALSE
28083,"Leflore County, Mississippi",26430,0.13741991708465037,0.9750662126371548,0.01925841846386682,0.00510783200908059,0.02493378736284524,30077,28764,0.01380197469058545,MS,10.311516039047453,10.266879884222384,1,FALSE
28085,"Lincoln County, Mississippi",32129,0.09680323511392806,0.9857760901366368,0.00569578885119362,0.00270783404401008,0.0142239098633633,41355,34197,0.00827557972921601,MS,10.629948612126007,10.439893199904889,1,FALSE
28087,"Lowndes County, Mississippi",54987,0.18729789732457672,0.9706839798497828,0.01405786822339825,0.00787458853910924,0.02931602015021728,48170,58896,0.02669111654441728,MS,10.782491699624266,10.983528455618805,2,FALSE
28089,"Madison County, Mississippi",98814,0.33704944025417233,0.937782095654462,0.02676746210051207,0.00863238002712166,0.06221790434553809,71621,105482,0.04167535693293642,MS,11.179143606035232,11.56629560122793,3,TRUE
28091,"Marion County, Mississippi",23362,0.13370308768079742,0.9762434723054532,0.01784949918671346,0.00329595068915332,0.02375652769454672,31629,24785,0.01287068791607827,MS,10.36182970024506,10.117993910454674,1,FALSE
28093,"Marshall County, Mississippi",33419,0.2485323415643544,0.9409318052604806,0.05377180645740447,0,0.05906819473951941,43411,35502,0.0159145963607684,MS,10.678468144195092,10.47734431190475,2,FALSE
28095,"Monroe County, Mississippi",33531,0.0929505854002144,0.9847603709999702,0.01097491873191971,0.00363842414482121,0.01523962900002984,45018,35559,0.00995528558170927,MS,10.714817688773785,10.47894856774761,1,FALSE
28097,"Montgomery County, Mississippi",9334,0.06901836522821256,0.98842939790015,0.00985643882579815,0,0.01157060209985005,38022,9956,0.00763358778625954,MS,10.545920218551572,9.205930663487482,1,FALSE
28099,"Neshoba County, Mississippi",27261,0.40669340471238175,0.8967022486335791,0.01966178790213124,0.00341146693078023,0.10329775136642094,40750,29250,0.0175042735042735,MS,10.61521111866901,10.283634852660002,3,TRUE
28101,"Newton County, Mississippi",19898,0.20104644926365756,0.961202130867424,0.01392099708513418,0.00341742888732535,0.0387978691325761,42176,21215,0.01315107235446618,MS,10.64960661786218,9.962463757636426,2,FALSE
28103,"Noxubee County, Mississippi",9779,0.06732867962616672,0.9888536660190204,0.00848757541670927,0,0.01114633398097963,36958,10566,0.01306076093128904,MS,10.51753741173737,9.26539657772426,1,FALSE
28105,"Oktibbeha County, Mississippi",47092,0.2908853921089074,0.9517540134205386,0.00838783657521447,0.02473880913955661,0.04824598657946144,39490,49593,0.04032827213518036,MS,10.583802754280695,10.811604973721122,3,TRUE
28107,"Panola County, Mississippi",31757,0.0968203432957454,0.9850426677582896,0.00683313915042352,0.00494379191989167,0.01495733224171047,37232,34079,0.01308723847530737,MS,10.524923885542073,10.436436637789742,1,FALSE
28109,"Pearl River County, Mississippi",52411,0.1400929971098537,0.976932323367232,0.0142908931331209,0.00370151304115548,0.02306767663276787,51538,55512,0.01459143968871595,MS,10.850074678641633,10.924354492579385,1,FALSE
28111,"Perry County, Mississippi",11367,0.15993249031805742,0.9734318641682064,0.00651007301838655,0.01319609395618896,0.02656813583179373,47173,11981,0.02061597529421584,MS,10.76157697400153,9.3910773406399,1,FALSE
28113,"Pike County, Mississippi",36759,0.15061104963579153,0.9741559890094944,0.01697543458744797,0.00535923175276803,0.0258440109905057,32726,39365,0.01038994030229899,MS,10.39592514798884,10.580632375618569,1,FALSE
28115,"Pontotoc County, Mississippi",29736,0.27490761014967435,0.9346583266074792,0.05639628732849072,3.362927091740651e-5,0.06534167339252084,48980,31996,0.03356669583697962,MS,10.799167330506158,10.373366173968712,3,TRUE
28117,"Prentiss County, Mississippi",23604,0.23722690983651956,0.9583968818844264,0.01067615658362989,0.02694458566344687,0.0416031181155736,40163,25155,0.02333532100973961,MS,10.600701452770837,10.13281196292542,2,FALSE
28119,"Quitman County, Mississippi",6606,0.03289006858630884,0.995610051468362,0.00196790796245837,0.00136239782016348,0.00438994853163787,24233,7038,0.00298380221653878,MS,10.095470619600714,8.85907931788153,1,FALSE
28121,"Rankin County, Mississippi",145120,0.24288149370814463,0.9579244762954796,0.02407662624035281,0.00826901874310915,0.04207552370452039,68310,154119,0.02678449769334086,MS,11.131811447725894,11.945480310268486,2,FALSE
28123,"Scott County, Mississippi",26271,0.3655458564880938,0.8933805336683035,0.10140459061322372,8.754900841231776e-4,0.1066194663316965,39971,28288,0.05822256787330317,MS,10.595909470156478,10.25019296543737,3,TRUE
28127,"Simpson County, Mississippi",25283,0.0958645876532042,0.9855634220622552,0.00518134715025906,9.888067080647074e-4,0.01443657793774477,43403,26818,0.00686106346483705,MS,10.678283842123475,10.196828582839588,1,FALSE
28129,"Smith County, Mississippi",14988,0.1496426590528997,0.9739124633039764,0.01507872965038697,0.00914064585001334,0.02608753669602348,44714,15919,0.01118160688485457,MS,10.708041930670204,9.675268643355135,1,FALSE
28131,"Stone County, Mississippi",17311,0.14608645051985,0.9742360348911095,0.00854947721102189,0.00103980128242158,0.02576396510889034,47683,18282,0.00694672355322174,MS,10.772330219222972,9.813672248213765,1,FALSE
28133,"Sunflower County, Mississippi",24330,0.08379817835452547,0.9852445540484998,0.01302918207973695,0,0.01475544595150024,31515,25759,0.00512442253193058,MS,10.358218901947213,10.156539359589004,1,FALSE
28135,"Tallahatchie County, Mississippi",13265,0.2283313901358185,0.9527327553712778,0.03844704108556351,0.00535243120995099,0.04726724462872223,30433,14041,0.0200840395983192,MS,10.323282824952448,9.549736900114642,2,FALSE
28137,"Tate County, Mississippi",26712,0.11538364443089268,0.9794100029949088,0.01707097933513027,0.00138514525306978,0.02058999700509134,55738,28419,0.01323058517189204,MS,10.928417419516713,10.254813214543644,1,FALSE
28139,"Tippah County, Mississippi",20574,0.17647881336885374,0.9610673665791776,0.0365023816467386,9.234956741518422e-4,0.03893263342082243,37894,21976,0.02234255551510739,MS,10.542548067192309,9.99770622777511,2,FALSE
28141,"Tishomingo County, Mississippi",18350,0.11474703501273922,0.97716621253406,0.0215258855585831,8.174386920980927e-4,0.02283378746594,38302,19396,0.01526087853165601,MS,10.553257393126504,9.872822138225242,1,FALSE
28143,"Tunica County, Mississippi",8933,0.07595422547350922,0.9874622187395052,0.00705250195902832,0,0.01253778126049476,34485,9807,0.00897318242071989,MS,10.448279725865392,9.19085169539232,1,FALSE
28145,"Union County, Mississippi",26623,0.14672188542446024,0.9664951357848476,0.03350486421515231,0,0.03350486421515231,47317,28578,0.02792357757715725,MS,10.764624917942257,10.260392470028917,1,FALSE
28147,"Walthall County, Mississippi",13593,0.1148255620486566,0.978444787758405,0.01846538659604208,0,0.02155521224159495,33566,14423,0.01130139360743257,MS,10.421268928868123,9.576579433583513,1,FALSE
28149,"Warren County, Mississippi",43086,0.21886689905986215,0.9637933435454672,0.01531820080768695,0.00306364016153739,0.0362066564545328,46909,46030,0.02131218770367152,MS,10.755964833678956,10.737048636811288,2,FALSE
28151,"Washington County, Mississippi",41789,0.1689467208723267,0.9701596113809854,0.01833018258393357,2.8715690732010815e-4,0.02984038861901461,32011,45072,0.00985090521831735,MS,10.373834872713369,10.716016490116154,2,FALSE
28153,"Wayne County, Mississippi",19008,0.15505571077504957,0.9665930134680136,0.03109217171717171,0.00231481481481481,0.03340698653198648,33612,20344,0.01946519858434919,MS,10.42263842504811,9.920541307101956,1,FALSE
28155,"Webster County, Mississippi",9104,0.06897070474808577,0.9889059753954306,0.00823813708260105,0.00285588752196836,0.01109402460456943,52382,9727,0.00442068469209417,MS,10.86631829984518,9.18266080286944,1,FALSE
28157,"Wilkinson County, Mississippi",8185,0.01490393414746572,0.997923029932804,0,0.00207697006719609,0.00207697006719609,30760,8727,0,MS,10.33397042361958,9.074176947163313,1,FALSE
28159,"Winston County, Mississippi",17174,0.0821777323926593,0.9868988005124024,0.0083265401187842,1.164551065564225e-4,0.01310119948759758,38986,18116,0.00546478251269595,MS,10.57095788630609,9.804550804676104,1,FALSE
28161,"Yalobusha County, Mississippi",11516,0.14616884679730183,0.9716915595692948,0.02309829802014588,3.473428273706148e-4,0.02830844043070513,41440,12276,0.00285109156076898,MS,10.632001876933364,9.415401415739629,1,FALSE
28163,"Yazoo County, Mississippi",26721,0.29394898150843174,0.9270236892331872,0.06567867969013136,0,0.07297631076681266,32729,28511,0.03398688225597138,MS,10.396016814019005,10.258045256703726,3,TRUE
29001,"Adair County, Missouri",23925,0.32909448178204986,0.94282131661442,0.00932079414838035,0.01538140020898641,0.05717868338557996,42301,25468,0.04295586618501649,MO,10.652566005416872,10.145178041136916,3,TRUE
29003,"Andrew County, Missouri",16530,0.15959541358364762,0.9725347852389594,0.0147005444646098,0.00453720508166969,0.02746521476104058,58911,17554,0.01583684630283696,MO,10.98378310941834,9.773037123152063,1,FALSE
29005,"Atchison County, Missouri",4921,0.11736985581382568,0.979678927047348,0.00711237553342816,0,0.02032107295265195,51625,5180,0.00463320463320463,MO,10.851761330263336,8.55256033525353,1,FALSE
29007,"Audrain County, Missouri",23731,0.23176293648251292,0.9575660528422738,0.0198895958872361,0.00539378871518267,0.04243394715772619,44699,25336,0.01965582570255762,MO,10.707706408986764,10.139981588218475,2,FALSE
29009,"Barry County, Missouri",33560,0.3857689197727088,0.90992252681764,0.06936829558998808,0.0152264600715137,0.09007747318235992,45811,35615,0.04896813140530675,MO,10.732279515937446,10.480522176412457,3,TRUE
29011,"Barton County, Missouri",11050,0.1389462627760338,0.974841628959276,0.01475113122171945,3.6199095022624434e-4,0.02515837104072393,44510,11732,0.00826798499829526,MO,10.7034691620099,9.37007543009734,1,FALSE
29013,"Bates County, Missouri",15291,0.11471810896028464,0.9830619318553396,0.00542802955987182,0.00150415276960303,0.01693806814466025,46733,16282,0.010563812799410391,MO,10.752205832221462,9.697815482133922,1,FALSE
29015,"Benton County, Missouri",18476,0.16294462176497432,0.9682290539077724,0.00660316085732842,7.577397705130981e-4,0.03177094609222775,41751,19305,0.01056721056721056,MO,10.639478682087963,9.868119408698336,1,FALSE
29017,"Bollinger County, Missouri",11564,0.07703915907927522,0.988239363542027,0.00268073331027326,0,0.01176063645797298,45140,12181,0.00270913718085543,MO,10.717524050371528,9.407632639699958,1,FALSE
29019,"Boone County, Missouri",169314,0.45069414737226154,0.920284205677026,0.02070708860460446,0.03028101633651086,0.07971579432297393,58740,179704,0.06657058273605485,MO,10.980876204752612,12.099066331845004,3,TRUE
29021,"Buchanan County, Missouri",82342,0.3159056538816556,0.938536834179398,0.03910519540453232,0.01289742780112214,0.06146316582060185,51933,87904,0.03757508190753549,MO,10.857709705244838,11.384000588895,3,TRUE
29023,"Butler County, Missouri",39884,0.1341121421870545,0.9785377595025574,0.01223548290041119,0.00205596229064286,0.02146224049744261,42227,42570,0.011933286351891,MO,10.650815105859214,10.658905058822198,1,FALSE
29025,"Caldwell County, Missouri",8517,0.15281796102105158,0.9742867206762944,0.00622284842080544,0.0054009627803217,0.02571327932370548,51451,9052,0.00894829871851524,MO,10.84838517741928,9.110741006753427,1,FALSE
29027,"Callaway County, Missouri",42575,0.1164017993986774,0.9833705226071638,0.00660011743981209,0.00573106283029947,0.01662947739283615,59835,44944,0.01802242791028836,MO,10.999346053007615,10.713172549344025,1,FALSE
29029,"Camden County, Missouri",43815,0.22147502396104593,0.9609950930046788,0.02013009243409791,0.00285290425653315,0.03900490699532122,53520,45823,0.02186674813958056,MO,10.887810694802113,10.732541427456502,2,FALSE
29031,"Cape Girardeau County, Missouri",74336,0.23020683323134028,0.9642030779164872,0.01130004304778303,0.01272600086095566,0.0357969220835127,53776,78834,0.02786868609990613,MO,10.892582549964889,11.275099654869877,2,FALSE
29033,"Carroll County, Missouri",8240,0.2042194466329348,0.95873786407767,0.00643203883495145,0.00254854368932038,0.04126213592233008,51414,8723,0.01123466697237189,MO,10.847665787897174,9.07371849443322,2,FALSE
29035,"Carter County, Missouri",5739,0.0116942464639358,0.9984317825405122,0,0.00156821745948771,0.00156821745948776,42403,6085,0,MO,10.654974393434031,8.713582005421628,1,FALSE
29037,"Cass County, Missouri",98474,0.20503013257081104,0.9633202672786726,0.02467656437232162,0.00510794727542295,0.03667973272132741,72522,104687,0.0181111312770449,MO,11.191645243087512,11.558730224870716,2,FALSE
29039,"Cedar County, Missouri",13189,0.13276928073154906,0.9769504890439002,0.01053908560163772,0,0.02304951095609975,39408,14144,0.01343325791855203,MO,10.58172412036032,9.557045784877424,1,FALSE
29041,"Chariton County, Missouri",6989,0.14245520727149252,0.975532980397768,0.00600944341107454,0,0.02446701960223207,51545,7449,0.0091287421130353,MO,10.850210491530484,8.915835074176277,1,FALSE
29043,"Christian County, Missouri",81860,0.2154243959246057,0.9640728072318592,0.01800635230881993,0.00427559247495724,0.03592719276814071,64442,87324,0.0246324034629655,MO,11.0735208734325,11.377380618135088,2,FALSE
29045,"Clark County, Missouri",6395,0.31734783261182353,0.9387021110242376,0.00797498045347928,0.0070367474589523,0.06129788897576227,45842,6783,0.01636444051304732,MO,10.732955980454312,8.82217476094608,3,TRUE
29047,"Clay County, Missouri",230568,0.39286628979216626,0.929743069289754,0.02897626730509004,0.01624249679053468,0.07025693071024597,72047,246480,0.05288867250892567,MO,11.18507396280923,12.415036133270547,3,TRUE
29049,"Clinton County, Missouri",19423,0.12814031170690582,0.9810533903104568,0.00710497863357874,0.00380991607887555,0.01894660968954331,62213,20503,0.0111203238550456,MO,11.038319260104576,9.928326495883049,1,FALSE
29051,"Cole County, Missouri",72087,0.2242458221417371,0.9622261988985532,0.01779793860196707,0.00664474870642418,0.0377738011014469,61184,76630,0.02996215581365,MO,11.021640996411072,11.24674392396445,2,FALSE
29053,"Cooper County, Missouri",16509,0.1640574937268699,0.9740141740868618,0.00496698770367678,0.00472469562057059,0.02598582591313825,53003,17522,0.00844652436936422,MO,10.878103794705911,9.77121251322631,1,FALSE
29055,"Crawford County, Missouri",22620,0.1173683104386032,0.9800176834659592,0.01463306808134394,0.00128205128205128,0.0199823165340407,44380,23984,0.01029853235490326,MO,10.700544196486584,10.085142220342378,1,FALSE
29057,"Dade County, Missouri",7211,0.16092979696794257,0.9740673970323116,0.00693385106087921,0.0061017889335737,0.02593260296768829,42117,7571,0.01598203671905957,MO,10.64820673864006,8.932080438103307,1,FALSE
29059,"Dallas County, Missouri",15743,0.2261020361669776,0.9564885981070952,0.00794003684177094,0.00177856825255669,0.04351140189290481,40404,16841,0.0122914316252004,MO,10.606684068949075,9.731571668456054,2,FALSE
29061,"Daviess County, Missouri",7737,0.3858345985859401,0.896988496833398,0.01072767222437637,0.00310197751066304,0.103011503166602,52143,8294,0.0088015432843019,MO,10.861745223231589,9.023287640806329,3,TRUE
29063,"DeKalb County, Missouri",11304,0.12433970788645472,0.978768577494692,0.00362703467799009,0.002034677990092,0.02123142250530785,58433,11872,0.00640161725067385,MO,10.975636077718386,9.38193796540716,1,FALSE
29065,"Dent County, Missouri",14647,0.10675712554005316,0.9825902915272752,0.01010445825083634,0,0.01740970847272482,42714,15518,0.01939682948833612,MO,10.662282014331929,9.649755919453897,1,FALSE
29067,"Douglas County, Missouri",12551,0.10506096767930728,0.9791251693092184,0.01999840650147398,0,0.02087483069078166,43714,13335,0.01507311586051743,MO,10.685423695910131,9.498147436616115,1,FALSE
29069,"Dunklin County, Missouri",27607,0.3096878252725015,0.9234976636360344,0.06755533016988445,0.00123157170282899,0.07650233636396564,38020,29657,0.02909936945746366,MO,10.54586761604242,10.297453464251271,3,TRUE
29071,"Franklin County, Missouri",97483,0.1262705080855493,0.9813300780648934,0.00728332119446467,0.00314926705169106,0.01866992193510663,60129,103629,0.01538179467137577,MO,11.004247533261696,11.54857249241637,1,FALSE
29073,"Gasconade County, Missouri",13906,0.1206761426793714,0.9810153890407018,0.00402703868833597,0.0087731914281605,0.01898461095929815,56380,14673,0.01444830641313978,MO,10.939869764668105,9.593764349207468,1,FALSE
29075,"Gentry County, Missouri",6110,0.215189984654336,0.9589198036006548,0.00180032733224222,0.00458265139116202,0.04108019639934535,46774,6576,0.01094890510948905,MO,10.753082771972014,8.791181936736017,2,FALSE
29077,"Greene County, Missouri",274222,0.2950222883022298,0.950561953453771,0.02103040602139872,0.01485657605881366,0.04943804654622896,47053,291574,0.03054799124750492,MO,10.759029904936185,12.583049111904051,3,TRUE
29079,"Grundy County, Missouri",9181,0.3237888102218911,0.9320335475438404,0.01546672475765167,0.01002069491340812,0.06796645245615951,46885,9885,0.02286292362164896,MO,10.755453073853726,9.198773735604718,3,TRUE
29081,"Harrison County, Missouri",7885,0.1831761309853488,0.9670259987317692,0.01230183893468611,6.341154090044388e-4,0.0329740012682308,40615,8427,0.01293461492820695,MO,10.611892735485052,9.039196115772354,2,FALSE
29083,"Henry County, Missouri",20593,0.1870327090835619,0.9669790705579566,0.01908415480988685,0.00271937065993298,0.03302092944204338,47500,21854,0.01661023153656081,MO,10.768484990022731,9.992139250130691,2,FALSE
29085,"Hickory County, Missouri",9057,0.1899959556223565,0.9587059732803356,0.00276029590372087,0.00198741305067903,0.04129402671966431,33342,9452,0.0092044011849344,MO,10.414573142507976,9.1539816383068,2,FALSE
29089,"Howard County, Missouri",9443,0.1166014073634858,0.9818913480885312,0.01006036217303823,0.00455363761516467,0.01810865191146882,55000,10022,0.00578726801037717,MO,10.915088464214609,9.21253795551967,1,FALSE
29091,"Howell County, Missouri",37495,0.158618626357605,0.974849979997333,0.00938791838911854,8.534471262835044e-4,0.02515002000266697,39482,40130,0.01198604535260403,MO,10.583600150825614,10.599879463260962,1,FALSE
29093,"Iron County, Missouri",9597,0.12416253953835991,0.980514744190893,0.008856934458685,0.00302177763884547,0.01948525580910698,40082,10150,0.01270935960591133,MO,10.598682634713374,9.225228984469933,1,FALSE
29095,"Jackson County, Missouri",654665,0.4563967249165014,0.9051988421559118,0.05938457073465054,0.01292874981860951,0.09480115784408816,56960,700733,0.05899964751196247,MO,10.950104546085855,13.459882209011036,4,TRUE
29097,"Jasper County, Missouri",112358,0.34940194101364686,0.9258263764039945,0.0546912547393154,0.01027964185905765,0.07417362359600566,49155,120528,0.04582337714058144,MO,10.802733849801024,11.699637370065476,3,TRUE
29099,"Jefferson County, Missouri",211690,0.192907866966876,0.9694364400774718,0.01155935566158061,0.00505928480325003,0.03056355992252824,67606,224777,0.01899215667083376,MO,11.1214520154888,12.322864078600064,2,FALSE
29101,"Johnson County, Missouri",50548,0.26829887165276683,0.9574859539447652,0.01281949829864683,0.01513412993590251,0.04251404605523468,56440,53948,0.02969526210424853,MO,10.940933405966751,10.895775898636748,3,TRUE
29105,"Laclede County, Missouri",33231,0.1266706708779503,0.9808010592519032,0.00893743793445879,0.00424302609009659,0.01919894074809669,46582,35680,0.00938901345291479,MO,10.748969479399353,10.482345586693944,1,FALSE
29107,"Lafayette County, Missouri",30878,0.1455831198366395,0.9776216076170736,0.00699527171448928,0.00433965930435909,0.02237839238292638,62076,32697,0.01559776126250114,MO,11.036114719791517,10.39503860955742,1,FALSE
29109,"Lawrence County, Missouri",35654,0.3048940219475974,0.9284792730128456,0.06063835754754024,0.00252426095248779,0.07152072698715428,44060,38241,0.02635914332784184,MO,10.693307620356334,10.551663517451033,3,TRUE
29111,"Lewis County, Missouri",9333,0.1661148218410396,0.9704275152684024,0.01414336226293796,4.285867352405443e-4,0.02957248473159757,45118,9898,0.00798141038593655,MO,10.717036558948369,9.200087995511833,1,FALSE
29113,"Lincoln County, Missouri",53680,0.10043289567624392,0.9845566318926976,0.00909090909090909,0.00240312965722801,0.01544336810730251,70424,57590,0.00968918214967876,MO,11.162289393140744,10.96110422050072,1,FALSE
29115,"Linn County, Missouri",11287,0.18160581433318576,0.9688136794542394,0.00655621511473376,0.00301231505271551,0.03118632054576065,51150,12004,0.00674775074975008,MO,10.842517771379772,9.392995206560258,2,FALSE
29117,"Livingston County, Missouri",14140,0.16289272460338483,0.9729137199434228,0.00601131541725601,0.00452616690240452,0.02708628005657709,50818,14969,0.00808337230275903,MO,10.836005901514934,9.613736674915236,1,FALSE
29119,"McDonald County, Missouri",21183,0.5101601101650302,0.8731530000472076,0.08728697540480575,0.01959118160789312,0.12684699995279236,42876,22882,0.0811554934009265,MO,10.66606750781141,10.03810585426089,4,TRUE
29121,"Macon County, Missouri",14296,0.1756855171599486,0.9714605484051484,0.00440682708449916,0.00587576944599888,0.02853945159485171,44696,15154,0.01042629008842549,MO,10.707639291138983,9.62601980249132,2,FALSE
29123,"Madison County, Missouri",11504,0.1431659732840104,0.9751390820584144,0.01642906815020862,0.00260778859527121,0.02486091794158551,47984,12176,0.01223718791064389,MO,10.77862290098879,9.407222080101468,1,FALSE
29125,"Maries County, Missouri",8394,0.25451410111918066,0.9492494639027876,0.01834643793185609,0.00607576840600428,0.05075053609721225,48276,8791,0.01831418496189284,MO,10.78468982173779,9.08148374985118,2,FALSE
29127,"Marion County, Missouri",26773,0.0727328263433244,0.9898405109625368,0.00418331901542598,0.00351099988794681,0.01015948903746311,54277,28572,0.00860982780344393,MO,10.901855843445738,10.260182496274863,1,FALSE
29131,"Miller County, Missouri",23749,0.17824417908249374,0.968040759610931,0.01734809886732073,4.210703608572992e-4,0.03195924038906905,47964,25369,0.01371752926800425,MO,10.778206008499325,10.141283235182652,2,FALSE
29133,"Mississippi County, Missouri",12734,0.10488140767802126,0.981231349144024,0.01617716349929323,3.926495994974085e-4,0.01876865085597612,34354,13328,0.01268007202881152,MO,10.44447373919697,9.497622364406624,1,FALSE
29135,"Moniteau County, Missouri",14828,0.3877255803092736,0.9086188292419748,0.03587806851901807,0.00303479902886431,0.09138117075802532,57012,15907,0.01339033130068523,MO,10.951017050974922,9.67451454289836,3,TRUE
29137,"Monroe County, Missouri",8174,0.22526467215179455,0.9548568632248592,0.00464888671397112,0.00354783459750428,0.0451431367751407,43422,8630,0.00567786790266512,MO,10.678721504094185,9.062999784077473,2,FALSE
29139,"Montgomery County, Missouri",10722,0.1811469253175773,0.9689423614997202,0.01417645961574333,8.393956351426973e-4,0.03105763850027976,52123,11414,0.013404590853338,MO,10.861361589060426,9.342595951096651,2,FALSE
29141,"Morgan County, Missouri",19072,0.36819857241283943,0.9133284395973156,0.00671140939597315,0.00755033557046979,0.08667156040268453,41477,20438,0.00812212545258831,MO,10.632894335716385,9.925151192172155,3,TRUE
29143,"New Madrid County, Missouri",16162,0.14135102042095615,0.971847543620839,0.02320257393886895,0,0.02815245637916097,40129,17275,0.00549927641099855,MO,10.599854543937273,9.757015648635871,1,FALSE
29145,"Newton County, Missouri",54657,0.2913695348973544,0.9477651535942332,0.0253947344347476,0.01368534679912911,0.05223484640576692,52067,58288,0.03115564095525665,MO,10.860286629747776,10.973151519248344,3,TRUE
29147,"Nodaway County, Missouri",21143,0.16306879722305032,0.9732772075864352,0.00898642576739346,0.00241214586387929,0.02672279241356479,46303,22199,0.01919005360601829,MO,10.742962032791649,10.007802521800768,1,FALSE
29149,"Oregon County, Missouri",9958,0.13027932008837176,0.9794135368547902,0.01024302068688491,0.0025105442860012,0.02058646314520984,32766,10561,0.00606003219392103,MO,10.39714667138021,9.264923249746474,1,FALSE
29151,"Osage County, Missouri",12858,0.0811302970429042,0.9875563851298802,0.0025664955669622,2.333177788147457e-4,0.0124436148701198,62087,13613,0.00146918386836112,MO,11.036291906232384,9.518780497512472,1,FALSE
29153,"Ozark County, Missouri",8750,0.1002953424648543,0.9833142857142856,0.00845714285714285,0.008,0.0166857142857143,33046,9138,0.0125848106806741,MO,10.405655809210936,9.120196822123216,1,FALSE
29155,"Pemiscot County, Missouri",15124,0.19772982220853563,0.9615181169002908,0.02856387199153663,2.644802962179318e-4,0.03848188309970912,34709,16330,0.00985915492957746,MO,10.454754298299642,9.700759185964513,2,FALSE
29157,"Perry County, Missouri",18095,0.23348428425157597,0.9593257806023764,0.01685548494059132,0.00784747167725891,0.04067421939762361,56861,19227,0.01612316013938732,MO,10.948364972106267,9.864070820172335,2,FALSE
29159,"Pettis County, Missouri",39490,0.5099788388469846,0.879412509496075,0.06044568245125348,0.00448214737908331,0.12058749050392505,49315,42421,0.07498644539261215,MO,10.805983573388094,10.655398801626768,4,TRUE
29161,"Phelps County, Missouri",42146,0.3685562991914673,0.9376690551891046,0.00768756228349072,0.02716746547715085,0.0623309448108954,44987,44587,0.04900531545069191,MO,10.714128838127134,10.705197615699028,3,TRUE
29163,"Pike County, Missouri",17125,0.16211845806293376,0.9713284671532848,0.01080291970802919,0.00262773722627737,0.02867153284671531,44920,18158,0.00572750302896794,MO,10.71263840885238,9.806866513931702,1,FALSE
29165,"Platte County, Missouri",96615,0.4410612149164299,0.91992961755421,0.02963307974952129,0.02105263157894736,0.08007038244579001,82448,102848,0.0541284225264468,MO,11.319923070568006,11.541007449097185,3,TRUE
29167,"Polk County, Missouri",30063,0.21046313974666545,0.9627781658517114,0.00705185776535941,0.00119748528091008,0.03722183414828861,47614,32031,0.01105179357497424,MO,10.770882114622454,10.374459462846412,2,FALSE
29169,"Pulaski County, Missouri",48929,0.5522596712846789,0.8812973900958532,0.06074107380081342,0.02223630157984017,0.11870260990414684,58426,52359,0.05983689528065853,MO,10.975516275221215,10.865879121292949,4,TRUE
29173,"Ralls County, Missouri",9687,0.06430545720226742,0.9902962733560442,0.00526478786001858,0.00175492928667286,0.0097037266439558,54194,10258,0.00848118541626048,MO,10.900325480192906,9.235813167949214,1,FALSE
29175,"Randolph County, Missouri",23285,0.12432530814840734,0.980760146016749,0.0066995920120249,0.00502469400901868,0.01923985398325101,50440,24769,0.01227340627397149,MO,10.828539790078857,10.117348150251422,1,FALSE
29177,"Ray County, Missouri",21588,0.121671752617691,0.9812395775430794,0.00704094867518992,0.00268667778395404,0.01876042245692055,65303,22900,0.00646288209606986,MO,11.086793256016277,10.03889218954233,1,FALSE
29179,"Reynolds County, Missouri",6005,0.06361845546752497,0.991174021648626,0.00116569525395503,0.00116569525395503,0.00882597835137388,39552,6274,0.0051004144086707,MO,10.585371540817365,8.744169388750624,1,FALSE
29181,"Ripley County, Missouri",12679,0.0917931810381788,0.9867497436706364,0.00126192917422509,0.00433788153639876,0.01325025632936349,36066,13484,0.01023435182438445,MO,10.493105872267217,9.50925907635395,1,FALSE
29183,"St. Charles County, Missouri",375044,0.3201735866681385,0.945001119868602,0.02291731103550516,0.01421166583120913,0.05499888013139786,87644,398472,0.03942560581421028,MO,11.381038433927571,12.895392511255732,3,TRUE
29185,"St. Clair County, Missouri",8947,0.0658437422614006,0.9904996088074216,0.00536492679110316,3.353079244439477e-4,0.0095003911925785,39000,9455,0.01152829190904283,MO,10.571316925111784,9.154298981092555,1,FALSE
29186,"Ste. Genevieve County, Missouri",16973,0.11268575434388256,0.981205443940376,0.00924998527072409,0.00365286042538148,0.0187945560596241,61746,17887,0.00900095041091295,MO,11.030784475064149,9.791829470993246,1,FALSE
29187,"St. Francois County, Missouri",62981,0.11362902751951784,0.9833441831663516,0.00792302440418538,0.00362013940712278,0.01665581683364825,46307,66653,0.01549817712631089,MO,10.743048416551554,11.107255335846691,1,FALSE
29189,"St. Louis County, Missouri",937629,0.5237723635689955,0.9049389470675502,0.02198417497752309,0.02898054561025736,0.09506105293244982,68661,996179,0.07582874162173665,MO,11.13693663142645,13.811682239294734,4,TRUE
29195,"Saline County, Missouri",21536,0.3387489051309703,0.9136329866270432,0.07759101040118871,0.00487555720653789,0.08636701337295694,47585,22932,0.050715157858015,MO,10.770272864506444,10.040288594028274,3,TRUE
29201,"Scott County, Missouri",36020,0.1802202976424776,0.9681010549694614,0.01590782898389783,0.00122154358689616,0.03189894503053858,46310,38538,0.01082048886813015,MO,10.743113199474797,10.559400046485848,2,FALSE
29203,"Shannon County, Missouri",7715,0.07975568250541684,0.9870382372002592,0.0085547634478289,0,0.01296176279974081,36229,8207,0.00365541610820031,MO,10.497615182072922,9.012742727629712,1,FALSE
29205,"Shelby County, Missouri",5617,0.1867319833629106,0.9667082072280576,0.01495460210076553,8.901548869503294e-4,0.03329179277194227,43809,5975,0.00970711297071129,MO,10.687594554708582,8.695339376799712,2,FALSE
29207,"Stoddard County, Missouri",27608,0.06962347773764675,0.9887351492321066,0.00833091857432628,2.535496957403651e-4,0.0112648507678934,42761,29255,0.00239275337549136,MO,10.6633817512079,10.283805778222336,1,FALSE
29209,"Stone County, Missouri",30613,0.13095804580238227,0.9791265148792996,0.01120439029170613,0.00169862476725574,0.0208734851207003,51476,31875,0.02101960784313725,MO,10.848870958613556,10.369577282460726,1,FALSE
29211,"Sullivan County, Missouri",5745,0.5562681855022167,0.8210617928633595,0.15613577023498695,0.00278503046127067,0.17893820713664055,44056,6163,0.09411001135810482,MO,10.693216830942315,8.726318950962243,4,TRUE
29213,"Taney County, Missouri",52538,0.2898159079887593,0.9422132551676882,0.04151280977578134,0.00574822033575697,0.05778674483231183,47860,55563,0.02922808343681946,MO,10.776035361462364,10.925272791090912,3,TRUE
29215,"Texas County, Missouri",24092,0.2095227748956482,0.9635563672588412,0.0065997011456085,0.01353146272621617,0.03644363274115891,35758,25518,0.01818324320087781,MO,10.484529299311763,10.147139364481689,2,FALSE
29217,"Vernon County, Missouri",19267,0.21410766055101943,0.9598276846421342,0.00653967924430373,0.00259511081123163,0.04017231535786581,43910,20560,0.01157587548638132,MO,10.689897363555763,9.931102719569102,2,FALSE
29219,"Warren County, Missouri",32912,0.1041691717263963,0.983440690325717,0.01084710743801653,0.0016711229946524,0.01655930967428298,64735,35090,0.01573097748646338,MO,11.078057292492748,10.46567146857726,1,FALSE
29221,"Washington County, Missouri",23372,0.10321446377105548,0.9843402361800444,0.00359404415539962,2.995036796166353e-4,0.01565976381995548,42849,24819,0.0057617148152625,MO,10.665437586530738,10.119364767858292,1,FALSE
29223,"Wayne County, Missouri",12424,0.10294041963213528,0.9846265292981328,0.00627817128139085,0.00571474565357372,0.01537347070186734,38018,13058,0.00773472200949609,MO,10.545815010766098,9.477156251746578,1,FALSE
29225,"Webster County, Missouri",36208,0.3106408051253687,0.9289935925762264,0.00748453380468404,0.00289991162174105,0.07100640742377373,55827,39127,0.01198660771334372,MO,10.930012902309336,10.574568044746826,3,TRUE
29229,"Wright County, Missouri",16978,0.24469851246070623,0.9440452350100128,0.00235599010484155,0.00247378961008363,0.05595476498998708,36711,18256,0.00635407537248028,MO,10.510831716653778,9.812249072101856,2,FALSE
29510,"St. Louis city, Missouri",285659,0.5263196433700523,0.9029997304478417,0.0305819176010558,0.02231331762696081,0.09700026955215836,45782,304709,0.06855393178409565,MO,10.731646279751953,12.62711250178734,4,TRUE
30001,"Beaverhead County, Montana",9033,0.2135526473479648,0.9588176685486548,0.02767629801837706,0.0080814790213661,0.04118233145134509,45819,9454,0.01131796065157605,MT,10.732454131238557,9.15419321135318,2,FALSE
30003,"Big Horn County, Montana",12170,0.656077010454364,0.7357436318816762,0.01224322103533278,0.00139687756778964,0.26425636811832376,48273,13302,0.0054127198917456,MT,10.78462767712726,9.495669678844369,4,TRUE
30005,"Blaine County, Montana",6130,0.3303197496036044,0.9207177814029364,0.00783034257748776,3.262642740619902e-4,0.07928221859706364,45361,6698,0.00612123021797551,MT,10.722407984014009,8.80956425335415,3,TRUE
30007,"Broadwater County, Montana",5789,0.1495508528116193,0.9742615304888582,0.00915529452409742,0,0.02573846951114178,57723,6080,0.01430921052631578,MT,10.963410986589126,8.712759974960212,1,FALSE
30009,"Carbon County, Montana",10310,0.18949695973957248,0.9693501454898156,0.0090203685741998,0.00514064015518913,0.03064985451018431,61209,10689,0.01066516980072972,MT,11.022049516511858,9.276970454273943,2,FALSE
30013,"Cascade County, Montana",76141,0.2112250778900215,0.9651830157208338,0.01394780735740271,0.00562115023443348,0.03481698427916624,52049,81576,0.01869422379131117,MT,10.859940861562688,11.30929038004406,2,FALSE
30015,"Chouteau County, Montana",5415,0.06496983022726205,0.9905817174515236,0.00369344413665743,0.00295475530932594,0.00941828254847643,45707,5731,0.01448263828302216,MT,10.730006738019052,8.653645314551737,1,FALSE
30017,"Custer County, Montana",10931,0.26568744696766844,0.9567285701216725,0.00640380569023877,0.00658677156710273,0.04327142987832766,54891,11563,0.01937213525901582,MT,10.913104679632676,9.355565624128962,3,TRUE
30021,"Dawson County, Montana",8279,0.06696840693575466,0.9909409348955188,0.00241575069452832,0.00289890083343398,0.00905906510448117,51681,8824,0.01450589301903898,MT,10.85284548811448,9.085230560933338,1,FALSE
30023,"Deer Lodge County, Montana",8852,0.2288149966149112,0.9576366922729328,0.02417532760957975,0.00248531405332128,0.04236330772706731,42129,9153,0.01660657707855348,MT,10.64849161863629,9.12183697338478,2,FALSE
30027,"Fergus County, Montana",10576,0.20283707297767264,0.9643532526475038,0.0093608169440242,0.00122919818456883,0.03564674735249618,47618,11167,0.02301423838094385,MT,10.770966119998848,9.320718279445792,2,FALSE
30029,"Flathead County, Montana",96262,0.181537730622825,0.971213978516964,0.0137956826161933,0.00378134674118551,0.02878602148303588,57763,102001,0.02737228066391506,MT,10.964103711276094,11.53273789613992,2,FALSE
30031,"Gallatin County, Montana",105245,0.24656484432435144,0.959874578364768,0.01609577652144995,0.00762031450425198,0.04012542163523203,70124,111401,0.03213615676699491,MT,11.158020382473763,11.620891583095712,2,FALSE
30035,"Glacier County, Montana",12443,0.22993844885412795,0.954673310294945,0.01318010126175359,0.00369685767097966,0.04532668970505504,37645,13706,0.0160513643659711,MT,10.535955422284225,9.52558897214577,2,FALSE
30041,"Hill County, Montana",14991,0.15154741296625454,0.9756520579014076,0.01100660396237742,0.00380228136882129,0.02434794209859248,50912,16422,0.01223967848008768,MT,10.837853931137513,9.706377178268736,1,FALSE
30043,"Jefferson County, Montana",11504,0.11528549929416264,0.982614742698192,0.00877955493741307,0.00113004172461752,0.01738525730180806,71779,12069,0.01516281382053194,MT,11.181347233147324,9.398395460617898,1,FALSE
30047,"Lake County, Montana",28593,0.31067488087457085,0.9422935683558912,0.0158080649109922,0.00556080159479592,0.05770643164410871,52169,30383,0.02178850014810914,MT,10.862243727728451,10.321638520451476,3,TRUE
30049,"Lewis and Clark County, Montana",64691,0.20151443544772177,0.9671979100647694,0.0155353913218222,0.0029988715586403,0.03280208993523059,66062,68714,0.01520796344267543,MT,11.098348973993602,11.137708242019782,2,FALSE
30053,"Lincoln County, Montana",18909,0.21680747215162452,0.9606007721190968,0.02353376698926437,0.00232693426410703,0.03939922788090322,39820,19845,0.03547493071302595,MT,10.592124577618188,9.895707365217168,2,FALSE
30057,"Madison County, Montana",8185,0.1673822539802439,0.9668906536346976,0.02736713500305436,0,0.03310934636530238,55892,8530,0.03317702227432591,MT,10.931176536200338,9.051344640485723,1,FALSE
30063,"Missoula County, Montana",113147,0.3037532069145178,0.9498970365984074,0.01475956057164573,0.01399948739250709,0.05010296340159259,56247,119062,0.02976600426668458,MT,10.93750798531106,11.687399644819276,3,TRUE
30067,"Park County, Montana",15748,0.13156753949184305,0.9793624587249176,0.00863601727203454,0.00190500381000762,0.02063754127508255,53082,16513,0.02579785623448192,MT,10.87959316671144,9.711903228462988,1,FALSE
30073,"Pondera County, Montana",5499,0.28560548956911863,0.939807237679578,0.00381887615930169,0.00272776868521549,0.06019276232042192,54235,5911,0.01657925900862798,MT,10.901081735474316,8.684570300824369,3,TRUE
30077,"Powell County, Montana",6605,0.21892287799757135,0.9601816805450416,0.01135503406510219,0.00378501135503406,0.03981831945495839,50332,6843,0.01169077889814409,MT,10.82639633671186,8.830981510952498,2,FALSE
30081,"Ravalli County, Montana",41392,0.2048429079643009,0.9670950908388094,0.01224874371859296,0.00299574797062234,0.0329049091611906,55090,43424,0.02254513633014001,MT,10.916723490466762,10.678767562634595,2,FALSE
30083,"Richland County, Montana",10284,0.20977208438399417,0.955853753403345,0.03665888759237651,9.72384286269934e-5,0.044146246596655,64158,11097,0.02586284581418401,MT,11.06910406998471,9.314430080500564,2,FALSE
30085,"Roosevelt County, Montana",10034,0.21484716653261637,0.9588399441897548,0.00936814829579429,9.966115208291808e-5,0.04116005581024518,45458,11091,0.01451627445676674,MT,10.724544101718104,9.313889247604742,2,FALSE
30087,"Rosebud County, Montana",8393,0.39239966530246806,0.9112355534373884,0.02823781722864291,0.00250208507089241,0.08876444656261173,57769,9065,0.01610590182018753,MT,10.964207578602988,9.112176123188952,3,TRUE
30089,"Sanders County, Montana",11301,0.14493531741272983,0.9774356251659144,0.00460136271126448,0.00300858331121139,0.02256437483408546,42284,11804,0.01694340901389359,MT,10.652164042888554,9.376193736062833,1,FALSE
30093,"Silver Bow County, Montana",32830,0.17127649946736806,0.97343892780993,0.0069448674992385,0.00207127627170271,0.02656107219007009,49359,34895,0.01963031953001862,MT,10.80687539905476,10.460098831451251,2,FALSE
30095,"Stillwater County, Montana",9144,0.12723324109153214,0.9800962379702536,0.00885826771653543,0.00524934383202099,0.0199037620297463,67448,9562,0.0082618699016942,MT,11.11911220960251,9.165552189186048,1,FALSE
30099,"Teton County, Montana",5708,0.18005320586799908,0.96916608269096,0.00525578135949544,0.00210231254379817,0.03083391730903995,56649,6127,0.010119144769055,MT,10.944629614049688,8.720460512725655,2,FALSE
30105,"Valley County, Montana",6981,0.12133795410118375,0.9806617963042544,0.01031370863773098,0.00157570548632001,0.01933820369574557,51087,7424,0.01050646551724138,MT,10.841285340694714,8.912473274466036,1,FALSE
30111,"Yellowstone County, Montana",150542,0.2283784210707696,0.962827649426738,0.01602874945198017,0.00577911811986023,0.03717235057326196,62630,160390,0.01944634952303759,MT,11.044999675519458,11.985363628331424,2,FALSE
31001,"Adams County, Nebraska",29505,0.36218301543003906,0.9128622267412304,0.07090323673953568,0.01186239620403321,0.0871377732587697,56007,31541,0.05843188231191148,NE,10.933231961905438,10.359043565784862,3,TRUE
31003,"Antelope County, Nebraska",5896,0.2501026618769492,0.9504748982360922,0.03273405698778833,0.00356173677069199,0.04952510176390778,52569,6315,0.01821060965954077,NE,10.86988187137653,8.750683034784592,2,FALSE
31011,"Boone County, Nebraska",4892,0.12929093089508625,0.9791496320523304,0.01103843008994276,0,0.0208503679476697,60094,5228,0.00994644223412394,NE,11.003665281928944,8.561784074744113,1,FALSE
31013,"Box Butte County, Nebraska",10164,0.35222599422948464,0.918142463597009,0.06473829201101929,0.00954348681621409,0.08185753640299098,61904,10845,0.06343937298294144,NE,11.033340076940297,9.291459423260974,3,TRUE
31019,"Buffalo County, Nebraska",46310,0.38416736389378286,0.9169293889008854,0.0598790757935651,0.01390628374001295,0.08307061109911462,63513,49594,0.04544904625559543,NE,11.05899988833705,10.811625137653897,3,TRUE
31021,"Burt County, Nebraska",6181,0.1521960730045774,0.9723345736935772,0.02054683708137841,0.00177964730626112,0.02766542630642288,51961,6503,0.01045671228663693,NE,10.85824871617286,8.780018887869153,1,FALSE
31023,"Butler County, Nebraska",7524,0.33369479972616684,0.934609250398724,0.0329611908559277,0.01103136629452419,0.06539074960127589,59232,7997,0.02100787795423283,NE,10.989217215373223,8.98682175033189,3,TRUE
31025,"Cass County, Nebraska",24496,0.15652119395030592,0.9740365774003918,0.01555355976485957,0.00526616590463749,0.02596342259960815,73683,26022,0.0136423026669741,NE,11.207527386712668,10.16669761306342,1,FALSE
31027,"Cedar County, Nebraska",7925,0.07070379344487678,0.98801261829653,0.01072555205047318,0,0.01198738170347002,64703,8483,0.00377225038311917,NE,11.07756284726566,9.045819439807737,1,FALSE
31031,"Cherry County, Nebraska",5401,0.12028712680055662,0.9812997593038326,0.00499907424551009,0.00722088502129235,0.01870024069616738,55431,5801,0.01654887088433028,NE,10.922894283023265,8.665785595466064,1,FALSE
31033,"Cheyenne County, Nebraska",8832,0.14631976001206548,0.9741847826086956,0.01732336956521739,0,0.02581521739130432,52270,9428,0.01251591005515485,NE,10.864177871706968,9.15143926405602,1,FALSE
31035,"Clay County, Nebraska",5779,0.2833629026244314,0.9323412355078732,0.05589202284132202,0,0.06765876449212671,63686,6193,0.03810754077183917,NE,11.061720037185262,8.731174900938061,3,TRUE
31037,"Colfax County, Nebraska",10134,0.8839619344712708,0.5100651272942569,0.44987171896585754,0.00503256364712847,0.4899348727057431,64269,10681,0.3567081733920045,NE,11.07083267888533,9.276221741089696,4,TRUE
31039,"Cuming County, Nebraska",8313,0.3168661035794724,0.9113436785757248,0.08528810297124985,3.6088054853843375e-4,0.08865632142427526,59202,8882,0.06226075208286422,NE,10.988710604085222,9.091782035852049,3,TRUE
31041,"Custer County, Nebraska",10106,0.21146833793004172,0.9592321393231744,0.02770631308133781,0.00128636453591925,0.04076786067682569,53891,10788,0.02057842046718576,NE,10.894718767073805,9.28618968425962,2,FALSE
31043,"Dakota County, Nebraska",18402,0.9766032041935592,0.5899358765351592,0.32746440604282145,0.02244321269427236,0.4100641234648408,61227,20124,0.23812363347247067,NE,11.02234354768128,9.909668411611207,4,TRUE
31045,"Dawes County, Nebraska",8165,0.22307953576885223,0.9570116350275566,0.0226576852418861,8.573178199632578e-4,0.0429883649724434,49379,8685,0.00748416810592976,NE,10.807280511580302,9.069352678675203,2,FALSE
31047,"Dawson County, Nebraska",21740,0.8129776805470864,0.6886844526218951,0.26310947562097514,0.00892364305427783,0.31131554737810485,56731,23638,0.2019206362636433,NE,10.946076077522912,10.070610865572188,4,TRUE
31051,"Dixon County, Nebraska",5273,0.37115715234618046,0.8884885264555281,0.10695998482837096,1.8964536317087047e-4,0.11151147354447188,57243,5682,0.06828581485392468,NE,10.95506064319845,8.645058562414134,3,TRUE
31053,"Dodge County, Nebraska",34166,0.4190490715982637,0.8789439793947199,0.11136802669320375,0.00500497570684306,0.12105602060528008,58439,36565,0.06861753042527007,NE,10.975738754150813,10.506846777705052,3,TRUE
31055,"Douglas County, Nebraska",523486,0.6557068847581429,0.8463683842547842,0.0937790122371945,0.02560335902010751,0.15363161574521578,66600,565739,0.0995741852691789,NE,11.10645985652848,13.245888120089791,4,TRUE
31059,"Fillmore County, Nebraska",5258,0.1759561449941659,0.9691898060098896,0.01768733358691517,0.00494484594903005,0.03081019399011031,62151,5542,0.01443522194153735,NE,11.037322186914,8.620110725422924,2,FALSE
31067,"Gage County, Nebraska",20362,0.190731108408095,0.9661133483940674,0.02151065710637462,0.00520577546409979,0.03388665160593263,51812,21548,0.01963059216632634,NE,10.855377061650149,9.978038283800425,2,FALSE
31079,"Hall County, Nebraska",56578,0.6794462976424355,0.764166283714518,0.20842023401322068,0.0094913217151543,0.235833716285482,58595,61338,0.1445270468551306,NE,10.978404647692702,11.024154831985069,4,TRUE
31081,"Hamilton County, Nebraska",8629,0.15507384141134162,0.9704484876578978,0.02329354502259821,0.00266543052497392,0.02955151234210218,68649,9219,0.01410131250677947,NE,11.136761844447634,9.129021850798594,1,FALSE
31089,"Holt County, Nebraska",9470,0.19491439034644628,0.962935586061246,0.02703273495248152,8.447729672650475e-4,0.03706441393875392,60214,10123,0.02321446211597352,NE,11.005660162398994,9.222565341598752,2,FALSE
31093,"Howard County, Nebraska",6019,0.1414987014117201,0.9745804950988536,0.01860774214985878,0,0.02541950490114641,59432,6428,0.01664592408214063,NE,10.99258808083164,8.768418726857403,1,FALSE
31095,"Jefferson County, Nebraska",6727,0.1849994125395188,0.9634309499033744,0.02824438828601159,0.0038650215549279,0.03656905009662559,48981,7102,0.03027316248943959,NE,10.799187746794274,8.868131713503033,2,FALSE
31097,"Johnson County, Nebraska",4886,0.3817240540743409,0.901760130986492,0.07961522717969709,0.01801064265247646,0.098239869013508,49382,5118,0.03067604533020711,NE,10.8073412643066,8.540519016719735,3,TRUE
31099,"Kearney County, Nebraska",6152,0.1774834270749647,0.9631014304291288,0.03250975292587776,4.8764629388816646e-4,0.03689856957087123,62899,6588,0.03703703703703703,NE,11.04928554431096,8.79300509129753,2,FALSE
31101,"Keith County, Nebraska",7670,0.2523021468609402,0.94993481095176,0.03220338983050847,0.00260756192959582,0.05006518904823986,52169,8048,0.02857852882703777,NE,10.862243727728451,8.99317889233952,2,FALSE
31107,"Knox County, Nebraska",7868,0.25054683628006713,0.9557702084392476,0.0230045754956787,0.00419420437214031,0.04422979156075246,53653,8400,0.01416666666666666,NE,10.890292664482445,9.035986984831403,2,FALSE
31109,"Lancaster County, Nebraska",296115,0.6038539439203879,0.8814176924505682,0.0432061867855394,0.0334701045202033,0.11858230754943178,62464,315976,0.08276577967946933,NE,11.042345669772764,12.663421540317662,4,TRUE
31111,"Lincoln County, Nebraska",32964,0.26564283680061246,0.945910690450188,0.04055939813129474,0.00494478825385268,0.05408930954981195,59995,35042,0.03036356372353176,NE,11.002016504398489,10.464302621047032,3,TRUE
31119,"Madison County, Nebraska",32488,0.4892298409129204,0.8618259049495198,0.11939793154395469,0.01262004432405811,0.13817409505048017,52334,35023,0.07512206264454786,NE,10.8654015344347,10.463760267504872,4,TRUE
31121,"Merrick County, Nebraska",7355,0.25636000567828565,0.9487423521414003,0.03752549286199864,0.00462270564242012,0.05125764785859954,52254,7826,0.03450038333759264,NE,10.863871721920797,8.965206802770357,2,FALSE
31127,"Nemaha County, Nebraska",6582,0.24035055475476877,0.9565481616529932,0.02430872075357034,0.0072926162260711,0.04345183834700694,50236,6978,0.01476067641157924,NE,10.824487180138018,8.85051762174672,2,FALSE
31131,"Otoe County, Nebraska",14832,0.2734065148878485,0.9365560949298812,0.05528586839266451,0.00370819848975188,0.06344390507011866,64755,15965,0.04347009082367679,NE,11.078366196657688,9.678154105148884,3,TRUE
31137,"Phelps County, Nebraska",8514,0.20909012708048888,0.9534883720930232,0.0412262156448203,0,0.04651162790697671,58105,9050,0.02066298342541436,NE,10.970006997656974,9.110520036693972,2,FALSE
31139,"Pierce County, Nebraska",6664,0.11930074636405892,0.976890756302521,0.02070828331332533,0,0.02310924369747902,57629,7132,0.01388109927089175,NE,10.96178119220659,8.872346978983032,1,FALSE
31141,"Platte County, Nebraska",30838,0.4999570789427031,0.83092288734678,0.16084052143459368,0.00392373046241649,0.16907711265322,60878,33250,0.10309774436090226,NE,11.016627140484776,10.411810046084,4,TRUE
31143,"Polk County, Nebraska",4946,0.2881480534566899,0.9308532147189648,0.06126162555600485,0.00202183582693085,0.06914678528103513,59837,5208,0.0359062980030722,NE,10.999379477701783,8.557951183888406,3,TRUE
31145,"Red Willow County, Nebraska",10098,0.1449317515145414,0.9727668845315904,0.02089522677757972,0.0011883541295306,0.02723311546840956,48140,10725,0.01212121212121212,NE,10.781868711337063,9.280332743796215,1,FALSE
31147,"Richardson County, Nebraska",7494,0.05121906791735393,0.9931945556445156,0.00226848145182812,0,0.00680544435548435,44524,7913,0.0102363199797801,NE,10.703783648613117,8.976262255609193,1,FALSE
31151,"Saline County, Nebraska",13312,0.7525542061567735,0.7410606971153846,0.220703125,0.0194561298076923,0.2589393028846154,52956,14221,0.1604669151255186,NE,10.877216659057549,9.562475024372697,4,TRUE
31153,"Sarpy County, Nebraska",170752,0.4402274451937144,0.9116613568215892,0.05262017428785607,0.01675529422788605,0.08833864317841078,83051,183956,0.05601883058992368,NE,11.327210155908142,12.1224518775601,3,TRUE
31155,"Saunders County, Nebraska",20054,0.1519204238358684,0.975665702602972,0.01211728333499551,0.0030417871746285,0.02433429739702797,70414,21356,0.01025472935006555,NE,11.162147386011746,9.969088009620076,1,FALSE
31157,"Scotts Bluff County, Nebraska",33520,0.44091132101745534,0.8774463007159905,0.10856205250596658,0.00754773269689737,0.1225536992840095,53433,35884,0.03731468063761008,NE,10.886183811606896,10.488046792679176,3,TRUE
31159,"Seward County, Nebraska",16228,0.1689981749347073,0.9695587872812425,0.02039684495932955,0.00184865664283953,0.03044121271875766,71111,17217,0.01155834349770575,NE,11.171997315498414,9.753652546776472,2,FALSE
31161,"Sheridan County, Nebraska",4928,0.236872501031893,0.9588068181818182,0.01866883116883116,0.00466720779220779,0.04119318181818177,45543,5215,0.01955896452540748,NE,10.726412213600824,8.559294367434873,2,FALSE
31167,"Stanton County, Nebraska",5559,0.20089881898620784,0.9588055405648498,0.03417880913833423,0.00161899622234214,0.04119445943515021,64808,5946,0.03128153380423814,NE,11.079184331510326,8.690474003558043,2,FALSE
31169,"Thayer County, Nebraska",4703,0.1248479426827674,0.9800127578141612,0.00850520944078248,8.505209440782479e-4,0.0199872421858388,53234,5000,0.0062,NE,10.882452568938104,8.517193191416238,1,FALSE
31173,"Thurston County, Nebraska",6476,0.25275830687072287,0.9493514515132798,0.01883878937615812,0.00571340333539221,0.05064854848672018,55574,7218,0.01523967858132446,NE,10.925470744968305,8.884333185202735,2,FALSE
31177,"Washington County, Nebraska",19314,0.1634888244426035,0.9709537123330226,0.0205550377964171,0.00165682924303613,0.02904628766697736,71505,20546,0.01474739608682955,NE,11.177522656307035,9.93042155377621,1,FALSE
31179,"Wayne County, Nebraska",8912,0.3232534300125589,0.9288599640933572,0.05251346499102334,0.00538599640933572,0.07114003590664275,58894,9388,0.04175543246697912,NE,10.983494496878668,9.147187556970914,3,TRUE
31185,"York County, Nebraska",12723,0.25507102050073016,0.9514265503419004,0.03073174565747072,0.0018077497445571,0.04857344965809951,63105,13671,0.01579986833443054,NE,11.052555284692732,9.523032079931992,2,FALSE
32001,"Churchill County, Nevada",23027,0.5620495544399289,0.8494376167108177,0.1165588222521388,0.02041082207842966,0.15056238328918226,56335,24606,0.08014305453954321,NV,10.939071290598266,10.110745594620116,4,TRUE
32003,"Clark County, Nevada",2089863,1.076141281388726,0.6620922041301271,0.2294576247342529,0.06960647659679127,0.33790779586987285,61048,2228866,0.2210168758462824,NV,11.01941571896947,14.617003493916693,4,TRUE
32005,"Douglas County, Nevada",46833,0.4721522606975171,0.8902483291696026,0.08058420344628787,0.0098861913607926,0.1097516708303974,71415,48486,0.06903023553190611,NV,11.176263210296728,10.789030375461502,4,TRUE
32007,"Elko County, Nevada",48938,0.6060747351426041,0.8179328946830684,0.15376598961951857,0.00882749601536638,0.1820671053169316,79375,52537,0.08203742124597903,NV,11.281938736194991,10.869272962256426,4,TRUE
32013,"Humboldt County, Nevada",15630,0.6038942811318839,0.8075495841330774,0.16596289187460012,0.00863723608445297,0.19245041586692255,66123,16834,0.10959961981703696,NV,11.099271922956495,9.73115592977152,4,TRUE
32015,"Lander County, Nevada",5271,0.5994701086292964,0.8138873079112123,0.15594763801935116,7.588692847656991e-4,0.18611269208878767,73797,5565,0.0880503144654088,NV,11.20907335935581,8.624252263709645,4,TRUE
32017,"Lincoln County, Nevada",4993,0.3014149421722561,0.938113358702183,0.04265972361305828,0.00841177648708191,0.06188664129781696,56537,5177,0.03303071276801236,NV,10.942650570059175,8.551981016901902,3,TRUE
32019,"Lyon County, Nevada",52745,0.5178056972556401,0.8650677789363921,0.10844629822732012,0.00769741207697412,0.13493222106360792,58814,55667,0.06709540661433165,NV,10.98213520078464,10.927142790736806,4,TRUE
32023,"Nye County, Nevada",43445,0.5167431660770737,0.869398089538497,0.10116238922775923,0.01305098400276211,0.13060191046150305,47308,45514,0.08786307509777211,NV,10.764434693371008,10.725775249919163,4,TRUE
32027,"Pershing County, Nevada",6308,0.6735360292542243,0.7896322130627774,0.1751743817374762,0.01775523145212428,0.21036778693722255,57074,6591,0.0964952207555758,NV,10.952103950438548,8.79346036105272,4,TRUE
32031,"Washoe County, Nevada",436794,0.8121384422826596,0.7656744369199211,0.17082881175107717,0.03582695732999995,0.2343255630800789,68272,464182,0.1437194893382337,NV,11.13125500542778,13.048031995681162,4,TRUE
32033,"White Pine County, Nevada",9111,0.4356843300806159,0.8912303808583032,0.08648885962023928,0.00208539128525957,0.1087696191416968,57353,9570,0.04242424242424243,NV,10.956980431564268,9.166388484447,3,TRUE
32510,"Carson City, Nevada",52223,0.7436304194713779,0.7758075943549777,0.1785994676675028,0.01761675889933554,0.2241924056450223,58305,55244,0.12821301860835566,NV,10.973443131954433,10.91951501619782,4,TRUE
33001,"Belknap County, New Hampshire",58521,0.21949415288172897,0.9654483006100374,0.00876608396985697,0.00580988021394029,0.03455169938996261,67328,61174,0.02649818550364534,NA,11.117331476657329,11.021477541630476,2,FALSE
33003,"Carroll County, New Hampshire",46630,0.18815583455770904,0.9707055543641432,0.00692687111301737,0.00476088355136178,0.0292944456358567,66932,48461,0.02515424774560987,NA,11.111432457614464,10.78851462973334,2,FALSE
33005,"Cheshire County, New Hampshire",72539,0.18988431911695017,0.9717255545292875,0.00561077489350556,0.00563834626890362,0.02827444547071234,64686,76040,0.03144397685428721,NA,11.077300073767171,11.239014796602364,2,FALSE
33007,"Coos County, New Hampshire",30224,0.3960245475815176,0.9126191106405506,0.01773425092641609,0.00360640550555849,0.08738088935944943,48945,31486,0.02613860128310995,NA,10.79845249769553,10.357298281574574,3,TRUE
33009,"Grafton County, New Hampshire",86703,0.3779603999885416,0.9358961050944028,0.01065707068959551,0.02317105521146904,0.06410389490559731,67476,90331,0.058551327894078443,NA,11.119527258080202,11.411235980601818,3,TRUE
33011,"Hillsborough County, New Hampshire",393681,0.6756144321492733,0.8603209197294256,0.04884157477754831,0.02147169916760016,0.1396790802705744,82099,415305,0.0993029219489291,NA,11.315681115098371,12.936768469035895,4,TRUE
33013,"Merrimack County, New Hampshire",143788,0.3562890851666045,0.9395568475811612,0.01091885275544551,0.00872812752107269,0.0604431524188388,77937,150902,0.0535976991689971,NA,11.26365608700486,11.92438589847858,3,TRUE
33015,"Rockingham County, New Hampshire",294170,0.3561334507161507,0.9385729340177448,0.01934595641975728,0.01132338443757011,0.06142706598225511,93962,308211,0.04801256282222244,NA,11.450645724199784,12.638539892340908,3,TRUE
33017,"Strafford County, New Hampshire",124158,0.35591168351665853,0.940213276631389,0.0117592100388215,0.02265661495835951,0.05978672336861102,72682,130161,0.04611980547168506,NA,11.193849040018124,11.77652742471528,3,TRUE
33019,"Sullivan County, New Hampshire",41153,0.22728184982635077,0.9641095424391904,0.0049571112677083,0.00974412558015211,0.03589045756080966,63760,43173,0.02661385588214856,NA,11.062881313464096,10.672970578838283,2,FALSE
34001,"Atlantic County, New Jersey",250167,0.9987213634848068,0.7270743143580088,0.1595374289974297,0.04132039797415327,0.27292568564199116,63680,264650,0.1629132816928018,NA,11.061625820518264,12.486163477286134,4,TRUE
34003,"Bergen County, New Jersey",882071,1.438875960856822,0.5972228992904199,0.1568127735749163,0.11591810636558736,0.40277710070958006,104623,931275,0.3078016697538321,NA,11.55811869171898,13.744309893953153,4,TRUE
34005,"Burlington County, New Jersey",423334,0.6683901863302082,0.8636702934326088,0.04749677559562898,0.02916845800242834,0.13632970656739118,90329,446301,0.10160631502058028,NA,11.411213839563404,13.008748891260156,4,TRUE
34007,"Camden County, New Jersey",475863,0.8290657483419984,0.7926188840065312,0.12472497336418256,0.03643695769580741,0.20738111599346876,70957,506721,0.11177946049206564,NA,11.169829338750404,13.135715835246996,4,TRUE
34009,"Cape May County, New Jersey",88501,0.3962742672273557,0.9177297431667438,0.05332143139625541,0.0044406277895165,0.08227025683325617,72385,92701,0.04441160289533014,NA,11.189754374588144,11.437134538982278,3,TRUE
34011,"Cumberland County, New Jersey",140568,0.7558828912227776,0.7235359399009732,0.24340532695919412,0.00618206135108986,0.2764640600990268,55709,150085,0.09855082120131924,NA,10.92789699275503,11.918957079250132,4,TRUE
34013,"Essex County, New Jersey",745720,1.223935195069812,0.635034597436035,0.1942351016467307,0.02912219063455452,0.36496540256396504,63959,798698,0.2765125241330265,NA,11.065997532053936,13.590738180833233,4,TRUE
34015,"Gloucester County, New Jersey",276579,0.46165088690425454,0.91179373705162,0.0410262528970023,0.01662454488590963,0.08820626294838008,89056,291745,0.05351591286911515,NA,11.397020664325618,12.583635412041364,4,TRUE
34017,"Hudson County, New Jersey",625267,1.4994547578185684,0.40945867925222346,0.37138054623065025,0.07139510001327433,0.5905413207477765,75062,671923,0.4356912920081617,NA,11.226069717684418,13.41789902960678,4,TRUE
34019,"Hunterdon County, New Jersey",119978,0.6285402215029403,0.8711430428911967,0.04993415459500908,0.02114554334961409,0.1288569571088033,117858,125063,0.10178869849595804,NA,11.677235788962331,11.736572889319095,4,TRUE
34021,"Mercer County, New Jersey",347351,1.1600180303556231,0.6897461069638492,0.1492841534931525,0.0555979398360736,0.3102538930361508,83306,368085,0.23031093361587676,NA,11.330275854372507,12.816069168740563,4,TRUE
34023,"Middlesex County, New Jersey",777354,1.4675523620838142,0.5509561924168397,0.16998561787808386,0.09224111537343348,0.4490438075831603,91731,825015,0.3289782610013151,NA,11.426615660003202,13.623156846969712,4,TRUE
34025,"Monmouth County, New Jersey",590047,0.7883803133607935,0.8240868947727893,0.07140956567866627,0.02786049246924397,0.1759131052272107,103523,620821,0.13505181042522724,NA,11.547549089222082,13.338798074598603,4,TRUE
34027,"Morris County, New Jersey",468066,0.9945407761053388,0.7507744634303709,0.10873680207492106,0.05196703029060004,0.2492255365696291,117298,492715,0.19554915113199312,NA,11.672472984197828,13.107686192558178,4,TRUE
34029,"Ocean County, New Jersey",559059,0.5774756494626965,0.8803775630121329,0.05578302111226185,0.01121885167755102,0.11962243698786712,72679,602018,0.07717543329269225,NA,11.193807763472138,13.308042624176178,4,TRUE
34031,"Passaic County, New Jersey",468948,1.2286662750445734,0.5022881001731535,0.36344541399046376,0.02523520731509677,0.4977118998268465,73562,502763,0.32106777945075515,NA,11.205883867038157,13.12787416508279,4,TRUE
34033,"Salem County, New Jersey",59359,0.36882475509678114,0.9192371839148232,0.05645310736366853,0.00375680183291497,0.08076281608517666,64234,62754,0.03553558338910667,NA,11.07028794450768,11.046977599982323,3,TRUE
34035,"Somerset County, New Jersey",313186,1.2172222745365542,0.6840152497238063,0.1142579808803714,0.0859521179107623,0.31598475027619366,116510,330151,0.25874524081405176,NA,11.665732385213987,12.707305404544377,4,TRUE
34037,"Sussex County, New Jersey",134667,0.4958165324462321,0.900116583869842,0.04845285036423177,0.01041829104383405,0.09988341613015804,96222,140996,0.07751992964339414,NA,11.474413300736863,11.856486800163577,4,TRUE
34039,"Union County, New Jersey",520095,1.2725064029271145,0.5577307991809188,0.2828925484767206,0.02792374470048741,0.4422692008190812,82644,555208,0.30144198210400425,NA,11.3222975053327,13.227098097292822,4,TRUE
34041,"Warren County, New Jersey",100889,0.5908347115526325,0.8780144515259345,0.05657703020150859,0.01382707728295453,0.12198554847406552,83497,105730,0.09514801853778491,NA,11.332565982049804,11.568643953726571,4,TRUE
35001,"Bernalillo County, New Mexico",641168,0.8690013753747041,0.7152743118808175,0.22427195368452577,0.01917906071419659,0.28472568811918253,54308,679037,0.09953654955473708,NA,10.902426824720171,13.428430896956057,4,TRUE
35005,"Chaves County, New Mexico",60568,0.7461534903753781,0.6604972922995641,0.3222823933430194,0.00833773609826971,0.3395027077004359,46254,64912,0.12614000492975103,NA,10.741903225687317,11.080787785446228,4,TRUE
35006,"Cibola County, New Mexico",25103,1.0354926490242786,0.5885352348324902,0.19013663705533204,0.00856471338087081,0.41146476516750985,44731,26763,0.02992938011433696,NA,10.70842205253738,10.194775615581891,4,TRUE
35007,"Colfax County, New Mexico",11546,0.6383454875641963,0.7692707431144985,0.2103758877533345,0.00519660488480859,0.2307292568855015,36937,12106,0.03923674211134975,NA,10.516969037677818,9.401456476451632,4,TRUE
35009,"Curry County, New Mexico",45524,0.6835579451943906,0.7253316931728319,0.25749055443282665,0.00951146647921975,0.27466830682716814,48903,49502,0.0974304068522484,NA,10.7975940232744,10.809768351780964,4,TRUE
35013,"Doña Ana County, New Mexico",203786,0.8384526851185391,0.5055106827750679,0.4710775028706584,0.00776795265621779,0.49448931722493206,44024,217696,0.1652166323680729,NA,10.692490218739596,12.290854873144788,4,TRUE
35015,"Eddy County, New Mexico",53607,0.5925594741700567,0.7726229783423807,0.2176394873803794,0.00464491577592478,0.2273770216576193,65000,57865,0.06335435928454161,NA,11.082142548877776,10.965867990282176,4,TRUE
35017,"Grant County, New Mexico",25986,0.6905725702558116,0.71650119295005,0.2655275917801893,0.00242438235973216,0.28349880704995,37453,27391,0.0328940162827206,NA,10.530842092546065,10.217969771265723,4,TRUE
35025,"Lea County, New Mexico",64766,0.7549331892236237,0.6096871815458729,0.3754902263533335,0.00188370441280919,0.39031281845412713,61867,70359,0.17056808652766525,NA,11.032742198582648,11.161365986129686,4,TRUE
35027,"Lincoln County, New Mexico",18815,0.5852366415901907,0.7915492957746478,0.19319691735317565,0.00515546106829657,0.20845070422535217,44939,19640,0.06822810590631365,NA,10.713061293600331,9.885323581908455,4,TRUE
35028,"Los Alamos County, New Mexico",18010,0.6283771811449654,0.8639089394780678,0.065741254858412,0.04153248195446973,0.1360910605219322,119266,18976,0.08753161888701518,NA,11.689111571658101,9.850930301797453,4,TRUE
35029,"Luna County, New Mexico",22267,0.7555313443739479,0.4997080882022724,0.4903669106749899,0.00565859792518076,0.5002919117977276,32251,24022,0.16222629256514862,NA,10.381304329495126,10.086725356114435,4,TRUE
35031,"McKinley County, New Mexico",66915,0.941832745894524,0.4570425166255698,0.05653440932526339,0.00799521781364417,0.5429574833744302,36179,71956,0.02514036355550614,NA,10.496234118987427,11.183810100082576,4,TRUE
35035,"Otero County, New Mexico",62383,0.7455016273014792,0.7446419697674046,0.2141128191975378,0.00966609492970841,0.2553580302325954,45032,66804,0.09836237351056824,NA,10.715128627143862,11.109518237971509,4,TRUE
35037,"Quay County, New Mexico",7790,0.5816127549345667,0.786392811296534,0.2011553273427471,0.00218228498074454,0.21360718870346596,33962,8265,0.02577132486388384,NA,10.432997531506247,9.019785010255124,4,TRUE
35039,"Rio Arriba County, New Mexico",36522,1.0310887463810594,0.4025792672909479,0.483078692295055,0.00665352390340068,0.5974207327090522,42264,38962,0.04512088701812022,NA,10.651690938844151,10.57034209114115,4,TRUE
35041,"Roosevelt County, New Mexico",17439,0.6665424404379807,0.7165548483284592,0.26974023739893344,0.00160559665118412,0.28344515167154083,42917,18723,0.11659456283715217,NA,10.667023296818002,9.837507993602152,4,TRUE
35043,"Sandoval County, New Mexico",137262,0.8339036414726062,0.7364820562136644,0.15753813874196793,0.00794101790735964,0.26351794378633564,65071,144954,0.05208548918967396,NA,11.083234260436102,11.88417172969171,4,TRUE
35045,"San Juan County, New Mexico",117291,0.8521328849838183,0.6943414243207067,0.0962989487684477,0.00443341773878643,0.30565857567929333,47643,125608,0.02596172218330042,NA,10.771490993778755,11.740921225255358,4,TRUE
35047,"San Miguel County, New Mexico",26271,0.8367875444952344,0.44581477675002856,0.5280347150850748,0.00688972631418674,0.5541852232499714,32310,27546,0.03564945908661875,NA,10.383132058818545,10.223612613477275,4,TRUE
35049,"Santa Fe County, New Mexico",143996,0.8471282003505035,0.660435012083669,0.2982513403150088,0.0073474263173977,0.33956498791633105,60668,150319,0.1175367052734518,NA,11.013171655171288,11.920514981590498,4,TRUE
35051,"Sierra County, New Mexico",10613,0.6280449083790636,0.7843211156129275,0.1956091585791011,0.0093281824177895,0.2156788843870725,33873,10988,0.04277393520203858,NA,10.430373515848633,9.304559047215164,4,TRUE
35053,"Socorro County, New Mexico",15876,1.008146906889941,0.625976316452507,0.2566767447719829,0.00799949609473419,0.37402368354749305,40297,16723,0.06039586198648568,NA,10.60403230347651,9.724540296381123,4,TRUE
35055,"Taos County, New Mexico",31426,0.9024902899288446,0.5953668936549354,0.34404633106345067,0.00579138293133074,0.40463310634506455,41973,32759,0.04920785127751152,NA,10.644781833401396,10.396933012470582,4,TRUE
35057,"Torrance County, New Mexico",14731,0.7090374435167577,0.7667503903333107,0.19618491616319328,0.01948272350824791,0.23324960966668928,38240,15477,0.0579569684047296,NA,10.551637367165338,9.64711032991276,4,TRUE
35061,"Valencia County, New Mexico",72344,0.7241005558524882,0.7099828596704634,0.2633252239301117,0.0036354086033396,0.2900171403295366,50801,76518,0.06712146161687446,NA,10.835671318412196,11.245281286254954,4,TRUE
36001,"Albany County, New York",290755,0.6932784030734996,0.8616154494333718,0.03345772213719454,0.03688672593764509,0.13838455056662824,68327,306165,0.11584929694772426,NA,11.13206028223028,12.631879451296252,4,TRUE
36003,"Allegany County, New York",43951,0.2704290208703133,0.9540852312802894,0.00932857045345953,0.00819093991035471,0.04591476871971056,51227,46304,0.02088372494816862,NA,10.844022015780748,10.74298362943121,3,TRUE
36005,"Bronx County, New York",1324377,1.16575147915293,0.4157970124820954,0.47090367772922664,0.01346368896469811,0.5842029875179047,41895,1427056,0.3464117736094449,NA,10.642921767047389,14.171124138856465,4,TRUE
36007,"Broome County, New York",182073,0.5047209236394641,0.9077787480845596,0.02285347086058888,0.02490759200979827,0.0922212519154405,52237,192042,0.07114068797450558,NA,10.863546335042498,12.165469377087629,4,TRUE
36009,"Cattaraugus County, New York",72362,0.24593904591532115,0.9582792073187584,0.01137337276471076,0.00229402172410933,0.04172079268124151,50700,76750,0.01766775244299674,NA,10.833681189579275,11.248308665449445,2,FALSE
36011,"Cayuga County, New York",73186,0.21763614697929473,0.9632170087175144,0.01876041865930642,0.00368923018063564,0.03678299128248574,57985,76958,0.01910132799708932,NA,10.967939635390804,11.25101509747592,2,FALSE
36013,"Chautauqua County, New York",120616,0.37858936949791344,0.9204002785700072,0.04643662532334019,0.00338263580287855,0.07959972142999272,48315,127584,0.02459556057185854,NA,10.78549735043341,11.756530250181081,3,TRUE
36015,"Chemung County, New York",79441,0.2740988287561507,0.9547085258241964,0.01572235999043315,0.01171938923226042,0.04529147417580348,54883,84115,0.03177792308149557,NA,10.912958925628738,11.33994018915326,3,TRUE
36017,"Chenango County, New York",44991,0.198476128830514,0.9666155453312884,0.01893712075748483,0.00382298681958614,0.03338445466871154,51756,47527,0.01733751341342815,NA,10.854295646435844,10.76905324958531,2,FALSE
36019,"Clinton County, New York",76545,0.33096830486857354,0.9414462081128748,0.01861650009798158,0.00670194003527336,0.05855379188712517,59510,80320,0.04427290836653386,NA,10.993899644638898,11.293773934925555,3,TRUE
36021,"Columbia County, New York",57571,0.3939689891492474,0.9271681923190496,0.0268537979190912,0.00633999756822011,0.07283180768095043,68750,60016,0.06611570247933884,NA,11.138232015528818,11.002366472321668,3,TRUE
36023,"Cortland County, New York",45274,0.2646554990361953,0.9569068339444272,0.00819454874762556,0.00596368776781375,0.04309316605557278,59194,47618,0.02511655256415641,NA,10.98857546438435,10.770966119998848,3,TRUE
36025,"Delaware County, New York",42937,0.33803094132568745,0.937932319444768,0.02843701236695623,0.00435521811025455,0.06206768055523204,49945,44676,0.04443101441489838,NA,10.81867767896625,10.707191723660715,3,TRUE
36027,"Dutchess County, New York",280092,0.6951009135505086,0.846814618054068,0.07755308969909887,0.02170001285291975,0.153185381945932,81842,293524,0.11731919706736076,NA,11.31254583825457,12.589714686627776,4,TRUE
36029,"Erie County, New York",868651,0.5629388228407903,0.8922294454274502,0.03479993691367419,0.01881077671009416,0.1077705545725498,59464,918873,0.07248879877850367,NA,10.993126366405129,13.730903198099403,4,TRUE
36031,"Essex County, New York",35775,0.3326650327404377,0.9380293501048218,0.02518518518518518,0.0010901467505241,0.0619706498951782,58109,37281,0.04020814892304391,NA,10.970075836179038,10.526239092474103,3,TRUE
36033,"Franklin County, New York",47984,0.4218458326959442,0.9196398799599866,0.02567522507502501,0.00554351450483494,0.08036012004001336,52905,50389,0.03046299787652067,NA,10.87625313133826,10.827528176270343,3,TRUE
36035,"Fulton County, New York",50702,0.16162642024583287,0.9750700169618556,0.0101376671531695,0.00214981657528302,0.02492998303814442,51663,53452,0.01827808126917608,NA,10.852497136973009,10.886539333900952,1,FALSE
36037,"Genesee County, New York",54550,0.20060119715873817,0.9640146654445464,0.02240146654445463,0.00295142071494042,0.03598533455545372,60635,57554,0.02448135663898252,NA,11.012627563090891,10.960478916513138,2,FALSE
36039,"Greene County, New York",45273,0.39469694027558416,0.9245908157179776,0.03419256510502948,0.00483732025710688,0.07540918428202237,56681,47335,0.05841343614661455,NA,10.945194336556536,10.765005258562992,3,TRUE
36043,"Herkimer County, New York",58628,0.33198895136660966,0.9403527324827728,0.01175206386027154,0.00586750358190625,0.05964726751722726,58438,61738,0.0245229842236548,NA,10.975721642144173,11.030654903621512,3,TRUE
36045,"Jefferson County, New York",102781,0.4401037794091046,0.9150621223767038,0.04123330187486014,0.01025481363286988,0.08493787762329619,54726,111454,0.04299531645342473,NA,10.910094195408211,11.621367228703836,3,TRUE
36047,"Kings County, New York",2389270,1.5593303836180727,0.5545949181130638,0.14925479330506808,0.08628702490718923,0.44540508188693617,63973,2576771,0.3560293095505965,NA,11.066216398327516,14.762047622666936,4,TRUE
36049,"Lewis County, New York",24808,0.1833566186959868,0.9696065785230572,0.01261689777491132,0.00112866817155756,0.0303934214769429,56192,26456,0.01277592984578167,NA,10.93652967699479,10.183238254661628,2,FALSE
36051,"Livingston County, New York",60532,0.3857608960765679,0.9287979911451794,0.02641578008326174,0.00589770699795149,0.07120200885482064,60248,63218,0.03337656996425069,NA,11.006224655781187,11.054344349710826,3,TRUE
36053,"Madison County, New York",67585,0.27679316834283973,0.9557298217059998,0.01032773544425538,0.00720574091884293,0.04427017829400015,61176,70990,0.02655303563882237,NA,11.021510234724062,11.170294301033431,3,TRUE
36055,"Monroe County, New York",702253,0.656315985314972,0.8618090631154299,0.06078720916820576,0.02091126702199919,0.13819093688457007,62087,743084,0.08457859407550156,NA,11.036291906232384,13.518564372491335,4,TRUE
36057,"Montgomery County, New York",46180,0.5727333950053375,0.8620831528800347,0.0859246427024686,0.00491554785621481,0.13791684711996532,50146,49294,0.03335091491865136,NA,10.82269402949118,10.80555764877031,4,TRUE
36059,"Nassau County, New York",1281541,1.100161768825494,0.7117587342113908,0.12844614413428834,0.04917595301281816,0.2882412657886092,120036,1355683,0.22395943594483372,NA,11.695546976773182,14.119815944341443,4,TRUE
36061,"New York County, New York",1552128,1.2851833232806076,0.6118857465363682,0.21182273626917367,0.07930918068612897,0.3881142534636318,89812,1629153,0.2828525006552485,NA,11.405473875652092,14.30357080582566,4,TRUE
36063,"Niagara County, New York",199129,0.285993645316633,0.9521917952683938,0.01728527738300297,0.00596598185096093,0.04780820473160618,57252,210145,0.03910633134264436,NA,10.955217855304108,12.25555304762107,3,TRUE
36065,"Oneida County, New York",216159,0.6361062598962002,0.872339342798588,0.03541374636263121,0.03577921807558325,0.12766065720141195,59113,229074,0.08093891057038337,NA,10.987206145364231,12.34180037444137,4,TRUE
36067,"Onondaga County, New York",435278,0.5797958873004603,0.8913177325755035,0.03152008601399565,0.02365844356939702,0.10868226742449648,62668,461591,0.07844173738222798,NA,11.045606229513378,13.042434496585605,4,TRUE
36069,"Ontario County, New York",104365,0.3258751361023714,0.94126383366071,0.02597614142672352,0.00520289369041345,0.05873616633929002,64795,109774,0.0365660356732924,NA,11.078983718869514,11.60617898584618,3,TRUE
36071,"Orange County, New York",356642,0.9263990324017388,0.7513921523544619,0.1316193830227511,0.01514964586335877,0.24860784764553812,80816,382077,0.1153903532534018,NA,11.299930244707834,12.8533774379567,4,TRUE
36073,"Orleans County, New York",38733,0.3134834379893422,0.939070043632045,0.03433764490227971,0.00387266671830222,0.06092995636795495,52958,40624,0.0292684127609295,NA,10.877254425547346,10.61211430394446,3,TRUE
36075,"Oswego County, New York",111156,0.23072862516352263,0.96301594155961,0.01419626470905754,0.00559573932131418,0.0369840584403901,59070,117630,0.01852418600697101,NA,10.986478460301282,11.675299383954489,2,FALSE
36077,"Otsego County, New York",57106,0.3385898725922868,0.9403740412566104,0.02208174272405701,0.0063040661226491,0.05962595874338949,56171,59593,0.03705133153222693,NA,10.936155888465745,10.99529339649126,3,TRUE
36079,"Putnam County, New York",94286,0.7960334961463246,0.8018157520734785,0.10460725876588252,0.01431813842988354,0.19818424792652145,107246,98714,0.13942297951658325,NA,11.582880540057452,11.4999820593343,4,TRUE
36081,"Queens County, New York",2130575,1.6600058260370945,0.4475359938044894,0.2315356183189984,0.14920385341985146,0.5524640061955106,72028,2270976,0.469356787566227,NA,11.184810211289395,14.63572025300015,4,TRUE
36083,"Rensselaer County, New York",150787,0.4199064301381615,0.9244961435667532,0.02379515475472023,0.0175545637223368,0.07550385643324686,72510,159013,0.05250514108909334,NA,11.191479762365638,11.97674123886641,3,TRUE
36085,"Richmond County, New York",448443,1.2793582306123386,0.665012052813847,0.10606699179159894,0.06642538739594553,0.334987947186153,85381,475596,0.23931235754716187,NA,11.354878872588175,13.072324033334464,4,TRUE
36087,"Rockland County, New York",298794,1.4077398701578954,0.5861463081587984,0.14047470832747647,0.0385851121508464,0.4138536918412016,94840,325213,0.21195032178910436,NA,11.459946540179342,12.692235631256551,4,TRUE
36089,"St. Lawrence County, New York",102774,0.401005251534142,0.9255745616595638,0.01596707338431899,0.00802732208535232,0.07442543834043625,52071,108352,0.03709207028942705,NA,10.860363450888991,11.593140465492809,3,TRUE
36091,"Saratoga County, New York",217832,0.3969479980684069,0.9317731095523156,0.01650354401557163,0.01601693047853391,0.06822689044768449,85224,229313,0.05791647224535896,NA,11.353038363291034,12.342843161525895,3,TRUE
36093,"Schenectady County, New York",145920,0.4516850895564063,0.9130208333333332,0.03553316885964912,0.01498081140350877,0.08697916666666672,66488,155086,0.09951252853255611,NA,11.104776759232864,11.951735080744976,3,TRUE
36095,"Schoharie County, New York",29849,0.3110191314002717,0.9454588093403464,0.01732051325002512,0.00435525478240477,0.05454119065965357,58926,31189,0.03203052358203213,NA,10.98403769838583,10.347820747529674,3,TRUE
36097,"Schuyler County, New York",16942,0.1946375120967616,0.9673592255932004,0.00979813481289104,0.0071420139298784,0.03264077440679969,53291,17845,0.01832446063323059,NA,10.883522740361526,9.789478635924262,2,FALSE
36099,"Seneca County, New York",32481,0.3940651031825808,0.9210923309011422,0.02789322988824235,0.00603429697361534,0.07890766909885782,54865,34295,0.02411430237643971,NA,10.9126309014249,10.442754849933422,3,TRUE
36101,"Steuben County, New York",90550,0.3204290801244432,0.9446162341247928,0.01024848150193263,0.01031474323578133,0.0553837658752071,55349,95843,0.03486952620431331,NA,10.92141387112624,11.470466715029657,3,TRUE
36103,"Suffolk County, New York",1402096,0.8499307258229534,0.7752828622291198,0.13823875112688433,0.02063624744667983,0.2247171377708802,105362,1481364,0.15348017097755853,NA,11.565157318773064,14.20847384292947,4,TRUE
36105,"Sullivan County, New York",70956,0.6677763247412293,0.8422684480523142,0.0880686622695755,0.0073989514628784,0.15773155194768584,60433,75329,0.09518246624805853,NA,11.00929059233982,11.229620465807958,4,TRUE
36107,"Tioga County, New York",45952,0.1738940087991054,0.9733852715877436,0.01035863509749303,0.00491817548746518,0.02661472841225631,61965,48431,0.01864508269496809,NA,11.034324988498977,10.787895383542557,2,FALSE
36109,"Tompkins County, New York",98265,0.7434504757917817,0.8461201852134534,0.02929832595532488,0.06686002137078309,0.15387981478654655,61361,102237,0.1265197531226464,NA,11.024529733170398,11.53504892645785,4,TRUE
36111,"Ulster County, New York",170593,0.5046827360274915,0.893459872327704,0.05953937148652055,0.01027591987947922,0.10654012767229604,65306,178371,0.07685105762708064,NA,11.086839194657571,12.091620929860568,4,TRUE
36113,"Warren County, New York",61358,0.2509687424356851,0.9588480719710551,0.01118028618924997,0.00405815052641872,0.04115192802894485,64658,64187,0.03692336454422235,NA,11.076867119777232,11.0695559769619,2,FALSE
36115,"Washington County, New York",58436,0.2879541332576568,0.9497569991101376,0.02120268327743172,0.00479156684235745,0.05024300088986244,59613,61304,0.02353843142372439,NA,10.995628950073923,11.02360037265024,3,TRUE
36117,"Wayne County, New York",85196,0.29003432723815115,0.94746232217475,0.02471947039767125,0.00473026902671486,0.05253767782524998,62003,90103,0.02793469695792592,NA,11.034938049953386,11.408708739379522,3,TRUE
36119,"Westchester County, New York",914847,1.1369194577498918,0.66283651801886,0.19926282755477143,0.03636455057512349,0.33716348198114,99489,968738,0.2539406939750479,NA,11.507802364271456,13.7837494724762,4,TRUE
36121,"Wyoming County, New York",38112,0.19993819354015743,0.9649716624685138,0.02180415617128463,0.00333228379513014,0.03502833753148615,58746,40027,0.02038623928848027,NA,10.980978344582129,10.597309505386036,2,FALSE
36123,"Yates County, New York",23437,0.4791148523552911,0.8630370781243333,0.01382429491829159,0.00388274949865597,0.13696292187566672,55307,24981,0.01721308194227613,NA,10.920654761778046,10.125870814903928,4,TRUE
37001,"Alamance County, North Carolina",156497,0.48253552788983994,0.8741381623928893,0.10451957545512054,0.00771260790941679,0.12586183760711067,51580,166144,0.08010520993836671,NA,10.850889279435336,12.020610161183653,4,TRUE
37003,"Alexander County, North Carolina",35501,0.2890164382277338,0.9397763443283288,0.04428044280442804,0.0051266161516577,0.0602236556716712,51329,37271,0.0335649700839795,NA,10.846011173580044,10.525970823344906,3,TRUE
37005,"Alleghany County, North Carolina",10628,0.2505049615976349,0.9363003387278886,0.06087692886714339,0.0020700037636432,0.06369966127211135,37158,11085,0.04654939106901218,NA,10.522934370166116,9.313348122050412,2,FALSE
37007,"Anson County, North Carolina",23250,0.2687274017212998,0.9455913978494624,0.03827956989247311,0.01019354838709677,0.05440860215053766,39799,24430,0.02754809660253786,NA,10.591597065328736,10.103567164251784,3,TRUE
37009,"Ashe County, North Carolina",25909,0.23946738060214587,0.9501331583619592,0.03975452545447527,0.00690879617121463,0.04986684163804078,43030,27009,0.03317412714280425,NA,10.669652825832646,10.203925422776589,2,FALSE
37011,"Avery County, North Carolina",16910,0.2735940262106042,0.9438202247191012,0.04139562389118864,0.00177409816676522,0.0561797752808989,42695,17510,0.03072529982866933,NA,10.661837096341706,9.770527425279898,3,TRUE
37013,"Beaufort County, North Carolina",44869,0.26598356557554687,0.9349662350397824,0.05972943457621074,0.00102520671287525,0.06503376496021751,48051,47160,0.03335453774385072,NA,10.780018225836406,10.761301354651309,3,TRUE
37015,"Bertie County, North Carolina",18273,0.16463808922559994,0.9721994199091556,0.0166365676134187,0.00596508509823236,0.0278005800908444,35042,19081,0.00796603951574865,NA,10.464302621047032,9.85644835453034,1,FALSE
37017,"Bladen County, North Carolina",31477,0.3222701246565555,0.9182260062903072,0.07243384058201226,0.00120723067636687,0.08177399370969274,37188,33209,0.03709837694600861,NA,10.523741407575748,10.41057620250521,3,TRUE
37019,"Brunswick County, North Carolina",132022,0.25149400448732373,0.9513035706170184,0.03442608050173456,0.00273439275272303,0.04869642938298157,59763,137303,0.03420901218473012,NA,10.998142019349894,11.82994544148094,2,FALSE
37021,"Buncombe County, North Carolina",246884,0.38151104533746993,0.919464201811377,0.05440611785291878,0.00669950260041152,0.080535798188623,55032,259576,0.06042161062656023,NA,10.91567011320585,12.466804809615356,3,TRUE
37023,"Burke County, North Carolina",85822,0.4463021911275844,0.9009111882734032,0.05799212323180536,0.02718417189065741,0.09908881172659688,43915,90148,0.05072769223942849,NA,10.690011226351215,11.409208043138555,3,TRUE
37025,"Cabarrus County, North Carolina",198184,0.5767267784312617,0.8708674766883301,0.07701428975093852,0.02179287934444758,0.1291325233116699,71177,211605,0.08497436260957916,NA,11.172925011505574,12.262476608176712,4,TRUE
37027,"Caldwell County, North Carolina",77887,0.26353885937269517,0.9472569234917252,0.03973705496424307,0.003543595208443,0.05274307650827481,46094,82056,0.02849273666764161,NA,10.738438068670437,11.315157219987247,2,FALSE
37029,"Camden County, North Carolina",10094,0.2570589445060231,0.9559144045967902,0.01515751931840697,0.01446403804240142,0.04408559540320977,63834,10654,0.02149427445091045,NA,11.06404124274442,9.273690687476943,2,FALSE
37031,"Carteret County, North Carolina",66473,0.28384370564219824,0.9472567809486558,0.03208821626825929,0.00550599491522873,0.05274321905134416,57871,69301,0.02694044818978081,NA,10.965971674529175,11.146214615088311,3,TRUE
37033,"Caswell County, North Carolina",21571,0.23613901031258863,0.95257521672616,0.03235825877335311,0.00644383663251587,0.04742478327383992,47938,22619,0.02307794332198594,NA,10.777663788302936,10.026545540027982,2,FALSE
37035,"Catawba County, North Carolina",149663,0.5358483795959732,0.8681103545966605,0.08693531467363343,0.03485831501439902,0.13188964540333947,54690,158507,0.06599077643258658,NA,10.90943615634082,11.973554035362126,4,TRUE
37037,"Chatham County, North Carolina",69375,0.5141271628790111,0.8627171171171171,0.11224504504504504,0.01037837837837838,0.13728288288288293,69799,72853,0.09307784168119364,NA,11.153374962000273,11.19619899128335,4,TRUE
37039,"Cherokee County, North Carolina",27332,0.19824204274129295,0.9635591980096592,0.02568417971608371,0.0058905312454266,0.03644080199034094,40793,28413,0.02646675817407524,NA,10.61626577704522,10.254602065894211,2,FALSE
37041,"Chowan County, North Carolina",13245,0.20368124266562307,0.9639109097772744,0.02015855039637599,0,0.03608909022272555,44050,13995,0.0255805644873169,NA,10.693080631364326,9.546455401949554,2,FALSE
37043,"Clay County, North Carolina",10640,0.21053300823607796,0.961842105263158,0.02283834586466165,0.00601503759398496,0.03815789473684206,42160,11150,0.03838565022421524,NA,10.649227183215244,9.319194776888263,2,FALSE
37045,"Cleveland County, North Carolina",92189,0.22807724753001435,0.9568169738255108,0.03080627840631745,0.00583583724739394,0.04318302617448932,43512,97765,0.02396563187234695,NA,10.680792041102796,11.490321918760376,2,FALSE
37047,"Columbus County, North Carolina",52684,0.28367432954465144,0.9377989522435654,0.05060359881557968,0.00391010553488725,0.06220104775643464,38487,55659,0.02694981943620977,NA,10.55807580091745,10.926999068694988,3,TRUE
37049,"Craven County, North Carolina",95822,0.4026397451291493,0.914685562814385,0.0511260462106823,0.02396109452944,0.08531443718561504,53894,102290,0.04715025906735751,NA,10.894774433446688,11.535567195451051,3,TRUE
37051,"Cumberland County, North Carolina",309296,0.5354890637454474,0.8842338730536444,0.0714493559567534,0.02062425637576949,0.11576612694635556,48177,334562,0.06433785068238473,NA,10.7826370077296,12.720577492645548,4,TRUE
37053,"Currituck County, North Carolina",25791,0.20207454650740148,0.957000504051801,0.0379589779380404,0.00193866077313791,0.04299949594819896,73741,27210,0.02326350606394707,NA,11.20831423285702,10.211339831777291,2,FALSE
37055,"Dare County, North Carolina",35135,0.3830810303657402,0.911626583179166,0.06611640814003131,0.00213462359470613,0.08837341682083388,65420,36698,0.04637854923974059,NA,11.088583301092376,10.5104775366449,3,TRUE
37057,"Davidson County, North Carolina",157724,0.3638099766705553,0.9214070147853212,0.05663691004539575,0.01221120438233876,0.07859298521467883,50454,166837,0.05064224362701319,NA,10.828817309060954,12.024772566849768,3,TRUE
37059,"Davie County, North Carolina",40467,0.31618087461022665,0.9272740751723628,0.06017248622334247,0.00360787802406899,0.07272592482763729,62028,42543,0.05171238511623534,NA,11.03534117498404,10.658270608129456,3,TRUE
37061,"Duplin County, North Carolina",55319,0.5956519176851149,0.7829498002494623,0.20257054538223757,0.00215115963773748,0.21705019975053777,43422,58965,0.1232426015432884,NA,10.678721504094185,10.98469932652407,4,TRUE
37063,"Durham County, North Carolina",297263,0.7456810264407043,0.8162738046780124,0.1166744599899752,0.02921318832145272,0.18372619532198764,62812,317665,0.14015393574992524,NA,11.047901417004844,12.66875264736475,4,TRUE
37065,"Edgecombe County, North Carolina",49082,0.2208095000148204,0.9515504665661546,0.04296890917240536,0.00232264373904893,0.04844953343384539,40489,52069,0.02627283028289385,NA,10.608785611265056,10.86032504105607,2,FALSE
37067,"Forsyth County, North Carolina",356020,0.5888355768560393,0.8522189764619965,0.108926464805348,0.01570698275377787,0.1477810235380035,53583,378499,0.08516006647309504,NA,10.888987132572591,12.843968709848223,4,TRUE
37069,"Franklin County, North Carolina",64240,0.3029675258576184,0.9303082191780822,0.05916874221668742,0.00294209215442092,0.06969178082191785,58172,68027,0.05600717362223823,NA,10.9711594182976,11.12765996417478,3,TRUE
37071,"Gaston County, North Carolina",208986,0.3816872617659725,0.9179705817614576,0.05961164862718077,0.01023513536791938,0.08202941823854226,53474,222119,0.05295359694578131,NA,10.886950833448497,12.310968553274456,3,TRUE
37073,"Gates County, North Carolina",11097,0.1655484450707344,0.9716139497161396,0.00838064341713976,0.01252590790303685,0.02838605028386054,45871,11519,0.00989669242121711,NA,10.73358838809481,9.351753124926509,1,FALSE
37075,"Graham County, North Carolina",8121,0.18869855033239913,0.9619504987070556,0.02659770964166974,9.851003570988794e-4,0.03804950129294426,42207,8501,0.02258557816727444,NA,10.650341363045325,9.04793908261736,2,FALSE
37077,"Granville County, North Carolina",56849,0.33766396805796073,0.9230769230769232,0.06286830023395311,0.00504846171436612,0.07692307692307687,56924,59823,0.04468181134346322,NA,10.949472323803551,10.999145481377802,3,TRUE
37079,"Greene County, North Carolina",19963,0.4809769675125995,0.8477182788158093,0.14256374292441015,0.00335620898662525,0.1522817211841907,43563,20987,0.07638061657216372,NA,10.681963445198846,9.95165847739742,4,TRUE
37081,"Guilford County, North Carolina",501719,0.6671663338810622,0.8607268211887531,0.06162214307211806,0.02967398085382455,0.1392731788112469,54794,532956,0.10723586937758464,NA,10.911335977890648,13.186194148145663,4,TRUE
37083,"Halifax County, North Carolina",47913,0.18519765144222017,0.9679001523594848,0.0207876776657692,0.00421597478763592,0.0320998476405151,35904,50678,0.01917992028098978,NA,10.488603988882367,10.833247170357248,2,FALSE
37085,"Harnett County, North Carolina",124484,0.45375990571907426,0.8904678512901256,0.08617171684714502,0.01069213714212268,0.10953214870987438,54565,134328,0.05727026383181466,NA,10.90714793054719,11.808039849239304,3,TRUE
37087,"Haywood County, North Carolina",58946,0.1938088872551332,0.9663760051572626,0.02117192006243002,0.00435992264106131,0.03362399484273737,51548,61862,0.02374640328473053,NA,10.850268691408282,11.032661376786582,2,FALSE
37089,"Henderson County, North Carolina",110789,0.4251069620763742,0.9020931680943054,0.0742041177373205,0.00914350702687089,0.0979068319056946,58928,116298,0.06780856076630724,NA,10.984071638684847,11.66391114145433,3,TRUE
37091,"Hertford County, North Carolina",22683,0.25167153537081294,0.9530044526738086,0.03090420138429661,0.00652471013534364,0.04699554732619138,42588,23752,0.0381020545638262,NA,10.659327802434497,10.075422016443596,2,FALSE
37093,"Hoke County, North Carolina",49982,0.46498107857475846,0.8844784122284022,0.09283342003121124,0.01098395422352046,0.11552158777159782,51140,54590,0.0619527385968126,NA,10.842322248845178,10.907605994775803,4,TRUE
37095,"Hyde County, North Carolina",4725,0.37414808518563414,0.8812698412698413,0.11682539682539685,0,0.11873015873015869,46667,5089,0.05639614855570839,NA,10.750792555754964,8.534836626588833,3,TRUE
37097,"Iredell County, North Carolina",168968,0.4239684633431767,0.9083317551252308,0.05895199090952133,0.01852421760333317,0.0916682448747692,62551,178853,0.06485773232766574,NA,11.043737502977494,12.094319518379306,3,TRUE
37099,"Jackson County, North Carolina",41587,0.31765142192714824,0.9363022098251856,0.03998845793156515,0.00512179286796354,0.06369779017481425,46820,43435,0.03220904800276275,NA,10.754065741044904,10.67902084669402,3,TRUE
37101,"Johnston County, North Carolina",190532,0.4856059630146696,0.8704049713433963,0.10975059307622868,0.00535343144458673,0.12959502865660366,61806,203308,0.0739616739134712,NA,11.031755726111747,12.22247734955545,4,TRUE
37103,"Jones County, North Carolina",9034,0.2040589511006678,0.9581580695151648,0.0338720389639141,0.00110692937790568,0.04184193048483509,38324,9453,0.02369618110652702,NA,10.553831610770764,9.154087430425385,2,FALSE
37105,"Lee County, North Carolina",57167,0.5396716810264869,0.826823167211853,0.15771336610282155,0.0105130582328966,0.173176832788147,52294,61083,0.0927754039585482,NA,10.86463692071851,11.019988874039978,4,TRUE
37107,"Lenoir County, North Carolina",53094,0.29299233901211724,0.927505932873771,0.06654235883527329,0.00267450182694843,0.07249406712622897,39923,56350,0.040301685891748,NA,10.594707877902358,10.939337519467925,3,TRUE
37109,"Lincoln County, North Carolina",80275,0.32071689414934784,0.92813453752725,0.05807536592961694,0.00313920896916848,0.07186546247274994,59592,84580,0.05202175455190352,NA,10.995276615856111,11.34545311102648,3,TRUE
37111,"McDowell County, North Carolina",43397,0.3176212657836102,0.9288660506486623,0.05643247229071134,0.00702813558540913,0.07113394935133766,47085,45402,0.04244306418219461,NA,10.759709757944163,10.723311435922575,3,TRUE
37113,"Macon County, North Carolina",33531,0.3075176278284003,0.9297068384480034,0.0570516835167457,0.00581551400196832,0.07029316155199661,45703,35172,0.05035255316729217,NA,10.729919220241946,10.468005590498892,3,TRUE
37115,"Madison County, North Carolina",20625,0.12945708015270554,0.979539393939394,0.0110060606060606,0.00116363636363636,0.02046060606060606,46190,21608,0.01878933728248796,NA,10.74051860342465,9.980818895472453,1,FALSE
37117,"Martin County, North Carolina",21458,0.24847855817520165,0.9461273184826172,0.04487836704259484,0.00531270388666231,0.05387268151738278,39909,22644,0.02751280692457163,NA,10.594357141352017,10.02765019515655,2,FALSE
37119,"Mecklenburg County, North Carolina",1022313,0.824183505350106,0.7989157919345641,0.11338112691514245,0.03220246636793232,0.20108420806543592,69240,1095170,0.15805126144799436,NA,11.145334009290146,13.90642016032408,4,TRUE
37121,"Mitchell County, North Carolina",14263,0.27892190685689294,0.94089602467924,0.04571268316623431,0.00294468204445067,0.05910397532076006,48841,14959,0.03997593422020188,NA,10.796325403035503,9.61306840437446,3,TRUE
37123,"Montgomery County, North Carolina",25790,0.5396373090113925,0.8298565335401318,0.1517642497091896,0.01454051958123303,0.17014346645986822,45147,27223,0.091209638908276075,NA,10.717679111454828,10.21181748321106,4,TRUE
37125,"Moore County, North Carolina",93479,0.3548675411799339,0.9272456915456948,0.04967960718450133,0.0106761946533446,0.0727543084543052,63324,99263,0.04983730090768967,NA,11.056019683193668,11.505528172339751,3,TRUE
37127,"Nash County, North Carolina",89057,0.3079021162477305,0.9332000853386032,0.05251692736112826,0.00535612023760063,0.06679991466139668,49949,94287,0.04587058661321285,NA,10.818757763856276,11.454098601217956,3,TRUE
37129,"New Hanover County, North Carolina",220251,0.33290697729532137,0.937775537909022,0.03599529627561282,0.0097979123817826,0.06222446209097798,56689,231448,0.04846877052296844,NA,10.945335467367387,12.352110505246882,3,TRUE
37131,"Northampton County, North Carolina",18821,0.14466325811680636,0.9725838159502684,0.02305934859996812,0.00276287126082567,0.02741618404973167,38969,19672,0.01525010166734444,NA,10.57052173723882,9.886951583896028,1,FALSE
37133,"Onslow County, North Carolina",181234,0.4740831968755042,0.8958142511890704,0.07185186002626438,0.01617246212079411,0.10418574881092955,51560,198377,0.03779672038593183,NA,10.850501457053124,12.197924539693451,4,TRUE
37135,"Orange County, North Carolina",139833,0.7363520562748626,0.8401307273676457,0.06844593193309162,0.04912288229530939,0.1598692726323543,74803,146354,0.12694562499145906,NA,11.22261327011018,11.89378362348551,4,TRUE
37137,"Pamlico County, North Carolina",12297,0.25268010504989824,0.9495811986663414,0.0358624054647475,0.00471659754411645,0.05041880133365861,48531,12673,0.02643415134537994,NA,10.789958047997803,9.447229025082065,2,FALSE
37139,"Pasquotank County, North Carolina",37214,0.27055895566312593,0.9481109259955932,0.03358950932444779,0.00806148223786746,0.0518890740044069,54439,39775,0.02959145191703331,NA,10.904836087750256,10.590993853205989,3,TRUE
37141,"Pender County, North Carolina",58450,0.3294696138245285,0.9259709153122326,0.0595038494439692,0.0043798118049615,0.07402908468776737,60044,61891,0.03325200756168102,NA,11.002832905780068,11.033130052302017,3,TRUE
37143,"Perquimans County, North Carolina",12908,0.17693797490484262,0.969321351100093,0.01712116516888751,0.00488069414316702,0.03067864889990701,51036,13513,0.02323688300155406,NA,10.840286545041634,9.511407464038086,2,FALSE
37145,"Person County, North Carolina",37441,0.23306711898213053,0.9546219385165996,0.03258459977030528,0.00317833391202158,0.04537806148340051,57323,39561,0.0315967746012487,NA,10.956457218325502,10.585599063475808,2,FALSE
37147,"Pitt County, North Carolina",169613,0.34697230331490175,0.9301940299387428,0.04754352555523456,0.012569791230625,0.0698059700612571,49337,179961,0.04774367779685598,NA,10.80642958564055,12.100495439730068,3,TRUE
37149,"Polk County, North Carolina",19996,0.3622650558633245,0.9214342868573716,0.05356071214242849,0.00730146029205841,0.0785657131426285,52125,20682,0.044676530316217,NA,10.861399959101105,9.93701903574492,3,TRUE
37151,"Randolph County, North Carolina",135374,0.4377751191994301,0.880686099250964,0.10548554375286244,0.00599081064310724,0.11931390074903604,48984,143460,0.0581974069427018,NA,10.799248993157793,11.873811529680426,3,TRUE
37153,"Richmond County, North Carolina",42023,0.28183335416473504,0.934416866953811,0.05561240273183732,0.00773386002903172,0.06558313304618901,39051,44759,0.03440648808060948,NA,10.57262376313457,10.70904782080006,3,TRUE
37155,"Robeson County, North Carolina",122918,0.32730122091356606,0.9207927236043542,0.06939585740086887,0.00310776289884313,0.07920727639564584,35362,131656,0.04209454943185271,NA,10.473393076238034,11.787947739275218,3,TRUE
37157,"Rockingham County, North Carolina",86374,0.26406230434408,0.9396114571514576,0.05344200801167018,0.00294069974760923,0.06038854284854234,45697,91051,0.03666077253407431,NA,10.729787929213312,11.419175068071828,2,FALSE
37159,"Rowan County, North Carolina",132962,0.3642055790352136,0.9119372452279598,0.07459274078308088,0.00694183300491869,0.08806275477204017,51054,140978,0.0463405637759083,NA,10.840639175077612,11.856359128817818,3,TRUE
37161,"Rutherford County, North Carolina",63342,0.2540046062605916,0.9504909854440972,0.03560039152537021,0.00257333207034826,0.04950901455590284,43183,66741,0.02887280682039526,NA,10.673202178264953,11.108574735711244,2,FALSE
37163,"Sampson County, North Carolina",59196,0.5485711962774045,0.8128589769579025,0.17519764848976285,0.00322656936279478,0.18714102304209743,42914,63284,0.09612224258896404,NA,10.666953392005029,11.055387811568954,4,TRUE
37165,"Scotland County, North Carolina",32665,0.2157847980042121,0.9604469615796724,0.02795040563294045,0.00581662329710699,0.03955303842032753,35936,34921,0.02353884482116778,NA,10.489494857538167,10.460843646427818,2,FALSE
37167,"Stanly County, North Carolina",58678,0.2938212425202453,0.9395855346126316,0.04250315280002727,0.01094106820273356,0.06041446538736839,54104,62050,0.0347945205479452,NA,10.898663399254776,11.035695790632753,3,TRUE
37169,"Stokes County, North Carolina",43753,0.1890495454056815,0.9626997005919594,0.02966653715173816,0.00281123580097364,0.03730029940804058,51668,45688,0.02422955699527228,NA,10.852593913351908,10.7295909603447,2,FALSE
37171,"Surry County, North Carolina",68084,0.3953561433197223,0.896627695200047,0.09059397215204748,0.00584571999294988,0.10337230479995296,44979,71904,0.05891188251001335,NA,10.713950993163014,11.183087174985056,3,TRUE
37173,"Swain County, North Carolina",13465,0.28063349137648497,0.9426661715558856,0.02294838470107686,0.00304493130337913,0.05733382844411439,45554,14241,0.02879011305385857,NA,10.726653714419808,9.563880407219427,3,TRUE
37175,"Transylvania County, North Carolina",32671,0.2248694764928113,0.9580055706896023,0.02681276973462704,0.00162223378531419,0.04199442931039765,51509,34039,0.02881988307529598,NA,10.849511828665106,10.4352622050525,2,FALSE
37179,"Union County, North Carolina",222370,0.6186881514410592,0.8537077843234249,0.0926473894859918,0.01350901650402482,0.14629221567657513,82557,235767,0.09529323442212016,NA,11.321244242845877,12.370599308182202,4,TRUE
37181,"Vance County, North Carolina",41821,0.33904360635536246,0.9210444513521916,0.06472824657468736,0.00659955524736376,0.07895554864780852,41827,44614,0.05058950105348097,NA,10.641297343002265,10.705802990096728,3,TRUE
37183,"Wake County, North Carolina",1024628,0.7762074143690393,0.8280956600834645,0.07845774271247712,0.03756582876907521,0.17190433991653553,83567,1091662,0.13312362251319548,NA,11.333403984301592,13.903211863565083,4,TRUE
37185,"Warren County, North Carolina",18877,0.21991909442397212,0.9566138687291412,0.0332679980929173,0.00291359855909307,0.04338613127085866,37476,19746,0.02441000709004355,NA,10.531456007071078,9.890706218171395,2,FALSE
37187,"Washington County, North Carolina",11541,0.14836896028260133,0.9719261762412268,0.02261502469456719,0.00303266614678104,0.02807382375877309,30941,11788,0.01951136749236511,NA,10.339837444225314,9.374837343857584,1,FALSE
37189,"Watauga County, North Carolina",53859,0.3132829610188643,0.9425165710466218,0.03096975435860301,0.00803951057390594,0.05748342895337821,46453,55669,0.03526199500619734,NA,10.746196327732314,10.92717871801999,3,TRUE
37191,"Wayne County, North Carolina",115668,0.5257978790460024,0.8638257772244701,0.10865580800221324,0.00821316180793305,0.13617422277552993,47221,123785,0.0700650321121299,NA,10.76259398788244,11.726301468725389,4,TRUE
37193,"Wilkes County, North Carolina",64903,0.3000144610343746,0.9332850561607322,0.05233964531685746,0.00526940203072277,0.06671494383926779,44980,68341,0.03721045931432083,NA,10.713973225513309,11.132265158280983,3,TRUE
37195,"Wilson County, North Carolina",76760,0.43618005080004774,0.8925872850442939,0.08419749869723815,0.00676133402813965,0.10741271495570616,44594,81579,0.05866705892447811,NA,10.705354599810317,11.30932715489007,3,TRUE
37197,"Yadkin County, North Carolina",35676,0.3718004582119363,0.8991759165825766,0.09036887543446574,8.689314945621706e-4,0.10082408341742344,46954,37589,0.05169065418074436,NA,10.756923678025451,10.534466733384464,3,TRUE
37199,"Yancey County, North Carolina",17010,0.19984526492486515,0.9580246913580248,0.03633156966490299,0.00252792475014697,0.04197530864197529,44554,17870,0.02686066032456631,NA,10.70445721562482,9.790878608153474,2,FALSE
38003,"Barnes County, North Dakota",10106,0.14962967757049875,0.9778349495349298,0.00168216900850979,0.00682762715218682,0.02216505046507022,60472,10592,0.02464123867069486,NA,11.009935726972012,9.26785427817679,1,FALSE
38005,"Benson County, North Dakota",6190,0.3678015985624465,0.9124394184168012,0.01453957996768982,6.462035541195477e-4,0.08756058158319868,50329,6860,0.00699708454810495,NA,10.82633673070753,8.83346272071993,3,TRUE
38009,"Bottineau County, North Dakota",6075,0.17518164772397032,0.9664197530864198,0.02633744855967078,0.00296296296296296,0.03358024691358019,65074,6418,0.02695543783110003,NA,11.08328036286033,8.766861821669803,2,FALSE
38015,"Burleigh County, North Dakota",89092,0.23767447512433135,0.9613882278992502,0.01096619225070713,0.00404076684775288,0.03861177210074984,72974,95509,0.02526463474646368,NA,11.197858492305368,11.466975762866127,2,FALSE
38017,"Cass County, North Dakota",167410,0.45669170364381634,0.9183501582940088,0.01278896123290126,0.01492742369034107,0.08164984170599132,65976,179937,0.07755492200047795,NA,11.097046318513192,12.100362068608051,4,TRUE
38035,"Grand Forks County, North Dakota",65551,0.400545146901843,0.93190035239737,0.01601806227212399,0.01681133773702918,0.06809964760262999,53721,70243,0.05500904004669504,NA,10.891559265504869,11.159715938103073,3,TRUE
38049,"McHenry County, North Dakota",5487,0.1571889017346349,0.9732094040459268,0.01403316930927647,0.00127574266447967,0.02679059595407329,67039,5825,0.01184549356223176,NA,11.113029818576932,8.669914278433902,1,FALSE
38053,"McKenzie County, North Dakota",12460,0.5052409660243098,0.883868378812199,0.07134831460674157,0.00698234349919743,0.11613162118780096,75238,13836,0.02934374096559699,NA,11.22841170145614,9.53502917005706,4,TRUE
38055,"McLean County, North Dakota",8961,0.17577571275746556,0.9705390023434884,0.00747684410222073,7.811628166499274e-4,0.02946099765651155,70261,9531,0.01489875144266079,NA,11.159972158567948,9.162304922937626,2,FALSE
38057,"Mercer County, North Dakota",7839,0.3195215296051323,0.9350682485010844,0.01849725730322745,0.00497512437810945,0.06493175149891572,82087,8359,0.01280057423136738,NA,11.31553493941931,9.031094081699155,3,TRUE
38059,"Morton County, North Dakota",29148,0.23324939650255316,0.957252641690682,0.0231576780568135,6.175380815150268e-4,0.04274735830931797,72778,31118,0.01626068513400604,NA,11.195168990711622,10.345541708874908,2,FALSE
38061,"Mountrail County, North Dakota",9438,0.31738411449468573,0.9297520661157024,0.04185208730663276,0.00116550116550116,0.07024793388429751,70412,10348,0.02338616157711635,NA,11.162118982165865,9.24454854330592,3,TRUE
38067,"Pembina County, North Dakota",6439,0.17909212506427677,0.9704923124708804,0.01320080757881658,0.00139773256716881,0.02950768752911947,60910,6850,0.04671532846715328,NA,11.01715264383053,8.83200393125627,2,FALSE
38071,"Ramsey County, North Dakota",10809,0.3052178368983307,0.94273290776205,0.02322138958275511,0.01554260338606716,0.0572670922379499,52688,11521,0.0292509330787258,NA,10.872143004616143,9.351926736038054,3,TRUE
38073,"Ransom County, North Dakota",4986,0.3831488644685966,0.9320096269554752,0.00300842358604091,0.0304853590052146,0.06799037304452471,62235,5258,0.05173069608216051,NA,11.038672821435078,8.567506005289827,3,TRUE
38077,"Richland County, North Dakota",15298,0.15071957328636326,0.9750947836318472,0.01562295724931363,0.00333376912014642,0.02490521636815268,60833,16245,0.00911049553708833,NA,11.015887683869506,9.6955404481032,1,FALSE
38079,"Rolette County, North Dakota",13168,0.20252722402626055,0.9649908869987848,0.01207472660996354,0.00243013365735115,0.03500911300121512,46481,14437,0.0031862575327284,NA,10.746798905924305,9.577549634629817,2,FALSE
38089,"Stark County, North Dakota",28492,0.3105642553897012,0.945598764565492,0.0217253966025551,0.00445739154850484,0.05440123543450792,69412,31164,0.03414195867026055,NA,11.147815042210397,10.34701886145075,3,TRUE
38093,"Stutsman County, North Dakota",19633,0.1921140903731676,0.9667906076503846,0.01451637549024601,0.00254673254214842,0.03320939234961539,52815,20879,0.02049906604722448,NA,10.874550520257262,9.946499148129377,2,FALSE
38097,"Traill County, North Dakota",7483,0.1711165996533622,0.9703327542429508,0.01857543765869303,0.00280636108512628,0.02966724575704926,67604,7999,0.01650206275784473,NA,11.121422431878118,8.987071812848821,2,FALSE
38099,"Walsh County, North Dakota",9939,0.3546839041314418,0.9235335546835698,0.05433142167220042,0.00452761847268336,0.07646644531643021,55428,10642,0.03373426047735388,NA,10.922840160218604,9.2725637151563145,3,TRUE
38101,"Ward County, North Dakota",63791,0.3215919142603011,0.9448668307441488,0.01975200263360035,0.01141226818830242,0.0551331692558511,68098,68962,0.04483628665061918,NA,11.128703123130714,11.141310907237202,3,TRUE
38105,"Williams County, North Dakota",32512,0.4470717921939163,0.9034202755905512,0.05794783464566929,0.00855068897637795,0.09657972440944884,79508,36044,0.0735489956719565,NA,11.28361292451049,10.492495693354927,3,TRUE
39001,"Adams County, Ohio",26028,0.11463888245047746,0.9810588596895652,0.00169048716766559,0.00103734439834024,0.01894114031043492,40067,27685,0.00776593823370056,OH,10.598308331848084,10.228646029257067,1,FALSE
39003,"Allen County, Ohio",96546,0.19626338057350023,0.9690820955813808,0.01312327802291135,0.00548961116980506,0.03091790441861908,51892,102808,0.01587425103104816,OH,10.856919914690904,11.540618449986978,2,FALSE
39005,"Ashland County, Ohio",50471,0.28709204695132123,0.947019080263914,0.0070535555071229,0.00548830021200293,0.05298091973608609,55422,53533,0.01599013692488745,OH,10.922731905820664,10.88805356515724,3,TRUE
39007,"Ashtabula County, Ohio",91879,0.35034756207159207,0.9281337411160332,0.02347652891302691,0.0034828415633605,0.07186625888396692,47925,97416,0.01523363718485669,OH,10.777392567913845,11.486745747186845,3,TRUE
39009,"Athens County, Ohio",63378,0.29572180447572327,0.9517024835116288,0.00680046703903562,0.01456341317176307,0.04829751648837133,42414,65945,0.03951777996815528,OH,10.65523377539901,11.096576340259984,3,TRUE
39011,"Auglaize County, Ohio",42875,0.12580335639925028,0.980128279883382,0.01072886297376093,0.00256559766763848,0.01987172011661808,66193,45709,0.00802905335929466,OH,11.100329996152944,10.73005049403551,1,FALSE
39013,"Belmont County, Ohio",64181,0.10348529941988824,0.985634377775354,0.00484567083716364,0.00267992084884934,0.01436562222464588,51574,67424,0.01208768391077361,OH,10.850772948512509,11.118756316603916,1,FALSE
39015,"Brown County, Ohio",41004,0.08917288016646524,0.9864159594185932,0.00821871036972002,0.00175592625109745,0.01358404058140672,57200,43508,0.00450491863565321,OH,10.95430917736789,10.68070010821374,1,FALSE
39017,"Butler County, Ohio",359031,0.4553273469817196,0.9156730198785064,0.03392464717531355,0.02005954917541939,0.08432698012149364,69023,382129,0.06474253458910473,OH,11.142195061369517,12.853513526917215,3,TRUE
39019,"Carroll County, Ohio",25865,0.2436004989398307,0.9485791610284168,0.00769379470326696,8.505702687028803e-4,0.05142083897158323,52574,27195,0.00452289023717595,OH,10.86997697994303,10.21078841185706,2,FALSE
39021,"Champaign County, Ohio",36770,0.09400381017882364,0.985994016861572,0.00750611911884688,0.00342670655425618,0.01400598313842804,59909,38861,0.00993283754921386,OH,11.00058202323444,10.567746456002288,1,FALSE
39023,"Clark County, Ohio",126403,0.1887081612841575,0.9670340102687436,0.0220959945570912,0.00244456223349129,0.03296598973125642,51504,134409,0.01906866355675587,OH,10.84941475353859,11.808642669114892,2,FALSE
39025,"Clermont County, Ohio",193723,0.18696994028745537,0.9702461762413342,0.01195005239439818,0.00466645674493994,0.02975382375866575,69720,205616,0.0208009104349856,OH,11.152242499633957,12.233765630546923,2,FALSE
39027,"Clinton County, Ohio",39449,0.15441845153363865,0.9753098937869148,0.01254784658673223,0.00547542396511952,0.0246901062130852,54683,42000,0.01902380952380952,OH,10.90930815400003,10.645424897265505,1,FALSE
39029,"Columbiana County, Ohio",97248,0.16842763024728824,0.9728940440934518,0.01304911154985192,0.00177895689371503,0.02710595590654818,49407,102514,0.01203738026025713,OH,10.807847393542318,11.537754653599524,2,FALSE
39031,"Coshocton County, Ohio",34230,0.3481341722036629,0.9149868536371604,0.00718667835232252,0.00371019573473561,0.08501314636283963,48552,36558,0.00705727884457574,OH,10.790390667515693,10.506655319476549,3,TRUE
39033,"Crawford County, Ohio",39189,0.14434836475295595,0.9774426497231364,0.00783383092194238,0.0071703794432111,0.02255735027686345,46391,41603,0.01466240415354661,OH,10.744860753883362,10.63592755903378,1,FALSE
39035,"Cuyahoga County, Ohio",1170634,0.6124985092869683,0.8783838501188245,0.04337136970222973,0.01758192569154834,0.12161614988117551,51741,1241475,0.07550615195634225,OH,10.85400578295951,14.031810746796475,4,TRUE
39037,"Darke County, Ohio",48294,0.11260725170852476,0.9831449041288772,0.00824118938170373,0.00525945251998177,0.01685509587112266,54799,51387,0.00910736178410882,OH,10.911427224594425,10.847140501166097,1,FALSE
39039,"Defiance County, Ohio",35787,0.26970985275780057,0.94570654148154365,0.03518037276105848,0.00103389498980076,0.05429345851845646,62110,38024,0.02059225752156533,OH,11.036662285553348,10.545972818293846,3,TRUE
39041,"Delaware County, Ohio",192960,0.5188132272006166,0.9022802653399667,0.01544361525704809,0.03772284411276949,0.09771973466003314,111411,205454,0.07943870647444197,OH,11.62098134486803,12.232977443579315,4,TRUE
39043,"Erie County, Ohio",70434,0.2101695150694441,0.9665076525541642,0.01419768861629326,0.00590623846437799,0.03349234744583584,58408,74419,0.01886614977357932,OH,10.97520814573592,11.21746656456228,2,FALSE
39045,"Fairfield County, Ohio",146945,0.27430262494700297,0.9541801354248188,0.01433189288509306,0.00581850352172581,0.04581986457518117,70906,156204,0.03779672735653376,OH,11.169110335173754,11.958918124254462,3,TRUE
39047,"Fayette County, Ohio",26883,0.11842423879830358,0.9813264888591304,0.01015511661644905,0.00479857158799241,0.01867351114086968,48637,28609,0.01723233947359222,OH,10.792139837106326,10.26147663261959,1,FALSE
39049,"Franklin County, Ohio",1212778,0.6861201073314458,0.8617718988965829,0.0376128194937573,0.02907044817765493,0.1382281011034171,62352,1304715,0.1102010783964314,OH,11.040551027578491,14.08149518408359,4,TRUE
39051,"Fulton County, Ohio",39702,0.2134814265696837,0.9597249508840864,0.02891541987809178,0.00309808070122411,0.04027504911591351,61290,42186,0.01453088702413122,OH,11.023371976479778,10.649843691427217,2,FALSE
39053,"Gallia County, Ohio",28101,0.17276688905875642,0.9712821607771964,0.00498202910928436,0.00423472474289171,0.02871783922280346,48975,29995,0.01236872812135355,OH,10.79906524281274,10.308785980087194,2,FALSE
39055,"Geauga County, Ohio",88762,0.5182923498997749,0.8719271760438025,0.01114215542687186,0.00377413758139744,0.12807282395619746,83730,93657,0.02508088023319132,OH,11.335352615198476,11.447394451475018,4,TRUE
39057,"Greene County, Ohio",158457,0.3689579100659723,0.9385259092372064,0.01563200111071142,0.01724758136276718,0.06147409076279364,70055,167867,0.04770443267586839,OH,11.157035926805332,12.030927278185189,3,TRUE
39059,"Guernsey County, Ohio",36730,0.23724679456386655,0.956057718486251,0.01040021780560849,0.00190579907432616,0.04394228151374901,46352,38996,0.00923171607344343,OH,10.744019720009131,10.571214355749165,2,FALSE
39061,"Hamilton County, Ohio",762550,0.42097895256333384,0.9248665661268114,0.02575568815159661,0.01420759294472493,0.0751334338731886,59190,815790,0.05757364027507079,OH,10.98850788768477,13.611912247884115,3,TRUE
39063,"Hancock County, Ohio",71252,0.28913544722942736,0.9494470330657384,0.02223095492056363,0.01737495087857183,0.05055296693426148,57384,75765,0.03852702435161354,OH,10.95752079780627,11.235391723570263,3,TRUE
39065,"Hardin County, Ohio",29594,0.30928807079232534,0.9425559234980064,0.01480029735757248,0.00625126714874636,0.05744407650199368,50214,31393,0.01914439524734813,OH,10.82404915126093,10.354340217107469,3,TRUE
39067,"Harrison County, Ohio",14356,0.22608851786959144,0.9557676232933964,9.752020061298412e-4,0.00132348843689049,0.04423237670660351,49454,15132,0.00865715040972773,OH,10.80879822356712,9.62456698575292,2,FALSE
39069,"Henry County, Ohio",25476,0.2380558600327451,0.95407442298634,0.03297220913801225,0.00341497880357983,0.04592557701365996,60425,27068,0.01562730899955667,OH,11.009158205571683,10.206107497352116,2,FALSE
39071,"Highland County, Ohio",40349,0.1562526032585393,0.9710277825968424,0.00376713177526084,0.00190834964930977,0.02897221740315747,47973,43080,0.01049210770659238,OH,10.778393631627551,10.670814131270324,1,FALSE
39073,"Hocking County, Ohio",26751,0.08598494324962286,0.9858696871145004,0.01080333445478673,8.223991626481254e-4,0.01413031288549959,54774,28306,0.00423938387620999,OH,10.910970907793136,10.250829075293783,1,FALSE
39075,"Holmes County, Ohio",40354,0.750393868031768,0.5130594240967438,0.00418793675967686,0.00146206076225405,0.48694057590325623,64453,43954,0.00516449014879191,OH,11.073691554995426,10.690898911486157,4,TRUE
39077,"Huron County, Ohio",54588,0.22098698681224269,0.9572983073202902,0.02714882391734447,8.609950904960797e-4,0.0427016926797098,55041,58271,0.0137804396698186,OH,10.915833641046827,10.97285982147948,2,FALSE
39079,"Jackson County, Ohio",30291,0.15006237135745862,0.9723350170017496,0.00831930276319698,4.951965930474399e-4,0.02766498299825026,48915,32440,0.00551787916152897,OH,10.79783937689153,10.387147508229347,1,FALSE
39081,"Jefferson County, Ohio",62639,0.1575413363093346,0.9759095771005284,0.01050463768578681,0.00459777454940212,0.02409042289947161,46849,65943,0.01293541391808076,OH,10.754684942721584,11.096546011496184,1,FALSE
39083,"Knox County, Ohio",58070,0.2388227886153426,0.953073876356122,0.01045290167039779,0.00265197175822283,0.04692612364387805,61590,61776,0.01277195027195027,OH,11.02825479868109,11.031270218504018,2,FALSE
39085,"Lake County, Ohio",218425,0.39903689108913454,0.9229712716035252,0.033105184846057,0.00581435275266109,0.07702872839647479,65814,229755,0.05303475441230877,OH,11.09458786063939,12.344768802766763,3,TRUE
39087,"Lawrence County, Ohio",56519,0.06166167407961513,0.991666519223624,0.00357401935632265,4.246359631274438e-4,0.00833348077637607,46584,59901,0.00811338708869634,OH,10.749012413516956,11.000448478455008,1,FALSE
39089,"Licking County, Ohio",164788,0.25736465370627765,0.958036992984926,0.01301065611573658,0.00458771269752651,0.04196300701507394,67736,175409,0.03005547035784937,OH,11.123373075322114,12.074875668892323,2,FALSE
39091,"Logan County, Ohio",42582,0.17148819472615198,0.9726175379268236,0.01070875017613075,0.00995725893570053,0.0273824620731764,60417,45315,0.01253448085622862,OH,11.009025801274973,10.721393382488882,2,FALSE
39093,"Lorain County, Ohio",291811,0.3532252962136128,0.9300814568333612,0.04414158479289677,0.00802916956523229,0.0699185431666387,58798,309134,0.02994817781285785,OH,10.9818631197028,12.641530118835808,3,TRUE
39095,"Lucas County, Ohio",402833,0.3616076185222379,0.9359933272596832,0.02579232585215213,0.00955731034945002,0.06400667274031668,49946,430319,0.03634280615078581,OH,10.81869770079004,12.972282073092408,3,TRUE
39097,"Madison County, Ohio",41993,0.2279852809192788,0.959921891743862,0.01595504012573524,0.00223846831614792,0.04007810825613789,68663,44248,0.01313053697342252,OH,11.13696575961963,10.697565451674514,2,FALSE
39099,"Mahoning County, Ohio",216391,0.32913242171612833,0.9365916327388848,0.03498297064110799,0.00328109764269308,0.06340836726111532,47092,228452,0.02470540857598095,OH,10.759858414198089,12.339081401604004,3,TRUE
39101,"Marion County, Ohio",61301,0.2564297134506876,0.9561181709923166,0.02151677786659271,0.00430661816283584,0.04388182900768345,49225,65179,0.01439113825004986,OH,10.804156903507328,11.084892610144374,2,FALSE
39103,"Medina County, Ohio",169662,0.26698179524660604,0.9566314201176456,0.01001992196249012,0.0058528132404427604,0.04336857988235432,77784,179116,0.02936644409209674,OH,11.261691033489493,12.095788919625342,3,TRUE
39105,"Meigs County, Ohio",21833,0.06603563351059302,0.9896486969266708,0.00783218064397929,4.580222598818303e-5,0.01035130307332932,43445,22974,0.00278575781318011,OH,10.679251049273306,10.04211842070535,1,FALSE
39107,"Mercer County, Ohio",37988,0.12264468247291792,0.9811256186164052,0.0061071917447615,0.01092450247446562,0.01887438138359487,65566,41034,0.01727835453526344,OH,11.090812547889174,10.622156270326151,1,FALSE
39109,"Miami County, Ohio",99942,0.19991497074725745,0.9693222068799904,0.00797462528266394,0.00923535650677392,0.03067779312000962,62347,106074,0.02226747365047042,OH,11.040470834473451,11.571892242734078,2,FALSE
39111,"Monroe County, Ohio",13152,0.0990463325877746,0.985249391727494,0.00159671532846715,0.00342153284671532,0.01475060827250607,46241,13827,0.00636435958631662,OH,10.741622129409992,9.534378481388618,1,FALSE
39113,"Montgomery County, Ohio",499237,0.35331765192904446,0.9405893393318204,0.01913520031568173,0.01757281611739514,0.05941066066817968,53064,531988,0.0491909591945683,OH,10.879254011205392,13.184376211678403,3,TRUE
39115,"Morgan County, Ohio",13897,0.07628744041850123,0.9889184716125784,0.00323810894437648,0.00115132762466719,0.01108152838742171,43791,14557,0.00322868722951157,OH,10.687183595798688,9.58582725656466,1,FALSE
39117,"Morrow County, Ohio",33309,0.2728521175722373,0.940796781650605,0.0055840763757543,0.00534390104776486,0.05920321834939501,61769,35148,0.01172186184135654,OH,11.031156899470346,10.467322996615732,3,TRUE
39119,"Muskingum County, Ohio",80868,0.14300211771566934,0.9779640896275412,0.00518128307859722,0.00202799624078745,0.02203591037245877,48350,86033,0.00817128311229412,OH,10.78622150088144,11.36248622256383,1,FALSE
39121,"Noble County, Ohio",13701,0.22700737256472517,0.9547478286256478,0.00554704036201737,0,0.04525217137435222,50070,14410,0.00548230395558639,OH,10.82117730532399,9.575677688993569,2,FALSE
39123,"Ottawa County, Ohio",38961,0.1781965517791824,0.9692256358923026,0.01942968609635276,0.00146300146300146,0.0307743641076974,59306,40557,0.01259955124885963,OH,10.99046576030587,10.610463671032514,2,FALSE
39125,"Paulding County, Ohio",17668,0.13131906125152562,0.9754358161648178,0.02065881820239981,9.05592030790129e-4,0.02456418383518222,56531,18742,0.01429943442535481,OH,10.942544439235146,9.838522273683768,1,FALSE
39127,"Perry County, Ohio",33869,0.13330800167456525,0.9762910035725884,0.01786294251380318,0.00103339336856712,0.02370899642741153,52978,36076,0.00485087038474332,OH,10.877632012019133,10.493383103285598,1,FALSE
39129,"Pickaway County, Ohio",55058,0.11574284135390502,0.981365105888336,0.0122779614224999,0.00130771186748519,0.01863489411166408,61629,58112,0.01011839207048458,OH,11.02888781796062,10.970127461960963,1,FALSE
39131,"Pike County, Ohio",26229,0.1112430474973744,0.9831865492393916,0.00244004727591597,0.00339319074307064,0.01681345076060847,44115,27914,0.0032958372143010602,OH,10.694555139656206,10.23688363406859,1,FALSE
39133,"Portage County, Ohio",155065,0.2782739987988554,0.9554638377454616,0.00991842130719375,0.01115661174346241,0.04453616225453838,59485,162476,0.03336492774317438,OH,10.993479458910626,11.998285577536654,3,TRUE
39135,"Preble County, Ohio",38741,0.13554479131541672,0.9792984176970136,0.0102217289176841,0.00438811594951085,0.02070158230298646,61339,40995,0.00858641297719234,OH,11.024171134959548,10.621205387030278,1,FALSE
39137,"Putnam County, Ohio",31581,0.18270299398782275,0.962382445141066,0.03144295620784649,7.599506032107913e-4,0.03761755485893414,67790,33836,0.01439295424991133,OH,11.124169970425012,10.429280603423903,2,FALSE
39139,"Richland County, Ohio",114105,0.23949850338040307,0.9589325621138424,0.01303185662328557,0.00296218395337627,0.04106743788615752,49186,121043,0.01780359045958874,OH,10.803364309142028,11.703901133350069,2,FALSE
39141,"Ross County, Ohio",72636,0.12584888513666098,0.9815931494025,0.00718651908144721,0.00414395065807588,0.01840685059749991,51508,76816,0.0102192251614247,OH,10.849492414393676,11.24916823077072,1,FALSE
39143,"Sandusky County, Ohio",55356,0.20427832490963416,0.9571681479875712,0.03618397283040682,0.00117421779030276,0.04283185201242867,55245,58801,0.01824798897977925,OH,10.919533117547276,10.981914140544824,2,FALSE
39145,"Scioto County, Ohio",71175,0.09395356748637022,0.986919564453811,0.00547945205479452,0.00432736213558131,0.01308043554618898,41866,75441,0.0068132712981005,OH,10.642229320654463,11.231106172786824,1,FALSE
39147,"Seneca County, Ohio",52272,0.2270370086427363,0.9607246709519436,0.02257422711968166,0.00577747168656259,0.03927532904805631,52897,55251,0.02063311071292827,OH,10.876101905463226,10.919641718763716,2,FALSE
39149,"Shelby County, Ohio",45453,0.1392439414833775,0.9792972961080676,0.00833828350163905,0.00374012716432358,0.02070270389193229,64522,48610,0.01532606459576218,OH,11.074761529898824,10.7915845500395,1,FALSE
39151,"Stark County, Ohio",350641,0.20050951808073728,0.9686574017299744,0.01099129879278236,0.00437769684663231,0.0313425982700255,55045,371516,0.02047287330828282,OH,10.915906311504504,12.82534721085317,2,FALSE
39153,"Summit County, Ohio",510430,0.3976854063095453,0.9310424544011912,0.01318692083145583,0.01636071547518759,0.06895754559880884,59253,540810,0.05391172500508497,OH,10.989571690626969,13.200823294664191,3,TRUE
39155,"Trumbull County, Ohio",188469,0.2614294384954942,0.9541516111402936,0.00798009221675713,0.0033108893239737,0.04584838885970632,47799,199144,0.01501928252922508,OH,10.774759997758618,12.201783460111743,2,FALSE
39157,"Tuscarawas County, Ohio",86340,0.36000973310719764,0.9199791521890202,0.02351169793838313,0.00173731758165392,0.08002084781097984,54451,92165,0.01866218195627407,OH,10.905056493665374,11.431335727930271,3,TRUE
39159,"Union County, Ohio",54126,0.34453418689496357,0.940176624912242,0.00851716365517496,0.02745445811624727,0.05982337508775814,88565,57871,0.04458191494876536,OH,11.391492024686697,10.965971674529175,3,TRUE
39161,"Van Wert County, Ohio",26376,0.1305747146848325,0.9780482256596906,0.01315589930239611,0.00390506521079769,0.02195177434030937,55991,28213,0.00528125332293623,OH,10.932946242515648,10.24753814360942,1,FALSE
39163,"Vinton County, Ohio",12347,0.15138476718528168,0.9757835911557464,0.00356361869279987,0.00356361869279987,0.02421640884425369,45034,13045,0.00735914143349942,OH,10.715173039019604,9.47616019757083,1,FALSE
39165,"Warren County, Ohio",219264,0.47306919233541006,0.9125574649737302,0.0193465411558669,0.03132297139521307,0.08744253502626975,89410,232540,0.07318310828244604,OH,11.400987811729363,12.3568175322226,4,TRUE
39167,"Washington County, Ohio",57285,0.16110968203695702,0.975316400453871,0.00895522388059701,0.00706991358994501,0.02468359954612897,51808,60217,0.0158925220452696,OH,10.855299856477362,11.005709983458368,1,FALSE
39169,"Wayne County, Ohio",108511,0.4538085067548472,0.8854033231653934,0.01404465906682271,0.00481057220005345,0.1145966768346066,61424,116063,0.02054918449462791,OH,11.02555591724058,11.661888426109476,3,TRUE
39171,"Williams County, Ohio",34621,0.16398036821534415,0.972819964761272,0.01631957482452846,0.00534357759741197,0.02718003523872791,52855,36760,0.0147442872687704,OH,10.875307594202765,10.512165576469624,1,FALSE
39173,"Wood County, Ohio",123817,0.25381769445051583,0.957348344734568,0.01856772494891654,0.00749493203679624,0.04265165526543202,63189,130662,0.03218227181583016,OH,11.053885514353468,11.780369115181005,2,FALSE
39175,"Wyandot County, Ohio",20657,0.1520190637591782,0.9732294137580482,0.01713704797405238,0.00687418308563683,0.02677058624195183,57925,21907,0.01410508056785502,OH,10.966904349300576,9.9945614994355,1,FALSE
40001,"Adair County, Oklahoma",20552,0.3440927412243201,0.9275009731413,0.0270533281432464,0.00846632931101596,0.07249902685869991,34375,22171,0.0184926255017816,OK,10.445084834968872,10.00654040759221,3,TRUE
40003,"Alfalfa County, Oklahoma",5484,0.25849379647501464,0.9436542669584244,0.04576951130561634,0.00273522975929978,0.05634573304157553,64122,5791,0.03073735106199274,OK,11.068542797752952,8.66406026722579,2,FALSE
40005,"Atoka County, Oklahoma",13018,0.2122499416683765,0.9624366262098633,0.01943462897526501,0.00468581963435243,0.03756337379013674,42392,13815,0.01606948968512486,OK,10.654714944172598,9.533510237357516,2,FALSE
40007,"Beaver County, Oklahoma",5021,0.5256874625955843,0.7946624178450508,0.20215096594303925,0,0.20533758215494924,55083,5326,0.10495681562147952,OK,10.916596417590297,8.580355766373877,4,TRUE
40009,"Beckham County, Oklahoma",20429,0.36818514901461,0.8992608546673846,0.09261344167604876,0.00195800088110039,0.1007391453326154,47095,21860,0.03549862763037511,OK,10.759922117256918,9.99241376173053,3,TRUE
40011,"Blaine County, Oklahoma",9036,0.46469235477004256,0.8633244798583444,0.11996458610004426,0,0.13667552014165563,49638,9521,0.08927633651927319,OK,10.812511948418235,9.161255164285691,4,TRUE
40013,"Bryan County, Oklahoma",44171,0.2926652955265967,0.9423377329016775,0.03826039709311539,0.00545606846120758,0.05766226709832245,47175,47325,0.02637083993660855,OK,10.761619370236753,10.764793976077524,3,TRUE
40015,"Caddo County, Oklahoma",27192,0.4304978411893944,0.8952633127390409,0.07755957634598411,0.00536922624301265,0.10473668726095908,46499,29179,0.05901504506665753,OK,10.74718608596786,10.281204551441569,3,TRUE
40017,"Canadian County, Oklahoma",134841,0.4098050677619867,0.9141136597919032,0.05278809857535913,0.02133624046098738,0.08588634020809693,73591,144610,0.04661503353848281,OK,11.206278014631144,11.881795742608835,3,TRUE
40019,"Carter County, Oklahoma",45088,0.35240528467857835,0.9304693044712562,0.04380322924059617,0.01250887154009936,0.0695306955287438,51148,48380,0.0350764778834229,OK,10.842478669931058,10.786841784164018,3,TRUE
40021,"Cherokee County, Oklahoma",45973,0.3826534643028698,0.9187349096208643,0.04145911730798512,0.00665608074304483,0.08126509037913554,43378,48871,0.03355773362525833,OK,10.677707679122552,10.79693945250625,3,TRUE
40023,"Choctaw County, Oklahoma",13713,0.22117778608274571,0.9579231386275796,0.0247939911033326,0.00371909866549989,0.04207686137242028,37121,14727,0.01371630338833435,OK,10.521938126192444,9.597437822726162,2,FALSE
40027,"Cleveland County, Oklahoma",267130,0.5104869173716432,0.8980271777786096,0.04977351851158611,0.03300640137760641,0.10197282222139036,65412,282189,0.06326256516022949,OK,11.08846100685228,12.550332338193932,4,TRUE
40029,"Coal County, Oklahoma",5189,0.2229641496532031,0.9581807670071304,0.01599537483137406,0.0017344382347273,0.04181923299286949,42277,5577,0.01057916442531827,OK,10.651998481932178,8.626406276389554,2,FALSE
40031,"Comanche County, Oklahoma",112986,0.5019044456296335,0.9014656683128884,0.04744835643354044,0.01697555449347707,0.09853433168711168,52377,121374,0.05887587127391369,OK,10.866222842652885,11.706631966630749,4,TRUE
40033,"Cotton County, Oklahoma",5490,0.2546209669580901,0.9475409836065574,0.03005464480874316,7.285974499089253e-4,0.05245901639344264,49583,5783,0.00553346014179491,OK,10.811403312028094,8.662677858158219,2,FALSE
40035,"Craig County, Oklahoma",13511,0.15470244217103263,0.9741691954703576,0.01569091851084301,0.00532899119236177,0.02583080452964248,43003,14274,0.01688384475269721,OK,10.669025159683924,9.566194979531012,1,FALSE
40037,"Creek County, Oklahoma",67091,0.18708986713244832,0.9655393420876124,0.02520457289353266,0.00260839754959681,0.03446065791238761,52315,71505,0.0202783022166282,OK,10.865038415815148,11.177522656307035,2,FALSE
40039,"Custer County, Oklahoma",26882,0.5283209045587024,0.8501971579495573,0.12807826798601293,0.00796071720854103,0.1498028420504427,51351,28929,0.06899650869369836,OK,10.846439689363772,10.272599831178496,4,TRUE
40041,"Delaware County, Oklahoma",40570,0.2552314987570722,0.9539314764604389,0.01764850875030811,0.00931722947991126,0.04606852353956126,44268,42741,0.01984043424346646,OK,10.698017347384676,10.66291392588534,2,FALSE
40047,"Garfield County, Oklahoma",57261,0.5361007151766598,0.8668378128219906,0.08548575819493198,0.03791411257225686,0.13316218717800943,55435,61555,0.0837299975631549,OK,10.922966442206452,11.027686363081717,4,TRUE
40049,"Garvin County, Oklahoma",25963,0.2780062142701111,0.934945884527982,0.05673458383083619,5.392289026691831e-4,0.06505411547201789,47321,27789,0.03461801432221383,OK,10.76470945058247,10.232395537922136,3,TRUE
40051,"Grady County, Oklahoma",52198,0.16488480549618628,0.9676424384076018,0.02768305299053603,0.0018391509253228,0.03235756159239822,64507,55315,0.01789749615836572,OK,11.074529024027004,10.920799398469011,1,FALSE
40055,"Greer County, Oklahoma",5512,0.2733951373723738,0.928156748911466,0.068577648766328,0,0.07184325108853407,46794,5790,0.01260794473229706,OK,10.753510268558554,8.663887570567042,3,TRUE
40061,"Haskell County, Oklahoma",11925,0.21155162586214304,0.9577358490566038,0.03153039832285115,0.00679245283018867,0.04226415094339619,43950,12688,0.02340794451450189,OK,10.690807903113322,9.448411943874628,2,FALSE
40063,"Hughes County, Oklahoma",12492,0.2939838449889304,0.9365193723983348,0.03810438680755684,2.4015369836695484e-4,0.06348062760166506,38020,13265,0.01613267998492273,OK,10.54586761604242,9.49288426657184,3,TRUE
40065,"Jackson County, Oklahoma",22921,0.5583892633738046,0.840059334234981,0.13529078137952097,0.0140046245800794,0.15994066576501895,52535,24808,0.04966139954853273,OK,10.869234893122876,10.118921460780284,4,TRUE
40067,"Jefferson County, Oklahoma",5696,0.2516372623236103,0.9378511235955056,0.05846207865168539,0.00105337078651685,0.0621488764044944,43871,6084,0.02646285338593031,OK,10.689008788520937,8.713417653379183,2,FALSE
40069,"Johnston County, Oklahoma",10359,0.1894794627979559,0.965537214016797,0.02200984651028091,9.653441451877594e-4,0.03446278598320296,44238,11028,0.01559666303953572,OK,10.697339427217706,9.308192772143688,2,FALSE
40071,"Kay County, Oklahoma",41143,0.27265183919864977,0.9410106214908976,0.04756580706316992,0.00218749240454026,0.05898937850910235,47456,44074,0.02697735626446431,OK,10.76755824493766,10.6936253184097,3,TRUE
40073,"Kingfisher County, Oklahoma",14752,0.5914646546114876,0.8337852494577006,0.12866052060737526,0.01776030368763557,0.1662147505422994,61738,15811,0.09980393397002088,OK,11.030654903621512,9.668461179310146,4,TRUE
40075,"Kiowa County, Oklahoma",8209,0.2857247277658193,0.9399439639420148,0.04434157631867462,0.00535997076379583,0.06005603605798515,34747,8816,0.01293103448275862,OK,10.455848516330956,9.084323531392696,3,TRUE
40077,"Latimer County, Oklahoma",9669,0.18489097737034657,0.9675250801530664,0.0183059261557555,0.00351639259489088,0.03247491984693351,40044,10239,0.01709151284305108,OK,10.597734128539374,9.233959237574815,2,FALSE
40079,"Le Flore County, Oklahoma",46814,0.2636978313305883,0.9428376126799676,0.04784893407954885,0.00461400435767078,0.05716238732003242,41900,49999,0.03200064001280026,OK,10.643041105910228,10.81975828421028,2,FALSE
40081,"Lincoln County, Oklahoma",32889,0.0992718444343258,0.9847365380522364,0.00811821581683845,0.00115540150202195,0.01526346194776373,51206,34936,0.01024730936569727,OK,10.84361199166168,10.461273095165398,1,FALSE
40083,"Logan County, Oklahoma",44637,0.2417366432673837,0.9513184129757823,0.03665120863857338,0.00380849967515738,0.04868158702421754,70456,47401,0.03021033311533512,OK,11.162743680485296,10.766398604507042,2,FALSE
40085,"Love County, Oklahoma",9481,0.4648481185539636,0.8602468094082902,0.12794009070773124,0.0074886615335935,0.13975319059170976,54423,10128,0.0662519747235387,OK,10.904542137609432,9.223059144383958,4,TRUE
40087,"McClain County, Oklahoma",37588,0.2657139109086468,0.9369213578801744,0.05690645950835373,7.981270618282431e-4,0.0630786421198255,70005,39921,0.02933293254176999,OK,11.156321947052026,10.594657780211852,3,TRUE
40089,"McCurtain County, Oklahoma",30542,0.30722806129956187,0.9432912055530088,0.02521118459825813,0.01781153820967847,0.05670879444699106,39091,32913,0.03302646370734968,OK,10.573647540450066,10.4016229954856,3,TRUE
40091,"McIntosh County, Oklahoma",18644,0.09662565365287228,0.9832653936923408,0.00799184724308088,0,0.01673460630765932,39588,19677,0.01499212278294455,OK,10.586281321016582,9.887205719961845,1,FALSE
40093,"Major County, Oklahoma",7162,0.22584166318393795,0.9421949176207765,0.05682770175928511,0,0.05780508237922366,56781,7654,0.05996864384635485,OK,10.946957041707028,8.942983665985647,2,FALSE
40095,"Marshall County, Oklahoma",15720,0.5098073921214908,0.8344783715012722,0.1524173027989822,0.00203562340966921,0.16552162849872776,48573,16688,0.0698705656759348,OK,10.790823099954862,9.722445177240552,4,TRUE
40097,"Mayes County, Oklahoma",38639,0.2728917698440223,0.95012810890551,0.01643417272703744,0.0033127151323792,0.04987189109448997,50012,41098,0.0113874154460071,OK,10.82001825561489,10.623714737499816,3,TRUE
40099,"Murray County, Oklahoma",13130,0.2567041978043995,0.9485910129474486,0.03503427265803503,0.00251332825590251,0.05140898705255137,53696,13972,0.02870025765817349,OK,10.891093789826876,9.544810605926722,2,FALSE
40101,"Muskogee County, Oklahoma",63925,0.26569336978036434,0.9495971842002346,0.0329917872506844,0.00732107938991005,0.05040281579976535,41633,68451,0.02607704781522549,OK,10.636648401008385,11.13387343981368,3,TRUE
40103,"Noble County, Oklahoma",10602,0.164547935725328,0.9709488775702696,0.01726089417091115,8.488964346349745e-4,0.02905112242973029,60019,11263,0.00674775814614223,OK,11.002416457742598,9.329278296047695,1,FALSE
40105,"Nowata County, Oklahoma",9617,0.13269518068427597,0.9790995112821046,0.0107102006862847,0.00530310907767495,0.0209004887178954,42051,10243,0.01005564775944547,OK,10.646638446331169,9.234349824436537,1,FALSE
40107,"Okfuskee County, Oklahoma",11300,0.30100860668104296,0.9398230088495576,0.01575221238938053,0,0.0601769911504425,40913,11987,0.01568365729540335,OK,10.619203139938548,9.3915780082071,3,TRUE
40109,"Oklahoma County, Oklahoma",733970,0.6555411046535238,0.8239301333841983,0.1333705737291715,0.02198863713775767,0.1760698666158017,55519,792668,0.10171345380411471,OK,10.9244805834911,13.583159749649129,4,TRUE
40111,"Okmulgee County, Oklahoma",36238,0.18245666747361136,0.9686240962525524,0.01548098680942657,0.00168331585628345,0.03137590374744747,45319,38553,0.00897465826265141,OK,10.721481649585172,10.55978919697525,2,FALSE
40113,"Osage County, Oklahoma",44784,0.15830566042080438,0.9728921043229724,0.01781886387995713,0.00355037513397642,0.02710789567702753,50105,47074,0.01253345795980796,OK,10.821876082492428,10.759476110601902,1,FALSE
40115,"Ottawa County, Oklahoma",29161,0.2870603946258183,0.9420801755769692,0.04001920373101059,0.01018483591097699,0.05791982442303078,40662,31283,0.02461400760796598,OK,10.613049274364167,10.350830097988764,3,TRUE
40117,"Pawnee County, Oklahoma",15431,0.1035555554972742,0.983669237249692,0.00810057676106538,0.00220335687900978,0.01633076275030787,50991,16402,0.00347518595293256,OK,10.839404425545462,9.705158557596356,1,FALSE
40119,"Payne County, Oklahoma",77650,0.43236307536632373,0.91947198969736,0.02404378622021893,0.02479072762395363,0.08052801030264001,42103,81912,0.07260230491258912,OK,10.64787427603904,11.313400779254652,3,TRUE
40121,"Pittsburg County, Oklahoma",41339,0.2125161641725298,0.959021747018554,0.03127796995573188,0.00336244224582113,0.04097825298144608,47511,43955,0.02179501763166875,OK,10.768716542159837,10.69092166228528,2,FALSE
40123,"Pontotoc County, Oklahoma",35800,0.24963285448827044,0.9548324022346368,0.02494413407821229,0.00458100558659217,0.04516759776536316,51682,38385,0.01886153445356259,OK,10.852864837398071,10.555422037261998,2,FALSE
40125,"Pottawatomie County, Oklahoma",68097,0.2510523708860437,0.9569731412543871,0.02117567587412074,0.00870816629220083,0.04302685874561285,51150,72511,0.01661816827791645,OK,10.842517771379772,11.191493553471757,2,FALSE
40127,"Pushmataha County, Oklahoma",10437,0.1777782167108495,0.9691482226693494,0.0147551978537894,0.00354508000383251,0.03085177733065058,38325,11055,0.00651289009497964,OK,10.553857703740016,9.310638093291546,2,FALSE
40131,"Rogers County, Oklahoma",86653,0.2918498594916344,0.945760677645321,0.03062790670836555,0.01163260360287583,0.05423932235467899,66038,92052,0.02619171772476426,OK,11.09798561289952,11.430108913747295,3,TRUE
40133,"Seminole County, Oklahoma",23006,0.2454315692637482,0.9542293314787448,0.02351560462488046,0.00291228375206467,0.04577066852125533,38588,24624,0.02530051981806367,OK,10.560696626290444,10.11147685607866,2,FALSE
40135,"Sequoyah County, Oklahoma",39001,0.2497134910159199,0.9528473628881312,0.02276864695777031,0.0050255121663547,0.0471526371118689,41803,41687,0.01700770024228176,OK,10.640723386272407,10.637944608583052,2,FALSE
40137,"Stephens County, Oklahoma",40836,0.2791185890498065,0.9406895876187678,0.04701733764325595,0.00320795376628465,0.05931041238123225,51156,43401,0.02891638441510564,OK,10.84263506655321,10.6782377612977,3,TRUE
40139,"Texas County, Oklahoma",18835,0.9311827754702466,0.547438279798248,0.3997345367666578,0.02851075126095036,0.452561720201752,50702,20633,0.27475403479862354,OK,10.83372063653299,9.93464701478523,4,TRUE
40141,"Tillman County, Oklahoma",6919,0.5105721624182319,0.8096545743604567,0.18600953895071545,0,0.1903454256395433,39975,7347,0.07404382741254933,OK,10.596009537702155,8.902047345620277,4,TRUE
40143,"Tulsa County, Oklahoma",604131,0.6080866540438872,0.8520916821020607,0.10161703339176437,0.02511872425020401,0.14790831789793937,57024,650291,0.08916777258181337,OK,10.95122751083048,13.385175233995213,4,TRUE
40145,"Wagoner County, Oklahoma",75490,0.3416535179149666,0.9309444959597296,0.04473440190753742,0.01262418863425619,0.06905550404027028,64958,80264,0.04156284261935612,OK,11.081496186184252,11.293076480605448,3,TRUE
40147,"Washington County, Oklahoma",48752,0.34748872517156854,0.9327822448309812,0.03932146373482113,0.01667623892353134,0.06721775516901873,53384,51995,0.04310029810558707,OK,10.885266354583443,10.858902839094332,3,TRUE
40149,"Washita County, Oklahoma",10361,0.2113863655494888,0.9514525624939678,0.04459029051249879,2.895473409902519e-4,0.04854743750603219,52591,11066,0.02295318995120188,OK,10.870300281424472,9.311632623458054,2,FALSE
40151,"Woods County, Oklahoma",8439,0.19536525977175265,0.963621282142434,0.02642493186396492,0.00367342102144803,0.03637871785756608,51985,8914,0.00841373120933363,OK,10.85871049441207,9.0953783535065,2,FALSE
40153,"Woodward County, Oklahoma",18990,0.3652847918874853,0.8967351237493417,0.0971563981042654,0.00121116377040547,0.10326487625065828,56182,20352,0.04451650943396226,OK,10.936351699882175,9.92093446613985,3,TRUE
41001,"Baker County, Oregon",15313,0.20058927440034333,0.9631032456083066,0.02553386011885326,0.00130607980147587,0.03689675439169337,46250,16090,0.01995027967681789,OR,10.741816742940571,9.685953239986429,2,FALSE
41003,"Benton County, Oregon",88462,0.6736905840527764,0.8629128891501435,0.04996495670457372,0.05550405823969614,0.13708711084985647,65142,92168,0.09936203454561236,OR,11.084324781459909,11.431368277717889,4,TRUE
41005,"Clackamas County, Oregon",392976,0.602003378595599,0.8772927608810717,0.05622989699116485,0.02916972028826188,0.12270723911892834,82911,415084,0.08351562575285966,OR,11.325523022308786,12.936236188369325,4,TRUE
41007,"Clatsop County, Oregon",37709,0.3484222749719372,0.9296189238643294,0.04746877403272428,0.00668275478002598,0.07038107613567057,57466,39656,0.04987895904781118,OR,10.958948747548254,10.58799753970041,3,TRUE
41009,"Columbia County, Oregon",49413,0.192338489228999,0.9668913039078784,0.02041972760204804,0.00649626616477445,0.03310869609212152,68170,52117,0.0255770669839016,OR,11.129759864356831,10.861246470104044,2,FALSE
41011,"Coos County, Oregon",61065,0.26906978207552545,0.9468762793744372,0.03810693523294849,0.00674690903136002,0.05312372062556292,49445,64175,0.03696143358005454,OR,10.808616219704092,11.06936900573934,3,TRUE
41013,"Crook County, Oregon",22437,0.20919577827944744,0.9565895618843874,0.03610108303249097,0.00459063154610687,0.04341043811561262,59000,23733,0.01967724265790249,OR,10.985292722887856,10.074621763689509,2,FALSE
41015,"Curry County, Oregon",22076,0.22731011605500112,0.9563326689617684,0.02957963399166515,4.076825511868092e-4,0.04366733103823161,53174,22889,0.0429900825724147,OR,10.8813248340618,10.038411724792647,2,FALSE
41017,"Deschutes County, Oregon",182092,0.36293150875094127,0.9244777365287876,0.05244052456999758,0.00805087538167519,0.07552226347121238,68937,191749,0.04325967801657375,OR,11.140948323023046,12.163942504092043,3,TRUE
41019,"Douglas County, Oregon",104367,0.22375371805090732,0.9613000277865608,0.02251669589046346,0.00464706276888288,0.03869997221343913,50031,110015,0.02786892696450484,OR,10.82039809228969,11.608371999114242,2,FALSE
41023,"Grant County, Oregon",6876,0.264521048516414,0.9489528795811518,0.03301337987201861,0.00305410122164048,0.05104712041884818,48202,7174,0.02857541120713688,OR,10.783155792953782,8.878218658092228,2,FALSE
41025,"Harney County, Oregon",6934,0.26668666159037496,0.9480819152004616,0.03259301990193251,0.00749927891548889,0.05191808479953852,43387,7310,0.01176470588235294,OR,10.677915136047172,8.896998552743824,3,TRUE
41027,"Hood River County, Oregon",21820,0.7012238685635839,0.7038955087076078,0.2798808432630614,0.00783684692942254,0.29610449129239225,72418,23270,0.1704340352385045,OR,11.19021016625781,10.054920256296338,4,TRUE
41029,"Jackson County, Oregon",206943,0.42226427997567584,0.9008470931609188,0.07755275607292829,0.00891549847059335,0.09915290683908128,56327,218781,0.057221605166810643,OR,10.938929272881316,12.295826508465057,3,TRUE
41031,"Jefferson County, Oregon",22511,0.5666556220637269,0.8265292523655102,0.14677268890764514,0.00275420905335169,0.17347074763448975,55844,24048,0.06283266799733865,OR,10.930317368108538,10.087807111992756,4,TRUE
41033,"Josephine County, Oregon",82848,0.22450762197983284,0.9596852066434916,0.02583043646195442,0.00482811896485129,0.04031479335650834,47733,87097,0.03800360517583843,OR,10.773378261575964,11.374777719078644,2,FALSE
41035,"Klamath County, Oregon",63584,0.37768103234628125,0.9070206341217916,0.07871477101157524,0.00358580775037745,0.09297936587820832,48560,67606,0.0549211608437121,OR,10.79055542573338,11.1214520154888,3,TRUE
41037,"Lake County, Oregon",7547,0.32832864859340527,0.9288458990327282,0.05419371935868557,0.00662514906585398,0.07115410096727182,44237,7896,0.05230496453900709,OR,10.697316821961982,8.974111581113318,3,TRUE
41039,"Lane County, Oregon",359590,0.42485103865247703,0.91711393531522,0.04581328735504324,0.01911065380016129,0.08288606468477988,54942,377749,0.05550246327587895,OR,10.914033362335788,12.841985232878008,3,TRUE
41041,"Lincoln County, Oregon",47143,0.33766345667753683,0.9265850709543304,0.05646649555607407,0.00615149651061663,0.0734149290456696,50775,49336,0.04801767472028539,OR,10.835159386448586,10.80640931667133,3,TRUE
41043,"Linn County, Oregon",119558,0.3658149211465933,0.9180983288445776,0.06354238110373207,0.00680841098044463,0.08190167115542246,59547,127216,0.04214092566972707,OR,10.994521195680688,11.753641708141265,3,TRUE
41045,"Malheur County, Oregon",28571,0.6709374156678354,0.7434811522172833,0.23768856532847993,0.00605509082636239,0.2565188477827167,44362,30632,0.09362757900235048,OR,10.700138526110734,10.32980049315713,4,TRUE
41047,"Marion County, Oregon",321215,0.7805572112878104,0.7483803682891521,0.2041965661628504,0.02180782342045047,0.2516196317108479,61817,343742,0.1257251077843266,OR,11.031933686524116,12.74764665496483,4,TRUE
41049,"Morrow County, Oregon",10589,0.6943661780237905,0.6728680706393427,0.3157994144867315,0.00774388516384927,0.32713192936065727,56572,11425,0.17067833698030635,OR,10.94326944214039,9.343559215762406,4,TRUE
41051,"Multnomah County, Oregon",767016,0.8937203783034796,0.8011254002524067,0.08046768255160257,0.0602073489992386,0.19887459974759325,71425,809869,0.13761855312402377,OR,11.176403227098971,13.604627785174111,4,TRUE
41053,"Polk County, Oregon",79931,0.5070236690561689,0.8780948568140021,0.09056561284107542,0.01572606372996709,0.12190514318599788,65665,84730,0.06929068806798064,OR,11.09232133801926,11.34722500919251,4,TRUE
41057,"Tillamook County, Oregon",25588,0.34405513011703287,0.9160544005002343,0.0726121619509145,0.00300922307331561,0.08394559949976554,54268,26782,0.0533940706444627,OR,10.9016900136052,10.19548529905551,3,TRUE
41059,"Umatilla County, Oregon",72193,0.5990167423693116,0.7748812211710276,0.2142312966631114,0.00386464061612621,0.22511877882897235,57973,77319,0.09612126385493865,OR,10.967732663900389,11.255694999974276,4,TRUE
41061,"Union County, Oregon",25005,0.2644060336797199,0.9544091181763648,0.01575684863027394,0.01767646470705858,0.04559088182363524,53940,26502,0.02924307599426458,OR,10.89562759669372,10.184975480824582,2,FALSE
41063,"Wallowa County, Oregon",6712,0.1503223424800091,0.973927294398093,0.0166865315852205,0.0019368295589988,0.02607270560190699,53423,7065,0.02009907997169143,OR,10.885996643829152,8.862908295118627,1,FALSE
41065,"Wasco County, Oregon",24672,0.5187147033402458,0.8452091439688716,0.13675421530479898,0.00660667963683527,0.1547908560311284,54725,26274,0.08928979218999772,OR,10.910075922391064,10.176335136029452,4,TRUE
41067,"Washington County, Oregon",560320,1.0176840685440207,0.751690105653912,0.1190676756139349,0.06815391205025699,0.24830989434608797,86626,595761,0.17895095516490672,OR,11.369355280437118,13.297594858911385,4,TRUE
41071,"Yamhill County, Oregon",100199,0.5130950909973478,0.8633718899390214,0.11219672851026458,0.01016976217327518,0.13662811006097864,67296,106087,0.0809901307417497,OR,11.116856078502426,11.572014791176215,4,TRUE
42001,"Adams County, Pennsylvania",97535,0.30411443257433607,0.9351002204336905,0.05057671605064848,0.00373199364330753,0.06489977956630955,68411,102627,0.03839145643933858,PA,11.13328890939415,11.53885633499358,3,TRUE
42003,"Allegheny County, Pennsylvania",1154379,0.4345730971436469,0.9239305288817624,0.01489285581251911,0.02195639387064386,0.07606947111823759,62320,1218380,0.06054350859337809,PA,11.04003768054463,14.013032665457908,3,TRUE
42005,"Armstrong County, Pennsylvania",62256,0.15562500564040876,0.976114751991776,0.00602351580570547,0.00245759444872783,0.02388524800822411,53545,65356,0.0061662280433319,PA,10.888277700834976,11.087604528150717,1,FALSE
42007,"Beaver County, Pennsylvania",156495,0.18797256546685737,0.9707722291447012,0.00982779002524042,0.00339946963161762,0.02922777085529893,59014,164781,0.02039676904497484,PA,10.985529982875072,12.012372598548824,2,FALSE
42009,"Bedford County, Pennsylvania",45768,0.16253612098917844,0.972535395909806,0.00736322321272504,0.0016168502010138,0.02746460409019402,51531,48154,0.0079536487103875,PA,10.849938847305134,10.782159487503774,1,FALSE
42011,"Berks County, Pennsylvania",394985,0.6569276573767626,0.806342012987835,0.15788194488398294,0.0068508930718888,0.19365798701216497,66154,419062,0.0753826402775723,PA,11.099740636346844,12.945774159317974,4,TRUE
42013,"Blair County, Pennsylvania",116059,0.17783410072416594,0.9725742941090308,0.00398073393704925,0.0049974581893692,0.02742570589096926,50856,122495,0.01331482917670109,PA,10.836753388616245,11.71582549180738,2,FALSE
42015,"Bradford County, Pennsylvania",57113,0.17723376279555147,0.9728783289268644,0.00945494020625777,0.00369443033985257,0.02712167107313567,52375,60721,0.01949902010836448,PA,10.86618465722444,11.014044880972106,2,FALSE
42017,"Bucks County, Pennsylvania",597353,0.6185620692903155,0.8764281756348424,0.0336601640905796,0.02218788555510728,0.12357182436515755,93181,627668,0.09736357437371349,PA,11.442299117229922,13.349766643238706,4,TRUE
42019,"Butler County, Pennsylvania",178247,0.2038429559756176,0.9684426666367456,0.01005907532805601,0.0080730671483952,0.03155733336325439,72642,187798,0.02390866782393849,PA,11.193298545935797,12.143122196072328,2,FALSE
42021,"Cambria County, Pennsylvania",125131,0.16015693402059847,0.97556161143122,0.01085262644748303,0.00296489279235361,0.02443838856877989,47644,131611,0.01058422168359787,PA,10.771511983000792,11.787605881006328,1,FALSE
42025,"Carbon County, Pennsylvania",60973,0.2689166615255638,0.95091269906352,0.02509307398356649,0.0047562035655126,0.04908730093648006,57601,63964,0.03153336251641548,PA,10.961295207644392,11.066075704079331,3,TRUE
42027,"Centre County, Pennsylvania",155976,0.6011860998614168,0.8834500179514797,0.02023388213571318,0.04810355439298353,0.1165499820485203,61921,162264,0.07993763250012326,PA,11.033614658004002,11.996979917438624,4,TRUE
42029,"Chester County, Pennsylvania",493119,0.5981577987271951,0.8762813844122819,0.05128173929619422,0.02799121510223699,0.12371861558771811,104161,521980,0.09508985018583088,PA,11.553693058010747,13.165384551954524,4,TRUE
42031,"Clarion County, Pennsylvania",36676,0.18839199070906457,0.9666539426327844,0.00586214418148107,0.00269931290217035,0.03334605736721563,49695,38633,0.00830895866228354,PA,10.813659603402106,10.561862112494817,2,FALSE
42033,"Clearfield County, Pennsylvania",75777,0.248389380090869,0.9570714068912732,0.0199664805943756,0.00374783905406653,0.04292859310872687,50150,79466,0.02640122819822313,PA,10.822773793390082,11.283084536208287,2,FALSE
42035,"Clinton County, Pennsylvania",36457,0.3391674679140334,0.9296705708094468,0.00943577365115067,0.00469045725100803,0.0703294291905533,51145,38549,0.01247762587875171,PA,10.842420014891108,10.559685438317794,3,TRUE
42037,"Columbia County, Pennsylvania",62507,0.1894935325925708,0.9704353112451406,0.01027084966483753,0.00399955205017038,0.0295646887548594,52219,65390,0.02128765866340419,PA,10.863201692318707,11.08812462055532,2,FALSE
42039,"Crawford County, Pennsylvania",80388,0.2680895205383236,0.9473304473304474,0.00687913618948101,0.00352042593421903,0.05266955266955264,51919,85074,0.01160166443331687,PA,10.857440090791872,11.351276744965611,3,TRUE
42041,"Cumberland County, Pennsylvania",238029,0.5360945678450612,0.9013439538879716,0.02532884648509215,0.02335009599670628,0.09865604611202838,71979,251487,0.06795977525677271,PA,11.18412968878853,12.43514657732513,4,TRUE
42043,"Dauphin County, Pennsylvania",259830,0.5929290591442524,0.8792171804641497,0.05478967016895662,0.02100219374206211,0.12078281953585036,63123,277071,0.07722569305340508,PA,11.052840482907422,12.53202907001524,4,TRUE
42045,"Delaware County, Pennsylvania",531925,0.6489368770693738,0.8747173003712929,0.02642101800065799,0.03424918926540396,0.12528269962870708,76238,565328,0.10617022330399344,PA,11.24161530503541,13.245161372659112,4,TRUE
42047,"Elk County, Pennsylvania",28614,0.0936522284594948,0.9869294750821276,0.0040889075277836,0.00401901167260781,0.01307052491787241,54961,30077,0.00768028726269242,PA,10.91437912178165,10.311516039047453,1,FALSE
42049,"Erie County, Pennsylvania",256855,0.3946475300062135,0.9302330108426934,0.02288450682291565,0.00865468844289579,0.06976698915730661,52863,272046,0.04442263440741639,PA,10.87545894023684,12.513726448626416,3,TRUE
42051,"Fayette County, Pennsylvania",123656,0.20386878850173215,0.9680241961570808,0.01216277414763537,0.00376043216665588,0.03197580384291909,49075,130329,0.01510024629974909,PA,10.801105019144662,11.777817301664822,2,FALSE
42053,"Forest County, Pennsylvania",7122,0.30998401552086646,0.9341477113170458,0.04872226902555462,0.0011232799775344,0.06585228868295423,41225,7190,0.01502086230876217,PA,10.6268001474278,8.880446450715093,3,TRUE
42055,"Franklin County, Pennsylvania",145751,0.3386765471966223,0.9316368326803932,0.04432902690204527,0.00472037927698609,0.06836316731960668,63420,154954,0.03835331775881875,PA,11.057534548092338,11.95088357766166,3,TRUE
42057,"Fulton County, Pennsylvania",13782,0.08657261891029003,0.9870120446959804,0.00754607459004498,0.00116093455231461,0.01298795530401975,55424,14492,0.0082114269942037,PA,10.922767991922107,9.581352052014967,1,FALSE
42059,"Greene County, Pennsylvania",34587,0.15599205611096484,0.976031456905774,0.01023505941538728,0.00381646283285627,0.02396854309422613,55993,36484,0.00759236925775682,PA,10.932981961904137,10.50462908730005,1,FALSE
42061,"Huntingdon County, Pennsylvania",43132,0.24134988050201983,0.9591718445701568,0.01697115830473894,0.00811462487248446,0.0408281554298433,53597,45145,0.01508472699080739,PA,10.889248375343252,10.71763481074158,2,FALSE
42063,"Indiana County, Pennsylvania",80469,0.31088176218466523,0.940846785718724,0.00809007195317451,0.00863686637090059,0.05915321428127607,49270,84463,0.01825651468690432,PA,10.805070655538008,11.344068847629796,3,TRUE
42065,"Jefferson County, Pennsylvania",41097,0.24587745847223225,0.9483660607830257,0.00437988174319293,0.00170328734457502,0.05163393921697445,49604,43570,0.00596740876750057,PA,10.811826754622665,10.682124119111489,2,FALSE
42067,"Juniata County, Pennsylvania",23245,0.43829360113994,0.900666810066681,0.03811572381157238,8.173800817380082e-4,0.09933318993331897,53502,24657,0.02356328831569128,PA,10.887474315362937,10.11281611481661,3,TRUE
42069,"Lackawanna County, Pennsylvania",199105,0.4913883713728237,0.8983601617237136,0.05129956555586248,0.01278722282212902,0.10163983827628642,54064,210162,0.05642789847831672,PA,10.89792380895407,12.255633940872952,4,TRUE
42071,"Lancaster County, Pennsylvania",507659,0.7091808530394504,0.8305358518217938,0.06984609747881944,0.01296539606310535,0.1694641481782062,69588,543050,0.05216278427400792,PA,11.150347417664442,13.204956675708182,4,TRUE
42073,"Lawrence County, Pennsylvania",81662,0.23391521375733904,0.9600181234846072,0.01098430114373882,0.00215522519654184,0.03998187651539275,50080,86148,0.01498583832474346,PA,10.82137700577398,11.363822026364485,2,FALSE
42075,"Lebanon County, Pennsylvania",132071,0.5419350851702104,0.8699033095834816,0.09382831961596412,0.00885887136464477,0.1300966904165184,61632,140410,0.04052417918951642,PA,11.028936495157796,11.852321993108689,4,TRUE
42077,"Lehigh County, Pennsylvania",345411,0.8474135190647974,0.7529320143249636,0.1776202842410925,0.01882105665424668,0.2470679856750364,66214,367338,0.11935601544082015,PA,11.100647199928815,12.814037684120418,4,TRUE
42079,"Luzerne County, Pennsylvania",300987,0.5125590751418974,0.873901530630891,0.09513699927239384,0.0073724114330519204,0.12609846936910896,53194,317547,0.07008096439267258,PA,10.881700887014484,12.668381117855366,4,TRUE
42081,"Lycoming County, Pennsylvania",107838,0.21726140533436863,0.964548674864148,0.0099686566887368,0.0037370871121497,0.03545132513585192,54906,114014,0.01934850106127317,PA,10.913377911143431,11.644076526854011,2,FALSE
42083,"McKean County, Pennsylvania",38999,0.16062563085566323,0.9735890663863176,0.0158978435344496,0.00323085207313008,0.0264109336136824,49240,41021,0.01445601033616928,PA,10.80446158029839,10.621839409681249,1,FALSE
42085,"Mercer County, Pennsylvania",105161,0.23729948288812405,0.959947128688392,0.00849174123486844,0.00488774355512024,0.04005287131160795,50529,110519,0.0146490648666745,PA,10.830302707866496,11.612942730860334,2,FALSE
42087,"Mifflin County, Pennsylvania",43257,0.3678470934882397,0.9059111820052246,0.01153570520378204,6.704117252698985e-4,0.09408881799477542,52641,46179,0.00961475995582407,PA,10.871250562779244,10.740280428278185,3,TRUE
42089,"Monroe County, Pennsylvania",161142,0.6733818196208116,0.8414441920790359,0.09455635402315968,0.01282099018257189,0.15855580792096413,68734,168824,0.10068473676728427,PA,11.137999261170895,12.03661203113215,4,TRUE
42091,"Montgomery County, Pennsylvania",781831,0.7011451104417078,0.8613370408694462,0.03560488136182883,0.04304894536031444,0.13866295913055382,93518,827180,0.11071834425397133,PA,11.445909210117442,13.6257776044943,4,TRUE
42093,"Montour County, Pennsylvania",17136,0.35312645313220586,0.9362161531279178,0.01464752567693744,0.0092203548085901,0.06378384687208216,59915,18178,0.03757289030696446,PA,11.000682170116615,9.807967350678716,3,TRUE
42095,"Northampton County, Pennsylvania",289472,0.5973784651348467,0.8643046650453239,0.08302357395533938,0.01584263762989166,0.13569533495467612,73088,304233,0.07823937574161909,PA,11.199419473575627,12.62554913418599,4,TRUE
42097,"Northumberland County, Pennsylvania",86506,0.20453074385297668,0.9651353663329711,0.01542089566041661,0.00241601738607726,0.03486463366702885,49273,91234,0.01333932525155095,PA,10.805131542663444,11.421182913604698,2,FALSE
42099,"Perry County, Pennsylvania",43524,0.2888013122296641,0.9424685231136845,0.01385442514474772,0.00303280948442238,0.05753147688631555,70660,46133,0.01053475819911993,PA,11.165634920913137,10.739283808037968,3,TRUE
42101,"Philadelphia County, Pennsylvania",1477108,0.980718423266339,0.76589051037568,0.10787498273653652,0.05260685068390396,0.23410948962432,49127,1581531,0.14282426332458864,PA,10.802164060811023,14.27390392317974,4,TRUE
42103,"Pike County, Pennsylvania",53695,0.5099851451041971,0.8907160815718409,0.06112300959120961,0.00694664307663655,0.1092839184281591,67495,55660,0.07175709665828243,PA,11.119808800042929,10.92701703507988,4,TRUE
42105,"Potter County, Pennsylvania",15837,0.1682315756131342,0.973290395908316,0.00580918103176106,8.208625370966724e-4,0.02670960409168399,47696,16685,0.00922984716811507,PA,10.772602815917852,9.722265391185474,2,FALSE
42107,"Schuylkill County, Pennsylvania",135035,0.2775747885150529,0.947265523753101,0.0325619283889362,0.00305846632354574,0.05273447624689897,53703,141935,0.01987529502941487,PA,10.8912241448583,11.863124485306622,3,TRUE
42109,"Snyder County, Pennsylvania",38235,0.3916413304680078,0.9156008892376096,0.0153785798352295,0.0031646397279979,0.08439911076239048,60227,40452,0.01174231187580342,PA,11.005876035732005,10.607871365022062,3,TRUE
42111,"Somerset County, Pennsylvania",70304,0.2254566589372545,0.9600591715976332,0.01315714610832954,0.0033710741920801,0.0399408284023669,51255,73844,0.00958777964357293,PA,10.844568453217502,11.20971003889046,2,FALSE
42113,"Sullivan County, Pennsylvania",5833,0.19534219568677824,0.9662266415223728,0.01748671352648722,5.143151037202125e-4,0.0337733584776273,49830,6038,0.02368333885392514,PA,10.81637249127545,8.705828110266784,2,FALSE
42115,"Susquehanna County, Pennsylvania",38693,0.16395519807046469,0.9749308660481224,0.0093040084769855,0.00366991445481094,0.02506913395187759,55788,40604,0.01985026105802384,PA,10.929314071478585,10.611621862904322,1,FALSE
42117,"Tioga County, Pennsylvania",38660,0.09036988154854927,0.9874547335747542,0.00556130367304707,0.00258665287118468,0.01254526642524578,51838,40759,0.01292965970705856,PA,10.855878750035004,10.615431953178978,1,FALSE
42119,"Union County, Pennsylvania",42844,0.48339634050672553,0.9010596582952104,0.03405377649145738,0.01384091121277191,0.09894034170478948,56824,44831,0.03216524280074056,PA,10.947714050677646,10.710655143391888,4,TRUE
42121,"Venango County, Pennsylvania",48857,0.12692297931493324,0.980289416050924,0.00581288249380846,0.00196491802607609,0.01971058394907587,51405,51355,0.00689319443092201,PA,10.847490722976818,10.846517581599905,1,FALSE
42123,"Warren County, Pennsylvania",37467,0.1867816206391625,0.9693863933594896,0.00651239757653401,0.00205514185816852,0.03061360664051027,52034,39466,0.01459484112907312,PA,10.859652630053144,10.583194820729371,2,FALSE
42125,"Washington County, Pennsylvania",196593,0.17709641535576456,0.9726643369804622,0.01115502586562085,0.00389128809265843,0.02733566301953782,65478,207081,0.01975072556149526,PA,11.089469487341145,12.240865300055752,2,FALSE
42127,"Wayne County, Pennsylvania",49127,0.3237819850876882,0.9420074500783684,0.02591243104606428,0.00449854458851548,0.05799254992163172,55572,51268,0.03557774830303503,PA,10.925434756268752,10.844822054849717,3,TRUE
42129,"Westmoreland County, Pennsylvania",334982,0.17244338081315294,0.9744971371596086,0.00723322447176266,0.0062242150324495,0.02550286284039138,61398,350722,0.01670839012095049,PA,11.02513254031481,12.767749165840218,2,FALSE
42131,"Wyoming County, Pennsylvania",25790,0.12729609140217416,0.9805350911205892,0.00961613028305544,0.00201628538193098,0.01946490887941066,60075,27078,0.01285176157766452,PA,11.00334906060467,10.206476869055056,1,FALSE
42133,"York County, Pennsylvania",422229,0.3893908310696363,0.9211115295254472,0.05062181896553765,0.00830828768275035,0.07888847047455294,68940,447628,0.04126864271225214,PA,11.140991840070855,13.011717809316812,3,TRUE
44001,"Bristol County, Rhode Island",46657,0.5363791674512356,0.8679083524444349,0.01232398139614634,0.0102021132948968,0.13209164755556513,85413,48645,0.10340219960941516,NA,11.355253593015997,10.792304307409529,4,TRUE
44003,"Kent County, Rhode Island",156127,0.4708987139511127,0.9100091592101304,0.03121176990526943,0.01972752951123124,0.08999084078986974,75857,164122,0.06626168338187446,NA,11.236605267927818,12.008365332687086,4,TRUE
44005,"Newport County, Rhode Island",79166,0.4752035959877008,0.9090771290705606,0.02885076926963595,0.01130535836091251,0.0909228709294394,84282,82731,0.06669809382214648,NA,11.341923598058964,11.323349659624771,4,TRUE
44007,"Providence County, Rhode Island",599800,1.0601146596933742,0.6835828609536512,0.1901517172390797,0.02823941313771257,0.3164171390463488,62323,636161,0.18978843405993137,NA,11.040085818025284,13.363206954940646,4,TRUE
44009,"Washington County, Rhode Island",121360,0.3454323335204963,0.939939024390244,0.01629861568885959,0.01165128543177323,0.06006097560975609,86970,126139,0.04872402666899214,NA,11.373318510583813,11.745139752486836,3,TRUE
45001,"Abbeville County, South Carolina",23307,0.19700276229638608,0.9668769039344404,0.00956794096194276,3.0033895396232893e-4,0.03312309606555974,43090,24582,0.02412334228297128,NA,10.671046230609884,10.109769746774926,2,FALSE
45003,"Aiken County, South Carolina",159942,0.28821352661550276,0.938659013892536,0.04855510122419377,0.00516437208488076,0.06134098610746397,53385,169947,0.03992421166598998,NA,10.885285086612402,12.043241902717796,3,TRUE
45005,"Allendale County, South Carolina",8405,0.20816328249204377,0.9600237953599048,0.03022010707911957,0.0048780487804878,0.03997620464009521,26074,8789,0.01638411650927295,NA,10.168693928222725,9.081256218564643,2,FALSE
45007,"Anderson County, South Carolina",188537,0.2399886984588377,0.956395826813835,0.02854612092056201,0.00346881513973384,0.04360417318616505,53598,200183,0.03009746082334663,NA,10.889267032929894,12.206987227172853,2,FALSE
45009,"Bamberg County, South Carolina",13580,0.16146407038405022,0.972901325478645,0.01524300441826215,0.00279823269513991,0.02709867452135495,42830,14236,0.03210171396459679,NA,10.664994070609415,9.563529246630084,1,FALSE
45011,"Barnwell County, South Carolina",19954,0.10727269566275234,0.9784003207376968,0.02104841134609602,0,0.02159967926230333,37572,21170,0.02125649504015115,NA,10.534014371114406,9.96034036412891,1,FALSE
45013,"Beaufort County, South Carolina",179923,0.4514482205721109,0.8914980297127104,0.08439721436392235,0.00679735220066361,0.10850197028728958,71430,189732,0.08017097801108933,NA,11.176473228149018,12.153367829098146,3,TRUE
45015,"Berkeley County, South Carolina",207862,0.4282312399452403,0.9125718024458536,0.05070190799665163,0.01805043730936871,0.08742819755414655,65443,222103,0.05329509281729648,NA,11.08893481374663,12.31089651722038,3,TRUE
45017,"Calhoun County, South Carolina",13894,0.20946331131584664,0.9563120771556068,0.03591478335972362,0.00244709946739599,0.04368792284439327,49844,14608,0.01684008762322015,NA,10.816653407062756,9.58932460283475,2,FALSE
45019,"Charleston County, South Carolina",383715,0.3818529001652058,0.9264349842982422,0.04142397352201504,0.00939238757932319,0.07356501570175777,67182,407543,0.05815828023055236,NA,11.115160633488252,12.917901727568449,3,TRUE
45021,"Cherokee County, South Carolina",53802,0.226630228090908,0.9564328463625889,0.03196907178171815,0.00464666741013345,0.04356715363741126,37787,57110,0.02659779373139555,NA,10.53972040711132,10.952734511658909,2,FALSE
45023,"Chester County, South Carolina",30441,0.18197507637102553,0.968332183568214,0.02115567819716829,0.00509181695739299,0.03166781643178607,43985,32260,0.01676999380037197,NA,10.691603945686776,10.3815833516792,2,FALSE
45025,"Chesterfield County, South Carolina",43217,0.19098192009209697,0.9605247934840456,0.03366730684684268,6.016151051669482e-4,0.03947520651595437,41937,45833,0.0253310933170423,NA,10.64392377113924,10.732759634666934,2,FALSE
45027,"Clarendon County, South Carolina",32310,0.19745783116474963,0.9637264004952028,0.02476013618074899,0.00705663881151346,0.03627359950479725,43881,33865,0.01996161228406909,NA,10.689236703555196,10.430137311649004,2,FALSE
45029,"Colleton County, South Carolina",35507,0.18023625384421277,0.9633311741346776,0.03016306643760385,0.00512574985214183,0.03666882586532238,36748,37624,0.02663193706145013,NA,10.511839081391358,10.535397423624884,2,FALSE
45031,"Darlington County, South Carolina",62945,0.1461509688699388,0.9745174358567004,0.0175391214552387,0.00243069346254666,0.02548256414329974,37141,66858,0.01966855125788985,NA,10.52247675969231,11.11032624627511,1,FALSE
45033,"Dillon County, South Carolina",28430,0.129127910392131,0.97569468870911,0.02082307421737601,6.331340133661625e-4,0.02430531129088986,36429,30473,0.0078101926295409,NA,10.503120439721927,10.324596324632314,1,FALSE
45035,"Dorchester County, South Carolina",151691,0.3492178904841198,0.933516161143377,0.03764890468122697,0.0127232334152982,0.06648383885662301,63501,161309,0.05569435059420119,NA,11.05881093278828,11.991077059208926,3,TRUE
45037,"Edgefield County, South Carolina",26023,0.2446238706507509,0.9430888060561812,0.05160819275256503,0.0011143988010606,0.05691119394381894,52491,27021,0.03689722808186226,NA,10.86839700531273,10.204369620451851,2,FALSE
45039,"Fairfield County, South Carolina",21416,0.12338502447394031,0.9791277549495704,0.0135412775494957,0.00569667538289129,0.02087224505042961,43861,22406,0.0048201374631795,NA,10.68878082152957,10.017084059118668,1,FALSE
45041,"Florence County, South Carolina",129874,0.21058417093333365,0.964896746076967,0.01769407271663304,0.005882624697784,0.03510325392303304,49645,138237,0.03080217307956625,NA,10.812652959467696,11.836724882413517,2,FALSE
45043,"Georgetown County, South Carolina",59432,0.19685060898582551,0.9644131107820704,0.02510432090456319,0.00412235832548122,0.03558688921792974,52488,62150,0.02794851166532582,NA,10.868339851024713,11.037306096938858,2,FALSE
45045,"Greenville County, South Carolina",483978,0.5304479115993114,0.8802548876188587,0.08019992644293748,0.01560814747777791,0.11974511238114129,62422,516126,0.08330717692966447,NA,11.041673056323964,13.154106200701651,4,TRUE
45047,"Greenwood County, South Carolina",66431,0.2516343930852797,0.9481266276286672,0.04117053785130436,0.00758681940660234,0.05187337237133271,41081,70672,0.04670873896309712,NA,10.623301006492076,11.165804733836309,2,FALSE
45049,"Hampton County, South Carolina",18161,0.2546120847633595,0.949066681350146,0.03738780904135234,0.00319365673696382,0.05093331864985406,38178,19223,0.03235707225719191,NA,10.550014712460849,9.86386275775286,2,FALSE
45051,"Horry County, South Carolina",328232,0.39728612815258446,0.921195983328865,0.04773452923541885,0.00976138828633405,0.07880401667113501,51570,344186,0.06592365755725102,NA,10.850695387045004,12.748937487905636,3,TRUE
45053,"Jasper County, South Carolina",27840,0.4941326662889333,0.861566091954023,0.11770833333333332,0.00445402298850574,0.138433908045977,45924,29558,0.09736788686649976,NA,10.734743135213703,10.294109713774516,4,TRUE
45055,"Kershaw County, South Carolina",62301,0.26111818294071243,0.9432593377313364,0.04688528274024494,0.0039164700406093,0.05674066226866348,53980,65926,0.02824378849012529,NA,10.896368886571995,11.096288179858814,2,FALSE
45057,"Lancaster County, South Carolina",89825,0.32197102685757695,0.9329585304759254,0.04773726690787643,0.0074255496799332,0.06704146952407464,65421,95378,0.05237056763614251,NA,11.088598586820854,11.465603222875815,3,TRUE
45059,"Laurens County, South Carolina",63105,0.2579584757425495,0.948657000237699,0.03863402266064496,0.00429442991838998,0.05134299976230094,44374,66990,0.02781012091356919,NA,10.700408991312528,11.112298633502313,2,FALSE
45061,"Lee County, South Carolina",16301,0.13236377742788707,0.9712901049015398,0.02834181952027483,0,0.02870989509846022,32851,17144,0.01598226784881008,NA,10.39973746484973,9.749403537153412,1,FALSE
45063,"Lexington County, South Carolina",277829,0.3844508343347264,0.924154785857488,0.04633425596320038,0.01078361150203902,0.07584521414251211,62740,295033,0.05301101910633726,NA,11.046754481744667,12.59484249347238,3,TRUE
45065,"McCormick County, South Carolina",9221,0.10894162308445396,0.983841231970502,0.00704912699273397,4.337924303220909e-4,0.01615876802949789,47402,9495,0.01685097419694576,NA,10.76641970088585,9.158520623246384,1,FALSE
45067,"Marion County, South Carolina",29069,0.19019512449893183,0.9637758436822732,0.02697031201623723,0.00615776256493171,0.0362241563177268,30791,30954,0.01864056341668282,NA,10.334977718468442,10.340257510472703,2,FALSE
45069,"Marlboro County, South Carolina",24950,0.1508372668824156,0.9736673346693386,0.01899799599198396,0.00192384769539078,0.02633266533066136,31528,26376,0.01721261753108887,NA,10.35863131887484,10.180209784751566,1,FALSE
45071,"Newberry County, South Carolina",36098,0.3780458545834088,0.9114355365948252,0.0683971411158513,4.709402182946424e-4,0.08856446340517476,46038,38329,0.04944037152025881,NA,10.73722242140572,10.55396206880912,3,TRUE
45073,"Oconee County, South Carolina",74421,0.2625306435887858,0.9471385764770696,0.03888687332876473,0.00196181185418094,0.05286142352293033,49691,78314,0.03925224097862451,NA,10.813579109167462,11.268481665485314,2,FALSE
45075,"Orangeburg County, South Carolina",82351,0.1914203484715252,0.965331325666962,0.02526988136148923,0.00517297907736396,0.03466867433303788,36802,86953,0.01229399790691523,NA,10.51330747050632,11.373123021774925,2,FALSE
45077,"Pickens County, South Carolina",119120,0.25376200756362016,0.9561366689053056,0.0202568838146407,0.00815983881799865,0.04386333109469442,51032,125381,0.03424761327473859,NA,10.84020816592179,11.739112380549862,2,FALSE
45079,"Richland County, South Carolina",390645,0.46415128109023185,0.9121760165879508,0.04160810966478516,0.020322799472667,0.08782398341204933,54441,414660,0.05864804900400328,NA,10.904872825443134,12.935214186313496,4,TRUE
45081,"Saluda County, South Carolina",19068,0.49594274890420387,0.8459198657436543,0.13588210614642332,1.5733165512901197e-4,0.1540801342563457,43410,20292,0.07515276956436034,NA,10.67844510829364,9.91798199868658,4,TRUE
45083,"Spartanburg County, South Carolina",294674,0.4900172753103139,0.8957729558766637,0.0579318161765205,0.01423267746730285,0.10422704412333628,53757,313791,0.06635626898158328,NA,10.892229170068523,12.656482438181436,4,TRUE
45085,"Sumter County, South Carolina",99443,0.2977126949236833,0.9444003097251692,0.03424072081493921,0.0088291785243808,0.0555996902748308,46570,106675,0.03077572064682447,NA,10.748711835976422,11.577542108056202,3,TRUE
45087,"Union County, South Carolina",25787,0.06412345966165953,0.9893357117927638,0.00957846977159033,3.102338387559623e-4,0.01066428820723619,41117,27325,0.00856358645928636,NA,10.624176940269097,10.21555731304474,1,FALSE
45089,"Williamsburg County, South Carolina",29253,0.1648676887863069,0.9695415854784124,0.02327966362424366,0.00218780979728574,0.03045841452158748,35681,30810,0.01801363193768257,NA,10.482373613207027,10.335594591590713,1,FALSE
45091,"York County, South Carolina",257556,0.3952257756156569,0.9223819285902872,0.0436371119290562,0.011418875894951,0.07761807140971289,68555,273887,0.0578121634104576,NA,11.135391621790756,12.520470891547202,3,TRUE
46005,"Beadle County, South Dakota",16794,0.6284433203165122,0.8486364177682506,0.06728593545313803,0.05222103132070978,0.1513635822317494,53461,18338,0.13343876104264368,NA,10.886707695092223,9.816730688609846,4,TRUE
46009,"Bon Homme County, South Dakota",6575,0.3753295117349083,0.9279087452471484,0.02615969581749049,0.00197718631178707,0.07209125475285172,50195,6914,0.00853341047150708,NA,10.823670699125628,8.84130362048157,3,TRUE
46011,"Brookings County, South Dakota",32933,0.4279666231412347,0.9247259587647648,0.02043542950839583,0.01606291561655482,0.07527404123523518,57471,35115,0.06148369642602876,NA,10.95903575173321,10.46638366859312,3,TRUE
46013,"Brown County, South Dakota",36535,0.4039312295339118,0.9269467633775832,0.01924182290953879,0.02115779389626385,0.0730532366224168,61816,38988,0.04629629629629629,NA,11.03191750961342,10.5710091854571,3,TRUE
46015,"Brule County, South Dakota",4893,0.3220290941398114,0.9227467811158798,0.00551808706315144,2.0437359493153485e-4,0.07725321888412018,57181,5233,0.01605197783298299,NA,10.953976954355769,8.562740006372207,3,TRUE
46019,"Butte County, South Dakota",9719,0.07297824397232587,0.9876530507253832,0.01059779812737936,0,0.01234694927461677,49353,10295,0.01029626032054395,NA,10.80675383328753,9.23941361946189,1,FALSE
46023,"Charles Mix County, South Dakota",8561,0.30971010276037714,0.9366896390608572,0.00455554257680177,0.00292021960051395,0.06331036093914266,52348,9324,0.00815100815100815,NA,10.86566901117537,9.140347000155648,3,TRUE
46027,"Clay County, South Dakota",13357,0.3004209410943261,0.948716029048439,0.01085573107733772,0.02028898704798981,0.05128397095156101,51447,14076,0.04077863029269679,NA,10.848307430524256,9.552226498441476,3,TRUE
46029,"Codington County, South Dakota",26499,0.18170200281690413,0.9696214951507603,0.00886825917959168,0.0028302954828484,0.03037850484923954,57885,28133,0.02168272135925781,NA,10.96621356263983,10.244698543504514,2,FALSE
46033,"Custer County, South Dakota",8529,0.16045914274876427,0.9719779575565716,0.01782155000586235,0.00211044671122054,0.02802204244342832,64556,8826,0.01620213007024699,NA,11.075288343155712,9.085457189829492,1,FALSE
46035,"Davison County, South Dakota",18762,0.1650027946887685,0.97063212877092,0.01918771985929005,0.00245176420424261,0.02936787122908002,48267,19890,0.02237305178481649,NA,10.784503376319144,9.897972371848018,1,FALSE
46037,"Day County, South Dakota",5178,0.06765929221171117,0.9899575125531092,0.00617999227500965,5.793742757821553e-4,0.01004248744689073,46753,5452,0.00550256786500366,NA,10.75263370378095,8.603737792816423,1,FALSE
46041,"Dewey County, South Dakota",5189,0.4537086281672328,0.8649065330506841,0.01368279051840431,0,0.1350934669493159,45859,5841,0.00958739941790789,NA,10.733326750679169,8.67265729404031,3,TRUE
46047,"Fall River County, South Dakota",6446,0.199939236021021,0.9678870617437172,0.01023890784982935,0.00651566863170958,0.03211293825628292,51383,6721,0.01949114715072162,NA,10.84706265743734,8.812992231969966,2,FALSE
46051,"Grant County, South Dakota",6726,0.3652678786146711,0.9213499851323224,0.04073743681236991,0.01011002081474873,0.07865001486767764,65327,7125,0.0456140350877193,NA,11.087160706070168,8.871365005136852,3,TRUE
46057,"Hamlin County, South Dakota",5525,0.24900957390759604,0.9457013574660632,0.04416289592760181,0.00180995475113122,0.05429864253393668,67626,6104,0.03718872870249017,NA,11.121747803470134,8.716699572964293,2,FALSE
46065,"Hughes County, South Dakota",16375,0.20907680294341077,0.9634809160305344,0.01087022900763358,0,0.03651908396946568,69575,17560,0.00706150341685649,NA,11.150160586394092,9.773378867189107,2,FALSE
46067,"Hutchinson County, South Dakota",6669,0.31198015184858385,0.9359724096566202,0.02099265257159994,0.00449842555105713,0.06402759034337979,61290,7308,0.01614668856048166,NA,11.023371976479778,8.896724917497897,3,TRUE
46079,"Lake County, South Dakota",12040,0.1874516193019637,0.9632059800664452,0.02549833887043189,0,0.0367940199335548,63165,12747,0.02125990429120577,NA,11.053505629264135,9.453051228782922,2,FALSE
46081,"Lawrence County, South Dakota",24742,0.23958115601970192,0.961644167811818,0.0127718050278878,0.01010427612965807,0.03835583218818206,52146,25806,0.0284042470743238,NA,10.861802755665517,10.158362302011792,2,FALSE
46083,"Lincoln County, South Dakota",54659,0.3426900270156264,0.9393146599828024,0.01357507455313855,0.0077205949614885,0.0606853400171975,84260,58887,0.0434391291796152,NA,11.341662535533008,10.983375632205956,3,TRUE
46087,"McCook County, South Dakota",5102,0.1984973625053003,0.9633477067816544,0.01803214425715406,0,0.03665229321834573,66208,5543,0.02471585783871549,NA,11.10055658054527,8.620291149419804,2,FALSE
46093,"Meade County, South Dakota",26592,0.2509832486414431,0.95735559566787,0.02045728038507822,0.00643050541516245,0.04264440433213001,62275,28149,0.02174144729830544,NA,11.03931534013038,10.24526710895816,2,FALSE
46099,"Minnehaha County, South Dakota",177154,0.4761620576578913,0.9051446763832598,0.03615498379940617,0.00766564683834404,0.0948553236167402,63699,191682,0.07878152356507132,NA,11.061924142849904,12.16359302791155,4,TRUE
46101,"Moody County, South Dakota",6058,0.4909761552742705,0.9009574116870254,0.02756685374711125,0.03136348629910861,0.09904258831297463,61894,6508,0.02381684081130915,NA,11.0331785234415,8.780787468338929,4,TRUE
46102,"Oglala Lakota County, South Dakota",12825,0.6020313807487359,0.763196881091618,0.00366471734892787,0,0.236803118908382,31423,14277,0.00546333263290607,NA,10.355295387837243,9.56640512978922,4,TRUE
46103,"Pennington County, South Dakota",105157,0.25643616995461155,0.9581768213243056,0.01425487604248885,0.00905313008168738,0.0418231786756944,58278,112504,0.02481689539927469,NA,10.972979942630383,11.630744055550084,2,FALSE
46109,"Roberts County, South Dakota",9534,0.200800028884822,0.9629746171596392,0.01898468638556744,0.00157331655129011,0.03702538284036083,50877,10310,0.01260911736178467,NA,10.83716623401151,9.240869577011006,2,FALSE
46115,"Spink County, South Dakota",6064,0.2948485118061506,0.9366754617414248,0.01912928759894459,0,0.0633245382585752,62125,6438,0.01382416899658279,NA,11.03690376339893,8.769973211858753,3,TRUE
46121,"Todd County, South Dakota",9079,0.4678075802662341,0.8875426809119947,0.01354774754928957,0.02830708227778389,0.11245731908800528,24102,10308,0.02881257275902211,NA,10.090050103587338,9.240675571772256,4,TRUE
46123,"Tripp County, South Dakota",5056,0.3045326013457052,0.946004746835443,0.01463607594936708,0.00810917721518987,0.053995253164557,54054,5448,0.02477973568281938,NA,10.897738825879497,8.60300384782935,3,TRUE
46125,"Turner County, South Dakota",7823,0.1482505430354312,0.9745621884187652,0.01431675827687587,0.00230090758021219,0.02543781158123481,63062,8325,0.01309309309309309,NA,11.051873648422314,9.027018314848643,1,FALSE
46127,"Union County, South Dakota",14700,0.24416044895557495,0.9579591836734694,0.02040816326530612,0.00761904761904761,0.04204081632653056,74006,15659,0.02848202311769589,NA,11.211901449980497,9.658801110545443,2,FALSE
46129,"Walworth County, South Dakota",5113,0.18292163783923648,0.9673381576373948,0.01075689419127713,0.00332485820457656,0.03266184236260516,51481,5431,0.010127048425704289,NA,10.848968086540824,8.599878558034845,2,FALSE
46135,"Yankton County, South Dakota",21410,0.24657570089994,0.9512844465203176,0.03418963101354507,0.0017281644091546,0.04871555347968237,61878,22746,0.02642222808405873,NA,11.032919983544124,10.03214458474439,2,FALSE
47001,"Anderson County, Tennessee",72332,0.2530628115542183,0.9558010285903888,0.02459492340872643,0.00760382679865066,0.04419897140961126,52338,76513,0.0343993831113667,TN,10.865477963661274,11.245215940017896,2,FALSE
47003,"Bedford County, Tennessee",45654,0.43523911560977496,0.8854864853024926,0.0969246944407938,0.00424935383537039,0.11451351469750735,52973,48937,0.05919856141569774,TN,10.877537628766428,10.7982890355673,3,TRUE
47005,"Benton County, Tennessee",15335,0.04735788790944558,0.9933485490707532,0.00273883273557222,0,0.00665145092924679,39019,16133,0.01654992871753548,TN,10.571803985965566,9.688622142666144,1,FALSE
47007,"Bledsoe County, Tennessee",14387,0.16355932337474538,0.9688607770904288,0.02530061861402655,0.00166817265586988,0.03113922290957116,49382,14961,0.02954347971392286,TN,10.8073412643066,9.613202094214232,1,FALSE
47009,"Blount County, Tennessee",125123,0.2139109784189971,0.9630523564812224,0.0227216419043661,0.005938156853656,0.03694764351877755,60301,131641,0.02956525702478711,TN,11.007103966325696,11.78783379950366,2,FALSE
47011,"Bradley County, Tennessee",100800,0.35288504575073354,0.9273214285714284,0.04629960317460317,0.00451388888888888,0.07267857142857148,51872,106924,0.05287868018405596,TN,10.856534424535402,11.579873580701598,3,TRUE
47013,"Campbell County, Tennessee",37555,0.0830224794483812,0.9875116495806152,0.00734922114232459,3.46158966848622e-4,0.01248835041938489,41769,39818,0.00954342257270581,TN,10.639909716577396,10.59207435033974,1,FALSE
47015,"Cannon County, Tennessee",13596,0.09272923514756812,0.9852897911150338,0.00912032950867902,0,0.01471020888496621,52518,14374,0.0139835814665368,TN,10.868911246960494,9.573176298028388,1,FALSE
47017,"Carroll County, Tennessee",26293,0.13768487804953172,0.9743658007834785,0.02152664207203438,0.00121705396873692,0.02563419921652154,42877,27841,0.01404403577457706,TN,10.666090830610614,10.234265033343494,1,FALSE
47019,"Carter County, Tennessee",53955,0.14796846522354185,0.976406264479659,0.0135297933463071,0.00387359836901121,0.02359373552034105,40820,56452,0.01829873166584,TN,10.616927436363836,10.941145998533898,1,FALSE
47021,"Cheatham County, Tennessee",38307,0.22039923639261985,0.957840603545044,0.03109092332993969,0.00276711828125407,0.04215939645495603,63988,40539,0.02814573620464244,TN,11.066450844761489,10.610019752706195,2,FALSE
47023,"Chester County, Tennessee",16296,0.12042636295281428,0.979381443298969,0.01423662248404516,0.00196367206676485,0.02061855670103096,53336,17260,0.01413673232908458,TN,10.884366804297896,9.756146964637418,1,FALSE
47025,"Claiborne County, Tennessee",30170,0.1437143916628893,0.977858800132582,0.0103082532316871,0.00666224726549552,0.02214119986741791,37954,31827,0.01325918245514814,TN,10.544130179113925,10.36807026512738,1,FALSE
47027,"Clay County, Tennessee",7261,0.16297833431856806,0.9668089794794106,0.02685580498553918,0.00605977138135243,0.03319102052058942,32064,7640,0.02185863874345549,TN,10.375489184444536,8.941152882160566,1,FALSE
47029,"Cocke County, Tennessee",33909,0.13303072297615964,0.9787077177150608,0.01179627827420449,0.00117962782742044,0.02129228228493906,38530,35797,0.0112858619437383,TN,10.559192437620204,10.485619369994788,1,FALSE
47031,"Coffee County, Tennessee",52535,0.19180619342797275,0.9656990577710098,0.02299419434662606,0.00723327305605786,0.03430094222899016,51030,56024,0.02846994145366271,TN,10.840168974058017,10.933535449335354,2,FALSE
47033,"Crockett County, Tennessee",13451,0.322179720783086,0.9090773920154636,0.0878001635566129,0.00282506876812132,0.09092260798453644,47581,14310,0.04500349406009783,TN,10.77018880087022,9.568713872550497,3,TRUE
47035,"Cumberland County, Tennessee",57225,0.21304986294326608,0.9649279161205768,0.01436435124508519,0.00386194844910441,0.03507208387942329,49423,60016,0.02099440149293521,TN,10.80817118186853,11.002366472321668,2,FALSE
47037,"Davidson County, Tennessee",644479,0.7536677221872013,0.8285700542608836,0.08652725690053516,0.02317996397089742,0.1714299457391164,62515,690540,0.12883250789237408,TN,11.0431618069291,13.445229179190592,4,TRUE
47039,"Decatur County, Tennessee",11072,0.08645426945620364,0.9838330924855492,0.01517341040462427,0,0.01616690751445082,40389,11663,0.00308668438652147,TN,10.606312749647344,9.36417671669105,1,FALSE
47041,"DeKalb County, Tennessee",18936,0.27466107944582496,0.9286016054076892,0.0679657794676806,0.00279890156316011,0.0713983945923109,44389,20104,0.05461599681655392,TN,10.700746969978026,9.908674079223427,3,TRUE
47043,"Dickson County, Tennessee",50085,0.12638351793348918,0.9782569631626236,0.01641209943096735,0.00335429769392033,0.02174303683737644,57804,53289,0.01844658372271951,TN,10.96481325641822,10.883485209867995,1,FALSE
47045,"Dyer County, Tennessee",34963,0.1912003406598691,0.9684809655921974,0.01756142207476475,0.00446185968023339,0.03151903440780257,45042,37201,0.01801026854116825,TN,10.715350666801058,10.524090921620362,2,FALSE
47047,"Fayette County, Tennessee",38650,0.15353368507583828,0.9759637774902976,0.01314359637774903,0.00618369987063389,0.0240362225097025,63618,40612,0.01785186644341574,TN,11.060651728153854,10.611818868421114,1,FALSE
47049,"Fentress County, Tennessee",17323,0.05978170926137446,0.9905905443629855,0.00675402643883853,0,0.00940945563701434,40203,18405,0.00570497147514262,TN,10.601696898688338,9.82037764581312,1,FALSE
47051,"Franklin County, Tennessee",39937,0.19410226340659256,0.9654706162205474,0.02268573002478904,0.0023787465257781,0.03452938377945258,47777,41999,0.02790542631967427,TN,10.774299631131251,10.645401087458245,2,FALSE
47053,"Gibson County, Tennessee",46139,0.1753319802166933,0.9704371572855937,0.01549665142287435,0.00678384880469884,0.02956284271440645,45557,49193,0.01404671396336877,TN,10.726719568158678,10.803506615935383,2,FALSE
47055,"Giles County, Tennessee",27655,0.14698416567370667,0.9732778882661364,0.01891158922437172,9.03995660820828e-4,0.02672211173386363,49815,29403,0.01578070264938952,TN,10.816071422478956,10.288851988937289,1,FALSE
47057,"Grainger County, Tennessee",22160,0.18930390922303944,0.9586642599277978,0.03772563176895307,0.00103790613718411,0.0413357400722022,44703,23268,0.03064294309781674,TN,10.70779589244357,10.054834305030653,2,FALSE
47059,"Greene County, Tennessee",65800,0.16931791911658275,0.9722644376899696,0.01606382978723404,0.00434650455927051,0.02773556231003038,43150,69077,0.01564920306324825,TN,10.672437696511574,11.142977103407926,2,FALSE
47061,"Grundy County, Tennessee",12603,0.09636644787358224,0.9855589938903436,0.00476077124494168,0.00174561612314528,0.01444100610965648,43116,13371,0.00875028045770697,TN,10.67164943690152,9.500843461614666,1,FALSE
47063,"Hamblen County, Tennessee",60590,0.386417079845144,0.8975738570721241,0.09077405512460802,0.00775705561973923,0.10242614292787589,43151,64479,0.05760014888568371,TN,10.672460871214067,11.074094868375386,3,TRUE
47065,"Hamilton County, Tennessee",343648,0.3893475167720442,0.9251996228699134,0.0426279215941894,0.011235333829965541,0.07480037713008658,56606,364718,0.0532301668686492,TN,10.94387026564006,12.806879731213591,3,TRUE
47067,"Hancock County, Tennessee",6221,0.11234092754355889,0.9794245298183571,0.01494936505384986,0,0.02057547018164285,28234,6568,0.00867844092570036,TN,10.248282204444145,8.789964651132264,1,FALSE
47069,"Hardeman County, Tennessee",23996,0.16626963709557382,0.9728704784130688,0.01254375729288214,0.00720953492248708,0.02712952158693116,39636,25247,0.01120925258446548,TN,10.58749307517879,10.136462615763628,1,FALSE
47071,"Hardin County, Tennessee",24338,0.0953637700563817,0.9851672282028104,0.00949133042978059,0.002013312515408,0.01483277179718955,42285,25665,0.00841613091759205,TN,10.652187692216325,10.152883474994404,1,FALSE
47073,"Hawkins County, Tennessee",54011,0.104109168258038,0.9835959341615595,0.0109792449686175,0.00274018255540538,0.01640406583844034,45318,56735,0.01001145677271525,TN,10.721459583541504,10.94614658322509,1,FALSE
47075,"Haywood County, Tennessee",16374,0.23038031739647943,0.9534628068889704,0.03682667643825577,0.00103823134237205,0.04653719311102966,38994,17391,0.03018802829049508,TN,10.571163067122404,9.763708110007842,2,FALSE
47077,"Henderson County, Tennessee",26480,0.08269270583389067,0.9861027190332328,0.01148036253776435,8.685800604229608e-4,0.01389728096676734,44534,27956,0.0111246244097868,TN,10.704008221364402,10.23838712459702,1,FALSE
47079,"Henry County, Tennessee",30568,0.1299342341673551,0.9783106516618686,0.01406699816801884,0.00372939021198639,0.02168934833813141,41037,32251,0.00889894886980248,TN,10.622229377757554,10.381304329495126,1,FALSE
47081,"Hickman County, Tennessee",23656,0.0772933770280151,0.9874027730808252,0.00984950963814677,2.1136286777138992e-4,0.01259722691917486,47457,25017,0.01059279689810928,TN,10.767579316866687,10.127310872755094,1,FALSE
47083,"Houston County, Tennessee",7793,0.06322850357235886,0.9910175798793788,0.00192480431156165,0.00166816373668677,0.00898242012062111,43521,8201,0.00548713571515668,TN,10.680998859207012,9.012011377036412,1,FALSE
47085,"Humphreys County, Tennessee",17566,0.12906241093806034,0.9796197199134692,0.00836843902994421,0.00859615165660935,0.02038028008653081,48411,18528,0.0140328151986183,TN,10.78748233960946,9.827038380372722,1,FALSE
47087,"Jackson County, Tennessee",11251,0.13165814144187915,0.9754688472135812,0.01955381743844991,7.110479068527242e-4,0.02453115278641893,35880,11767,0.0115577462394833,TN,10.487935316172733,9.37305428246393,1,FALSE
47089,"Jefferson County, Tennessee",51613,0.22819345583243175,0.9580725786139151,0.02844244667041249,0.00474686609962606,0.04192742138608485,51899,54162,0.02296813263911968,TN,10.857054801145615,10.89973483452621,2,FALSE
47091,"Johnson County, Tennessee",17002,0.1548488530815634,0.9702976120456416,0.02429125985178214,0.00258793083166686,0.02970238795435831,38090,17755,0.01515066178541256,TN,10.54770705947265,9.784422445377189,1,FALSE
47093,"Knox County, Tennessee",439589,0.3540546050002177,0.9377850674152448,0.02768950087468066,0.01189520210924295,0.0622149325847553,59250,466184,0.05220899902184545,TN,10.989521058997378,13.052335684960529,3,TRUE
47095,"Lake County, Tennessee",6924,0.12333416243196604,0.9766031195840554,0.02007510109763142,0.00216637781629116,0.02339688041594456,34230,7273,0.0134744947064485,TN,10.44085773152423,8.89192414015454,1,FALSE
47097,"Lauderdale County, Tennessee",24213,0.1632759517194157,0.9700574071779624,0.02267377028868789,0.00218890678561103,0.0299425928220377,41905,25689,0.01880182179142824,TN,10.643160430533008,10.153818163694302,1,FALSE
47099,"Lawrence County, Tennessee",40887,0.2356671898084096,0.9516227651820872,0.01501699806784552,6.603565925599824e-4,0.04837723481791278,43734,43780,0.0115349474645957,TN,10.685881110610268,10.686932371076852,2,FALSE
47101,"Lewis County, Tennessee",11475,0.21287106699431144,0.9589542483660132,0.01664488017429194,0.00174291938997821,0.04104575163398694,36977,12131,0.02291649493034375,TN,10.518051376717915,9.40351943877092,2,FALSE
47103,"Lincoln County, Tennessee",32221,0.1531634609585877,0.9716644424443686,0.02194221160112969,0.00512088389559604,0.02833555755563144,53923,34158,0.02570408103518941,TN,10.895312382020649,10.438752098179137,1,FALSE
47105,"Loudon County, Tennessee",50464,0.3615793470501371,0.9080730818008876,0.07979946100190234,0.00283370323398858,0.09192691819911224,61664,53169,0.07530703981643438,TN,11.029455571214092,10.88123079872325,3,TRUE
47107,"McMinn County, Tennessee",50475,0.20823315040592083,0.9583159980188212,0.03282813273897969,0.00176324913323427,0.04168400198117883,46872,53392,0.02790680251723104,TN,10.755175761224624,10.885416200991155,2,FALSE
47109,"McNairy County, Tennessee",24404,0.15637451876902533,0.9747992132437304,0.01335846582527454,0.00155712178331421,0.02520078675626946,40327,25814,0.01038196327574184,TN,10.604776498787697,10.158672259395132,1,FALSE
47111,"Macon County, Tennessee",22530,0.20482004208041177,0.955525965379494,0.03843763870395029,0.00528184642698624,0.04447403462050603,38080,24208,0.02441341705221414,TN,10.5474444889053,10.094438436028137,2,FALSE
47113,"Madison County, Tennessee",91783,0.22431884689142195,0.9555800093699268,0.03547497902661713,0.00445616290598476,0.04441999063007307,48396,97838,0.03043807109711973,TN,10.787172444661367,11.49106832861492,2,FALSE
47115,"Marion County, Tennessee",26998,0.06079660288823618,0.990925253722498,0.00629676272316467,8.519149566634565e-4,0.00907474627750204,50059,28639,0.00872935507524704,TN,10.820957588757476,10.26252470426388,1,FALSE
47117,"Marshall County, Tennessee",31706,0.24851084452421607,0.9463823881915094,0.04456569734435123,0.00170314766921087,0.05361761180849056,55299,33708,0.02474190103239587,TN,10.920510104164284,10.425490476892245,2,FALSE
47119,"Maury County, Tennessee",88396,0.27741523599086715,0.9415131906421104,0.04630300013575274,0.006708448346079,0.05848680935788952,60567,94615,0.03596681287322306,TN,11.011505469278331,11.457571304838153,3,TRUE
47121,"Meigs County, Tennessee",11611,0.0943002853200089,0.984669709757988,0.01093790371199724,0.0028421324605977,0.01533029024201193,50733,12237,0.01805998202173735,TN,10.834331865417797,9.412219427985669,1,FALSE
47123,"Monroe County, Tennessee",43793,0.1679362937847564,0.967483387756034,0.02667092914392711,0.00159842897266686,0.03251661224396596,45576,46413,0.0225583349492599,TN,10.727136541160233,10.74533487138718,1,FALSE
47125,"Montgomery County, Tennessee",187874,0.4512109079803978,0.9072250550901136,0.05633562919829247,0.01406793915070738,0.09277494490988636,60878,204992,0.05358745707149547,TN,11.016627140484776,12.23072623296883,3,TRUE
47127,"Moore County, Tennessee",6073,0.11960385715058264,0.9790877655195126,3.2932652725177014e-4,0.00197595916351062,0.0209122344804874,63762,6396,0.02939337085678549,TN,11.06291268060075,8.763428073953845,1,FALSE
47129,"Morgan County, Tennessee",20468,0.17586614864036507,0.9673148329099082,0.01856556576118819,1.465702560093805e-4,0.03268516709009184,41701,21538,0.00598941405887269,TN,10.638280388314705,9.977574095888826,2,FALSE
47131,"Obion County, Tennessee",28607,0.18068253109718752,0.9664767364631034,0.02555318628307756,0.00157304156325374,0.03352326353689661,39985,30343,0.01647826516824309,TN,10.59625966276599,10.320321127381453,2,FALSE
47133,"Overton County, Tennessee",20982,0.12184526164380832,0.9807930607187112,0.006720045753503,0.00652940615765894,0.01920693928128869,36478,22171,0.00626945108475035,TN,10.504464618123944,10.00654040759221,1,FALSE
47135,"Perry County, Tennessee",7442,0.314595468010274,0.9350980919107766,0.01531846277882289,0.00174684224670787,0.06490190808922336,48716,8020,0.01758104738154613,TN,10.793762797207002,8.98969370086056,3,TRUE
47137,"Pickett County, Tennessee",4819,0.1484896950033431,0.965968043162482,0.03403195683751815,0,0.03403195683751814,43125,5068,0.01322020520915548,TN,10.67185815433366,8.53070154144103,1,FALSE
47139,"Polk County, Tennessee",16015,0.1586772506487863,0.9715891351857634,0.01848267249453637,0.00168591945051514,0.0284108648142366,45326,16807,0.01665972511453561,TN,10.721636098258877,9.729550745276567,1,FALSE
47141,"Putnam County, Tennessee",73999,0.3171638783531438,0.9359045392505304,0.04541953269638778,0.00697306720361085,0.06409546074946959,45160,78542,0.04347992157062463,TN,10.717967018263598,11.271388792539128,3,TRUE
47143,"Rhea County, Tennessee",30918,0.23176242055385873,0.9521314444660068,0.03797140824115402,0.00139077559997412,0.04786855553399316,46096,32964,0.02669578934595316,TN,10.73848145732431,10.403171335883274,2,FALSE
47145,"Roane County, Tennessee",50950,0.1752420376075755,0.9717173699705594,0.01150147203140333,0.00700686947988223,0.02828263002944064,55578,53331,0.0201758826948679,TN,10.925542718482085,10.884273054590794,2,FALSE
47147,"Robertson County, Tennessee",66532,0.2948076221343799,0.9354746588107978,0.05320747910779775,0.00518547465881079,0.06452534118920217,66088,70982,0.04208109098081204,TN,11.09874246624234,11.17018160275478,3,TRUE
47149,"Rutherford County, Tennessee",303047,0.534031720771694,0.8828003577002907,0.06728989232693279,0.02466614089563665,0.11719964229970924,68718,324139,0.07465624315494279,TN,11.13776645262577,12.68892771512066,4,TRUE
47151,"Scott County, Tennessee",20665,0.05665541624159823,0.9911444471328332,0.00735543188966852,8.710379869344302e-4,0.00885555286716666,37135,22020,0.00290644868301544,TN,10.522315200103396,9.999706410276673,1,FALSE
47153,"Sequatchie County, Tennessee",14193,0.14389408156872668,0.9720989220038048,0.02318044106249559,0,0.02790107799619534,44217,14936,0.02611140867702196,TN,10.696864609504868,9.61152968522156,1,FALSE
47155,"Sevier County, Tennessee",92724,0.34683768195856074,0.9270523273370432,0.05029981450325697,0.00643846253397178,0.07294767266295676,51734,98007,0.05250645362065975,TN,10.853870484578051,11.492794183673238,3,TRUE
47157,"Shelby County, Tennessee",871007,0.46619812148049183,0.9059904225798416,0.05376191006501669,0.01667380399927899,0.09400957742015847,52092,936611,0.06497574766898959,TN,10.860766665087594,13.750023320270769,4,TRUE
47159,"Smith County, Tennessee",18800,0.18657943546575964,0.9686702127659574,0.01643617021276595,0.00797872340425531,0.03132978723404256,48611,19926,0.02228244504667268,TN,10.791605121726688,9.899780690604802,2,FALSE
47161,"Stewart County, Tennessee",12778,0.12044201471823963,0.9809829394271404,0.00954766004069494,0.00367819690092346,0.01901706057285956,49537,13553,0.01682284365085221,TN,10.81047514408414,9.514363204016016,1,FALSE
47163,"Sullivan County, Tennessee",150030,0.16485121606615097,0.9723055388922216,0.01806305405585549,0.00319269479437445,0.0276944611077784,47438,157707,0.01570634150671815,TN,10.767178874266891,11.96849416004464,1,FALSE
47165,"Sumner County, Tennessee",176388,0.3178838847645397,0.9401263124475588,0.03386284781277638,0.00696759416740367,0.05987368755244116,69878,187680,0.04313192668371696,TN,11.154506143346149,12.142493663887302,3,TRUE
47167,"Tipton County, Tennessee",57914,0.15886727550382018,0.972493697551542,0.01904548123079048,0.00423041060883378,0.02750630244845808,62474,61562,0.01479808973067801,TN,11.042505749172488,11.027800076054053,1,FALSE
47169,"Trousdale County, Tennessee",10395,0.12399044400600492,0.9776815776815776,0.01798941798941799,0.0025012025012025,0.02231842231842229,56981,10910,0.00861594867094408,TN,10.95047315791545,9.297435078827116,1,FALSE
47171,"Unicoi County, Tennessee",17151,0.2449542537479264,0.9448428663051716,0.04827706839251355,0.0030901988222261,0.05515713369482833,44526,17821,0.03855002525110824,TN,10.703828567198189,9.7881328161731,2,FALSE
47173,"Union County, Tennessee",18649,0.11853641373219846,0.97967719448764,0.01485334334280658,0.00209126494718215,0.02032280551235987,45143,19678,0.00548836263847952,TN,10.71759050806569,9.88725653942571,1,FALSE
47175,"Van Buren County, Tennessee",5486,0.2364795945183777,0.950419248997448,0.01986875683558148,0,0.04958075100255199,47576,5813,0.01324617237226905,TN,10.77008371138643,8.66785206770135,2,FALSE
47177,"Warren County, Tennessee",38516,0.32421247556602967,0.9298473361719805,0.0528611486135632,0.0056599854605878,0.07015266382801955,42668,40971,0.05550267262209855,TN,10.661204503745374,10.620619778346532,3,TRUE
47179,"Washington County, Tennessee",122464,0.27392435970593454,0.9529984321923176,0.02329664227854716,0.00848412594721714,0.04700156780768227,48923,128874,0.03979080342039511,TN,10.798002912532445,11.76659046183232,3,TRUE
47181,"Wayne County, Tennessee",15855,0.10912002316694464,0.982718385367392,0.00908230842005676,0.00397350993377483,0.01728161463260802,42206,16638,0.01123933165043875,TN,10.650317670012258,9.719444514843833,1,FALSE
47183,"Weakley County, Tennessee",31695,0.1403507012380893,0.9771257296103486,0.01397696797602145,0.00195614450228742,0.02287427038965139,41488,33377,0.01620876651586422,TN,10.633159507778446,10.415622319000748,1,FALSE
47185,"White County, Tennessee",25459,0.10322266100275522,0.985074040614321,0.00510624926352174,0.00200322086492006,0.01492595938567897,44282,27087,0.00989404511389227,TN,10.698333552920907,10.206809186975589,1,FALSE
47187,"Williamson County, Tennessee",218683,0.44660649987905726,0.9132625764234074,0.03758865572541076,0.02673275929084565,0.08673742357659264,111196,232380,0.07597899991393407,TN,11.619049688928618,12.356129241736852,3,TRUE
47189,"Wilson County, Tennessee",132142,0.34180015596727664,0.9358493136171694,0.03211696508301676,0.00561517155786956,0.06415068638283061,78962,140604,0.04994168017979573,TN,11.276722003067231,11.853702707456156,3,TRUE
48001,"Anderson County, Texas",54873,0.4852988237083279,0.855265795564303,0.13051956335538423,0.00337142128186904,0.14473420443569696,45847,57917,0.06105288602655524,TX,10.733065044791472,10.96676623013805,4,TRUE
48003,"Andrews County, Texas",16664,0.7138648624355994,0.6031565050408065,0.3901824291886702,0.00162025924147863,0.39684349495919347,75147,18227,0.13408679431612444,TX,11.227201474224607,9.810659290224931,4,TRUE
48005,"Angelina County, Texas",81305,0.5635177870737975,0.8194944960334543,0.16366767111493755,0.00651866428878912,0.18050550396654577,49684,87119,0.08666307005360484,TX,10.813438228664085,11.375030279120397,4,TRUE
48007,"Aransas County, Texas",23077,0.5358014914879184,0.8310438965203449,0.15131949560168131,0.00870997096676344,0.16895610347965506,47924,24220,0.06862097440132123,TX,10.77737170175979,10.094934017107084,4,TRUE
48009,"Archer County, Texas",8287,0.2151927586570364,0.9475081452878,0.05044044889586099,0.00181006395559309,0.05249185471219986,63958,8754,0.03015764222069911,TX,11.065981896915524,9.07726601775084,2,FALSE
48013,"Atascosa County, Texas",46615,0.7383080049953378,0.6033465622653652,0.3854767778612035,8.795452107690657e-4,0.3966534377346348,59251,50194,0.07429174801769135,TX,10.989537936492082,10.823650776624158,4,TRUE
48015,"Austin County, Texas",28203,0.5902925185809051,0.796511009467078,0.18682409672729852,0.00304932099422047,0.203488990532922,64468,29892,0.09504215174628663,TX,11.07392425564261,10.30534616505018,4,TRUE
48017,"Bailey County, Texas",6397,0.7370695844284977,0.4738158511802407,0.5183679849929654,0.00562763795529154,0.5261841488197593,55038,6916,0.14777327935222673,TX,10.915779134737711,8.84159284680318,4,TRUE
48019,"Bandera County, Texas",21860,0.43122883785624794,0.8780878316559927,0.1085544373284538,0.00269899359560841,0.12191216834400732,60361,22770,0.0559508124725516,TX,11.008098480007638,10.033199159057784,3,TRUE
48021,"Bastrop County, Texas",81189,0.7161795273886051,0.7062779440564608,0.2731527670004557,0.00645407629112318,0.2937220559435392,71820,86839,0.1140386231992538,TX,11.181918267780071,11.371811108495248,4,TRUE
48025,"Bee County, Texas",30720,0.7222759909047033,0.6537760416666667,0.33346354166666664,0.00361328124999999,0.3462239583333333,45287,32609,0.03256769603483701,TX,10.720775294568275,10.392343602873122,4,TRUE
48027,"Bell County, Texas",325854,0.6926287389652382,0.8145120207209364,0.13701535043301602,0.02343073891988436,0.1854879792790636,54987,355700,0.0811217317964577,TX,10.914852072639958,12.781842957936547,4,TRUE
48029,"Bexar County, Texas",1839717,0.8802043337627662,0.6130018910517215,0.34799102253226993,0.0184365312708422,0.38699810894827846,58288,1978826,0.13023681718352195,TX,10.973151519248344,14.4980142975257,4,TRUE
48031,"Blanco County, Texas",11245,0.3815626076441218,0.9044019564250778,0.07870164517563362,0.0097821253890618,0.0955980435749222,70397,11733,0.0548026932583312,TX,11.161905927601785,9.370160663423624,3,TRUE
48035,"Bosque County, Texas",17440,0.4716637819769877,0.8567660550458716,0.13142201834862385,0.00424311926605504,0.14323394495412844,57337,18428,0.06983937486433688,TX,10.956701418570916,9.821626526055809,4,TRUE
48037,"Bowie County, Texas",87657,0.3029878534513888,0.9379741492407908,0.04478820858573759,0.00893254389267257,0.06202585075920919,51796,93622,0.04177436927217962,TX,10.855068205188733,11.44702067758251,3,TRUE
48039,"Brazoria County, Texas",342944,0.8838466961917357,0.734875081645983,0.19504350564523656,0.04128079219930951,0.26512491835401697,83325,368062,0.12951078894316717,TX,11.33050390317594,12.816006681221069,4,TRUE
48041,"Brazos County, Texas",212657,0.8405086831647851,0.7638403626497129,0.1640952331689058,0.04115077331101257,0.2361596373502871,50289,226370,0.12801607986924063,TX,10.825541644299388,12.32992610769717,4,TRUE
48043,"Brewster County, Texas",8775,0.8545589541304714,0.659031339031339,0.2917378917378917,0.02928774928774928,0.34096866096866096,45296,9231,0.09002274943126422,TX,10.72097400735168,9.130322663990151,4,TRUE
48047,"Brooks County, Texas",6750,0.6635063036221027,0.352,0.6457777777777778,0.00222222222222222,0.648,25058,7100,0.10338028169014084,TX,10.128948416805498,8.867850063029406,4,TRUE
48049,"Brown County, Texas",35878,0.48757457211997207,0.8446959139305424,0.1451864652433246,0.00518423546463013,0.15530408606945756,49180,37805,0.0456553365956884,TX,10.803242315770184,10.54019664799237,4,TRUE
48051,"Burleson County, Texas",17202,0.4793340181317203,0.8417044529705848,0.14963376351587024,0,0.15829554702941517,60058,18237,0.06261994845643472,TX,11.003066040949562,9.811207776416833,4,TRUE
48053,"Burnet County, Texas",45098,0.4795414464793916,0.850059869617278,0.13827664197968867,0.00334826378109894,0.14994013038272205,59919,47548,0.07281063346512998,TX,11.000748929133282,10.769495006100517,4,TRUE
48055,"Caldwell County, Texas",40104,0.7435647202479384,0.63016157989228,0.35525134649910234,4.488330341113106e-4,0.36983842010771995,59846,42817,0.11894808136954949,TX,10.9995298750016,10.664690498970018,4,TRUE
48057,"Calhoun County, Texas",20132,0.8383827148970922,0.6925293065765945,0.24870852374329425,0.05692429962249155,0.3074706934234055,57170,21470,0.12822543083372148,TX,10.953784564258015,9.974411890872826,4,TRUE
48059,"Callahan County, Texas",13278,0.3396196372714386,0.9170055731284832,0.06966410604006627,0.00256062660039162,0.08299442687151681,51955,13959,0.01382620531556701,TX,10.858133238286747,9.543879740512756,3,TRUE
48061,"Cameron County, Texas",388100,0.6619388668508781,0.288804431847462,0.7031383664004123,0.00391651636176243,0.7111955681525379,41200,422135,0.2263162258519194,TX,10.626193535337618,12.953080447072656,4,TRUE
48063,"Camp County, Texas",12024,0.5581865373119532,0.8180306054557551,0.16259148369926812,0.00532268795741849,0.18196939454424488,49539,12938,0.10086566702736126,TX,10.810515517131098,9.46792399660393,4,TRUE
48065,"Carson County, Texas",5553,0.1793240661238231,0.964883846569422,0.02863317125877904,0.00234107689537187,0.03511615343057805,74246,5957,0.02299815343293604,TX,11.215139183159923,8.692322277628687,2,FALSE
48067,"Cass County, Texas",28289,0.22727606202185344,0.9541517904485842,0.03326381278942345,0.00410053377637951,0.04584820955141577,47539,30002,0.02503166455569628,TX,10.769305705774984,10.309019325088835,2,FALSE
48069,"Castro County, Texas",6999,0.7202915850170428,0.5177882554650665,0.4780682954707816,0.00414344906415202,0.48221174453493354,49900,7561,0.15923819600581934,TX,10.81777628173961,8.93075873555827,4,TRUE
48071,"Chambers County, Texas",39694,0.5099203261371935,0.8249105658285887,0.16604524613291682,0.00385448682420516,0.17508943417141132,95989,42571,0.06692349251838106,TX,11.471988880551468,10.65892854926746,4,TRUE
48073,"Cherokee County, Texas",48656,0.5411100717600228,0.8018332785268004,0.19128165077277212,0.00452153896744492,0.1981667214731996,50199,52341,0.1049464091247779,TX,10.823750385162684,10.865535281748013,4,TRUE
48075,"Childress County, Texas",6821,0.5393064545220292,0.7699750769681865,0.23002492303181352,0,0.23002492303181352,43564,7219,0.08200581798032969,TX,10.681986400195576,8.88447171813916,4,TRUE
48077,"Clay County, Texas",9982,0.277078832874941,0.9404928871969546,0.04708475255459828,0.00721298337006611,0.05950711280304544,63125,10444,0.0326503255457679,TX,11.05287216657766,9.25378292981902,3,TRUE
48083,"Coleman County, Texas",7806,0.4244966392945283,0.8603638227004868,0.13604919292851653,0.00243402510889059,0.13963617729951316,46948,8281,0.05409974640743871,TX,10.756795885220017,9.0217190130337,3,TRUE
48085,"Collin County, Texas",943866,1.1447773961364254,0.711157092214361,0.11312410871882238,0.08636925156748945,0.28884290778563904,100541,1006038,0.2133716619054151,TX,11.518320883487135,13.821530402288268,4,TRUE
48089,"Colorado County, Texas",19962,0.5861699768080856,0.7935076645626691,0.19126340046087567,0.00155295060615168,0.20649233543733092,52663,21357,0.10385353748185606,TX,10.871668400664229,9.969134833771983,4,TRUE
48091,"Comal County, Texas",140417,0.5599092916676857,0.8324846706595356,0.144419835205139,0.00370325530384497,0.16751532934046445,80781,148921,0.05876941465609282,TX,11.299497068342587,11.91117124297888,4,TRUE
48093,"Comanche County, Texas",12812,0.5761963146999901,0.7834061817046519,0.2052763034655011,5.463627848891664e-4,0.21659381829534807,54889,13597,0.0844303890564095,TX,10.91306824312329,9.517604459155686,4,TRUE
48097,"Cooke County, Texas",37677,0.4572041435102035,0.8633914589802797,0.12628393980412453,0.0049897815643496,0.1366085410197203,62733,40428,0.0802908875037103,TX,11.04664290395491,10.607277893194553,4,TRUE
48099,"Coryell County, Texas",70444,0.5838062347273897,0.8584549429333939,0.09810629720061326,0.01899381068650275,0.14154505706660614,54712,75576,0.06304911612152006,TX,10.909838342777933,11.23289405144897,4,TRUE
48107,"Crosby County, Texas",5379,0.6795608837553042,0.675404350250976,0.31641569064881947,0.00650678564788994,0.324595649749024,42470,5753,0.04588910133843212,TX,10.656553223307316,8.657476736863293,4,TRUE
48111,"Dallam County, Texas",6552,0.8241885151883556,0.6317155067155067,0.3090659340659341,4.578754578754579e-4,0.3682844932844933,58956,7272,0.2165841584158416,TX,10.98454668195665,8.891786635857315,4,TRUE
48113,"Dallas County, Texas",2428693,1.0764270463024042,0.5708486004612358,0.34376143876562415,0.03941626216240587,0.42915139953876424,61870,2622634,0.24271057265329435,TX,11.032790688525036,14.779689714229391,4,TRUE
48115,"Dawson County, Texas",11950,0.7304683657879647,0.637907949790795,0.34560669456066945,0.00184100418410041,0.362092050209205,40469,12849,0.05556852673359794,TX,10.608291527903145,9.46102126628348,4,TRUE
48117,"Deaf Smith County, Texas",16992,0.7467699648409502,0.4179025423728814,0.5714453860640302,0.00564971751412429,0.5820974576271186,49790,18617,0.1884299296342053,TX,10.815569439636228,9.831830420771896,4,TRUE
48119,"Delta County, Texas",4903,0.13715667695000466,0.9732816642871712,0.02345502753416276,0.00122374056699979,0.02671833571282889,49868,5277,0.01023308698123934,TX,10.817134793464865,8.571113033405668,1,FALSE
48121,"Denton County, Texas",807998,0.914922380450064,0.7666417491132403,0.1304347287988337,0.05325755756821181,0.23335825088675963,90354,861690,0.15592846615372116,TX,11.411490567314877,13.666650856193597,4,TRUE
48123,"DeWitt County, Texas",18945,0.5070451202411428,0.8186328846661388,0.17561361836896278,7.389812615465822e-4,0.1813671153338612,53815,20217,0.034822179354009,TX,10.893307517698398,9.914279113614327,4,TRUE
48127,"Dimmit County, Texas",9529,0.7525139892166047,0.4092769440654843,0.5773953195508448,0.01028439500472242,0.5907230559345157,25996,10232,0.10858092259577797,TX,10.16569795901424,9.23327534325868,4,TRUE
48131,"Duval County, Texas",10413,0.7098474186443168,0.4237011428022664,0.571689234610583,0,0.5762988571977337,45349,11194,0.04430945149187065,TX,10.722143404583514,9.323133199451306,4,TRUE
48133,"Eastland County, Texas",17233,0.44536360991061896,0.864446120814716,0.12603725410549527,0.00690535600301746,0.13555387918528403,41559,18289,0.04401552845972989,TX,10.634869383325988,9.814055065204576,3,TRUE
48135,"Ector County, Texas",147408,0.7928971482671475,0.5581854444806252,0.4251329642895908,0.00750298491262346,0.4418145555193747,63096,162067,0.13941764825658523,TX,11.052412655077829,11.9957651089607,4,TRUE
48139,"Ellis County, Texas",167519,0.5472348334875589,0.8163014344641504,0.17190288862755868,0.0036652558814224,0.1836985655358496,79834,179484,0.07573934166833812,TX,11.28770475786082,12.097841346447328,4,TRUE
48141,"El Paso County, Texas",774232,0.7430607406219236,0.3023434836069809,0.6787991196437244,0.008354085080441,0.6976565163930191,48292,836915,0.23906967852171368,TX,10.78502119445228,13.63747779114867,4,TRUE
48143,"Erath County, Texas",39728,0.497783914006826,0.8521949254933548,0.13073902537253324,0.00453080950463149,0.14780507450664515,55383,42226,0.07642210960071993,TX,10.922027966438678,10.650791424048029,4,TRUE
48145,"Falls County, Texas",16283,0.5678445147056558,0.8203647976417122,0.15838604679727322,0.00159675735429589,0.17963520235828778,36854,17281,0.05555234072102309,TX,10.514719439894806,9.757362911053992,4,TRUE
48147,"Fannin County, Texas",33301,0.3705917640910895,0.9070598480526112,0.07948710248941473,0.00195189333653644,0.09294015194738892,57898,35046,0.04939222735832905,TX,10.966438120650151,10.464416763268364,3,TRUE
48149,"Fayette County, Texas",24047,0.6368726459194713,0.804591009273506,0.16197446666943902,0.00690314800182974,0.195408990726494,62872,25247,0.07105794747890838,TX,11.04885619254601,10.136462615763628,4,TRUE
48153,"Floyd County, Texas",5433,0.6714753104488294,0.6037180195103994,0.3962819804896006,0,0.3962819804896006,52714,5782,0.06624005534417157,TX,10.872636353898464,8.662504922576291,4,TRUE
48157,"Fort Bend County, Texas",737059,1.3915298319744778,0.6003264324836953,0.17333754828310896,0.10740388489930928,0.3996735675163047,100189,790892,0.28643607471057997,TX,11.514813681167466,13.580916701397555,4,TRUE
48159,"Franklin County, Texas",10155,0.482446008435263,0.852191038897095,0.13303791235844412,0,0.14780896110290498,59632,10767,0.07207207207207207,TX,10.99594762171904,9.284241179815718,4,TRUE
48161,"Freestone County, Texas",18608,0.4491938450794667,0.8639832330180568,0.12516122098022356,0,0.1360167669819432,52232,19744,0.06736223662884927,TX,10.863450612866467,9.890604926705114,3,TRUE
48163,"Frio County, Texas",18744,0.7870736577535948,0.4198143405889885,0.5632202304737516,0.00565514297908664,0.5801856594110115,48708,20013,0.16864038375056217,TX,10.793598566626898,9.904137341377623,4,TRUE
48165,"Gaines County, Texas",18837,1.151131971925574,0.4216170303126825,0.2802463237245846,0.00562722301852736,0.5783829696873175,62994,21077,0.24510129525074725,TX,11.050794762742996,9.955937677537047,4,TRUE
48167,"Galveston County, Texas",316330,0.6868656782438596,0.8040558909999052,0.15512597603768216,0.02236904498466791,0.19594410900009485,74633,337600,0.09627962085308056,TX,11.220338047629172,12.72961704170394,4,TRUE
48169,"Garza County, Texas",5819,0.7907040537476248,0.5978690496648909,0.3785873861488228,0.02216875751847396,0.4021309503351091,58938,6028,0.3095554080955541,TX,10.984241322902925,8.704170559746386,4,TRUE
48171,"Gillespie County, Texas",25348,0.5571368355445008,0.8247593498500868,0.14715164904528957,7.890168849613382e-4,0.1752406501499132,61445,26668,0.09014549272536374,TX,11.025897744718698,10.19121962373795,4,TRUE
48175,"Goliad County, Texas",7307,0.5644406216173646,0.8252360749965786,0.14205556315861503,0.0042425071848912,0.17476392500342142,50000,7578,0.03879651623119556,TX,10.819778284410283,8.933004591578547,4,TRUE
48177,"Gonzales County, Texas",19293,0.6606487415229245,0.6712279064945835,0.324832840926761,0.0026434458093609,0.3287720935054165,58210,20828,0.11719800268868832,TX,10.97181244026578,9.944053514282787,4,TRUE
48179,"Gray County, Texas",20497,0.5724960445811041,0.7843586866370689,0.2068107527930917,0.00151241645118797,0.21564131336293113,54679,22063,0.10270588768526492,TX,10.90923500244827,10.001657276308372,4,TRUE
48181,"Grayson County, Texas",125109,0.4326464342872698,0.8884013140541448,0.09304686313534598,0.01038294607102606,0.1115986859458552,58296,133527,0.05977817220487242,TX,10.97328875935012,11.802058983564246,3,TRUE
48183,"Gregg County, Texas",114674,0.5482608512220908,0.8297696077576434,0.15249315450756057,0.00979297835603536,0.1702303922423566,52027,123633,0.08515525790039877,TX,10.859518093579142,11.725072778661424,4,TRUE
48185,"Grimes County, Texas",26791,0.5716637664030877,0.8015378298682393,0.18495016983315293,0.00201560225448844,0.1984621701317607,56086,28447,0.06373255527823672,TX,10.934641505999714,10.255797985839772,4,TRUE
48187,"Guadalupe County, Texas",152954,0.6460937243255055,0.7847718922028846,0.19207081867751088,0.0121409051087255,0.21522810779711543,75774,163030,0.06702447402318591,TX,11.235510504874226,12.0016895119337,4,TRUE
48189,"Hale County, Texas",31210,0.7338473099805367,0.6330342838833707,0.35427747516821534,0.00342838833707145,0.3669657161166293,47500,33463,0.10321848011236293,TX,10.768484990022731,10.41819562981634,4,TRUE
48193,"Hamilton County, Texas",7952,0.3336641231701964,0.9122233400402414,0.07935110663983903,2.5150905432595576e-4,0.08777665995975859,46893,8434,0.04801991937396253,TX,10.75562368956358,9.040026434306505,3,TRUE
48195,"Hansford County, Texas",5027,0.6660477921925876,0.6158742788939725,0.38412572110602744,0,0.3841257211060275,46507,5431,0.20419812189283745,TX,10.747358117880204,8.599878558034845,4,TRUE
48199,"Hardin County, Texas",53672,0.22087514336429237,0.955805634222686,0.03508346996571769,0.00296243851542703,0.04419436577731406,61221,57356,0.0198584280633238,TX,11.022245546897196,10.957032737834927,2,FALSE
48201,"Harris County, Texas",4329843,1.120667893391959,0.555759412061823,0.34952398966890946,0.04646404038206466,0.444240587938177,63022,4680609,0.25979568043389223,TX,11.05123915076453,15.358938787633017,4,TRUE
48203,"Harrison County, Texas",62377,0.3327301068322928,0.9133013771101528,0.07964474084999279,0.00343075171938374,0.0866986228898472,54234,66547,0.05151246487444964,TX,10.901063297026466,11.10566374391912,3,TRUE
48205,"Hartley County, Texas",5273,0.5334180035326379,0.8334913711359757,0.14621657500474114,0.00644794234780959,0.1665086288640243,53722,5588,0.08035075161059413,TX,10.891577880026055,8.628376720376853,4,TRUE
48207,"Haskell County, Texas",5464,0.5740568501093655,0.7913616398243045,0.19674231332357248,9.150805270863836e-4,0.20863836017569548,48955,5711,0.08649973734897566,TX,10.798656787788172,8.650149418664864,4,TRUE
48209,"Hays County, Texas",209160,0.7099764454478474,0.7454484605087015,0.2277586536622681,0.00788869764773379,0.2545515394912985,68724,222827,0.09118733367141324,TX,11.137853762181855,12.314150964612177,4,TRUE
48213,"Henderson County, Texas",77394,0.3941455605005651,0.8950564643253999,0.09328888544331602,0.00509083391477375,0.10494353567460012,49469,81969,0.04740816650197026,TX,10.809101489746167,11.314096405987447,3,TRUE
48215,"Hidalgo County, Texas",784145,0.5430721609397711,0.17294888062794508,0.8158172276811049,0.00777279712298108,0.8270511193720549,41846,861137,0.2633692432214619,TX,10.641751491899196,13.666008888057512,4,TRUE
48217,"Hill County, Texas",33962,0.497407555950237,0.8434132265473175,0.14513279547729815,0.00356280548848713,0.15658677345268246,55615,36109,0.06895787753745604,TX,10.92620822802613,10.494297420728252,4,TRUE
48219,"Hockley County, Texas",21441,0.6740981961042162,0.6905927895154144,0.3003124854251201,0.00256517886292616,0.30940721048458564,47010,22986,0.087618550421996,TX,10.758115624018176,10.042640613928704,4,TRUE
48221,"Hood County, Texas",56811,0.34142474716217935,0.9113727975216068,0.07949164774427488,6.336800971642816e-4,0.08862720247839329,71253,60025,0.02942107455226988,TX,11.173992202507652,11.002516421089457,3,TRUE
48223,"Hopkins County, Texas",34412,0.45174503576736874,0.8646693014064861,0.12393932349180518,0.00348715564338021,0.13533069859351388,54600,36708,0.06845919145690313,TX,10.907789161732996,10.510749993938903,3,TRUE
48225,"Houston County, Texas",21725,0.3238036190107159,0.9146605293440736,0.07935558112773303,0.00377445339470655,0.0853394706559264,40838,22942,0.0295527852846308,TX,10.61736829948298,10.040724570841212,3,TRUE
48227,"Howard County, Texas",33897,0.690580063384151,0.7064046965808184,0.27911024574446114,0.00445467150485293,0.2935953034191816,57761,36213,0.1113688454422445,TX,10.96406908643623,10.497173449369235,4,TRUE
48231,"Hunt County, Texas",90175,0.4962077665578029,0.8582312170779041,0.1250679234821181,0.00869420571111727,0.14176878292209594,57467,96202,0.06897985488867175,TX,10.958966148990834,11.47420542645848,4,TRUE
48233,"Hutchinson County, Texas",19761,0.4072904360395209,0.8723242750872932,0.12362734679419056,0.00146753706796214,0.12767572491270684,57921,21105,0.05088841506751954,TX,10.966835292103926,9.9572652582166,3,TRUE
48237,"Jack County, Texas",8417,0.4043562276219507,0.8690744920993227,0.12819294285374835,0,0.13092550790067725,54087,8888,0.06075607560756076,TX,10.89834914021031,9.092457331319466,3,TRUE
48239,"Jackson County, Texas",13810,0.5664001783283122,0.7990586531498913,0.1891383055756698,0.00419985517740767,0.20094134685010867,58243,14822,0.06814195115369046,TX,10.972379192532934,9.603867842511304,4,TRUE
48241,"Jasper County, Texas",33559,0.3182005948292891,0.9303316546976966,0.05232575464107988,0.00515509997318156,0.06966834530230337,42756,35562,0.03315336595242112,TX,10.663264815393836,10.479032931015894,3,TRUE
48245,"Jefferson County, Texas",235527,0.7325341407566015,0.7766880230292068,0.17699456962471394,0.02706696047586901,0.2233119769707932,50840,253136,0.11993947917325076,TX,10.83643872530339,12.441682172688845,4,TRUE
48247,"Jim Hogg County, Texas",4399,0.6600795939607722,0.37213002955217095,0.6278699704478291,0,0.627869970447829,35736,5187,0.02564102564102564,TX,10.483913863031956,8.553910774351401,4,TRUE
48249,"Jim Wells County, Texas",37882,0.7444839479496664,0.5253682487725041,0.4666332295021382,0.00126709255055171,0.4746317512274959,45857,40796,0.04201392293362095,TX,10.73328313778719,10.616339316370407,4,TRUE
48251,"Johnson County, Texas",160176,0.5157619313639303,0.8426605733692938,0.14246828488662472,0.00739811207671561,0.1573394266307062,65311,171359,0.04200538051692645,TX,11.086915754370356,12.051516049996948,4,TRUE
48253,"Jones County, Texas",19012,0.5137532586045703,0.8253208499894803,0.16594782242794026,0.00357668840732169,0.1746791500105197,52471,19874,0.03733521183455771,TX,10.86801591500877,9.897167623791308,4,TRUE
48255,"Karnes County, Texas",14646,0.7279188231339431,0.6898811962310528,0.29065956575174107,0.00587191041922709,0.3101188037689472,52896,15547,0.1083167170515212,TX,10.876083000620753,9.65162297294974,4,TRUE
48257,"Kaufman County, Texas",120436,0.5658521223970556,0.8258660201268724,0.15430602145537878,0.00699956823541133,0.17413397987312762,72179,129792,0.07596770216962524,TX,11.186904423847553,11.773688448070745,4,TRUE
48259,"Kendall County, Texas",43370,0.4639125474819784,0.873045884251787,0.10947659672584736,0.00419644915840442,0.12695411574821305,98692,45491,0.06561737486535799,TX,11.49975916843847,10.725269783175804,4,TRUE
48265,"Kerr County, Texas",49533,0.44854334406510854,0.8610825106494661,0.1306805563967456,0.00238225021702703,0.13891748935053394,57196,52195,0.068473991761663,TX,10.954239244852738,10.8627419838424,3,TRUE
48273,"Kleberg County, Texas",28648,0.7936643385343001,0.60363725216419994,0.374616029042167,0.01602206087685004,0.39636274783580006,47301,30725,0.0671440195280716,TX,10.764286715905593,10.332831934434235,4,TRUE
48277,"Lamar County, Texas",46480,0.3756627931620713,0.9137263339070568,0.06391996557659209,0.00372203098106712,0.08627366609294318,48036,49705,0.03814505582939342,TX,10.779706008780574,10.813860810646243,3,TRUE
48279,"Lamb County, Texas",12087,0.7173182108327462,0.5765698684537106,0.4181351865640771,0.00438487631339455,0.4234301315462894,44935,13018,0.09517591027807652,TX,10.712972280092474,9.474088294132333,4,TRUE
48281,"Lampasas County, Texas",20051,0.45624896102653606,0.8896813126527355,0.08149219490299736,0.01007431050820407,0.11031868734726448,64808,21152,0.0482696671709531,TX,11.079184331510326,9.959489742651412,3,TRUE
48283,"La Salle County, Texas",7254,0.7366054435122462,0.45974634684312105,0.5330851943755169,0.00192996967190515,0.5402536531568789,47162,7551,0.07204343795523771,TX,10.761343762573114,8.929435283803425,4,TRUE
48285,"Lavaca County, Texas",18864,0.4922703031702641,0.865617048346056,0.10708227311280746,0.00323367260390161,0.13438295165394398,54211,20072,0.04269629334396174,TX,10.90063911886528,9.907081088046258,4,TRUE
48287,"Lee County, Texas",16112,0.5939876663964989,0.8165342601787487,0.15535004965243296,0.01222691161866931,0.18346573982125125,56696,17174,0.08658437172470013,TX,10.945458940490091,9.75115189123243,4,TRUE
48289,"Leon County, Texas",16217,0.45083859340776095,0.8710612320404514,0.11413948325830918,0.0077696244681507,0.12893876795954862,43392,17325,0.06112554112554112,TX,10.678030371300068,9.759905824058103,3,TRUE
48291,"Liberty County, Texas",79971,0.5946241364983158,0.7661902439634367,0.22535669180077775,0.00330119668379787,0.2338097560365633,50917,86173,0.0934167314588096,TX,10.837952134989148,11.364112182528563,4,TRUE
48293,"Limestone County, Texas",21933,0.5480944516694654,0.81046824419824,0.17795103269046642,0.00651985592486208,0.18953175580175996,45781,23364,0.09981167608286252,TX,10.731624436867817,10.0589516551602,4,TRUE
48297,"Live Oak County, Texas",11492,0.7328124965126996,0.709014966933519,0.26444483118691264,0.01583710407239819,0.29098503306648105,50212,12175,0.06135523613963039,TX,10.8240093209381,9.40713994795079,4,TRUE
48299,"Llano County, Texas",20615,0.2295659492589956,0.9461072034926024,0.04928450157652195,0.00116420082464225,0.053892796507397533,58941,21452,0.03934365094163714,TX,10.984292222554274,9.973573160102816,2,FALSE
48303,"Lubbock County, Texas",287977,0.6737565925119448,0.7929244349375124,0.1743819818943874,0.01416085312368696,0.2070755650624876,53425,308392,0.06535513242885678,TX,10.886034080187349,12.63912697999763,4,TRUE
48305,"Lynn County, Texas",5496,0.63048217542268,0.7387190684133915,0.25054585152838427,0.00218340611353711,0.2612809315866085,46163,5886,0.03584777437988447,TX,10.739933890404624,8.680331928793418,4,TRUE
48307,"McCulloch County, Texas",7460,0.5937829108289595,0.7794906166219839,0.2077747989276139,0.00201072386058981,0.22050938337801607,48618,7970,0.05420326223337515,TX,10.79174911168878,8.98343977178426,4,TRUE
48309,"McLennan County, Texas",236571,0.6134300711431947,0.805648198638041,0.1715468083577446,0.01140461003250609,0.19435180136195895,50210,254045,0.0857210336751363,TX,10.823969489028752,12.445266695663076,4,TRUE
48313,"Madison County, Texas",13500,0.6540033648006633,0.7888148148148149,0.17533333333333334,0.02066666666666666,0.21118518518518511,60499,14329,0.1172447484123107,TX,11.010382114956707,9.570040734716605,4,TRUE
48315,"Marion County, Texas",9513,0.2166313163926629,0.9544833385892988,0.03668663933564595,0.007148113108378,0.0455166614107011,39093,9987,0.02673475518173625,TX,10.573698701813017,9.209039526243137,2,FALSE
48317,"Martin County, Texas",5230,0.7903111248067224,0.6451242829827916,0.3072657743785851,0,0.35487571701720844,70000,5676,0.07910500352360818,TX,11.156250521031495,8.644002038279933,4,TRUE
48321,"Matagorda County, Texas",34181,0.6895515983826777,0.6998332406892718,0.28354934027676193,0.01392586524677452,0.3001667593107282,48733,36791,0.10026908754858524,TX,10.794111697661032,10.51300852902868,4,TRUE
48323,"Maverick County, Texas",52738,0.3936096509258099,0.10400470249156206,0.8853767681747506,5.498881262088058e-4,0.895995297508438,41385,58098,0.29742848290818963,TX,10.630673775319496,10.969886518839584,3,TRUE
48325,"Medina County, Texas",47886,0.6576126680954001,0.7021258823038049,0.28991772125464643,0.00235977112308399,0.2978741176961951,62701,50869,0.05940749769014528,TX,11.046132675457146,10.83700897967195,4,TRUE
48329,"Midland County, Texas",156205,0.821152143471512,0.6571812682052431,0.3100220863608719,0.01985211740981402,0.34281873179475686,83217,171238,0.13979373737137785,TX,11.329206932860474,12.050809680676544,4,TRUE
48331,"Milam County, Texas",23317,0.5268402841515618,0.8209460908350131,0.16914697431058884,0.00578976712270017,0.17905390916498687,48253,24797,0.05149816510061701,TX,10.784213281000078,10.118477957093951,4,TRUE
48335,"Mitchell County, Texas",7819,0.5914369477846435,0.7460033252334058,0.25003197339813277,0,0.25399667476659415,44939,8256,0.03548934108527132,TX,10.713061293600331,9.018695487721343,4,TRUE
48337,"Montague County, Texas",18552,0.29937051300839496,0.9210866752910736,0.07239111686071582,0,0.07891332470892631,57511,19640,0.03391038696537678,TX,10.959731512836925,9.885323581908455,3,TRUE
48339,"Montgomery County, Texas",550648,0.7245279768291293,0.7739517804477634,0.18541790762883004,0.01602657232932835,0.22604821955223664,83274,590188,0.13498241238385056,TX,11.329891654583896,13.28819640919346,4,TRUE
48341,"Moore County, Texas",19151,1.0647673472299604,0.4636833585713539,0.4443632186308809,0.0563417053939742,0.536316641428646,53967,21169,0.2698285228400019,TX,10.896128027630796,9.96029312635758,4,TRUE
48343,"Morris County, Texas",11679,0.3959300260889541,0.8985358335473927,0.08408254131346862,0.00128435653737477,0.10146416645260724,43995,12357,0.03965363761430768,TX,10.69183127007966,9.42197798310419,3,TRUE
48347,"Nacogdoches County, Texas",60953,0.5461532408833248,0.8259806736337834,0.15863042015979523,0.0077272652699621,0.17401932636621664,44507,65080,0.07977873386601106,TX,10.70340175915424,11.083372561332974,4,TRUE
48349,"Navarro County, Texas",45795,0.6587521197412713,0.7481602795064963,0.2317065181788405,0.01393165192706627,0.25183972049350367,47574,49475,0.128489135927236,TX,10.770041672500454,10.809222770470766,4,TRUE
48351,"Newton County, Texas",13178,0.147026731080114,0.9737441189861892,0.01919866444073455,0.00129002883593868,0.02625588101381093,40690,13788,0.00993617638526254,TX,10.613737640995735,9.531553927636756,1,FALSE
48353,"Nolan County, Texas",13848,0.6261966356618138,0.7540439052570769,0.2334633160023108,0.00108318890814558,0.24595609474292313,43692,14901,0.06059995973424603,TX,10.684920297963432,9.60918360377546,4,TRUE
48355,"Nueces County, Texas",338120,0.7805957049489445,0.6495356678102449,0.3281615994321543,0.01279427422216964,0.35046433218975515,56784,362151,0.08733925903835693,TX,10.94700987488628,12.79981653090642,4,TRUE
48357,"Ochiltree County, Texas",9074,0.6949678733289762,0.5349349790610536,0.4645139960326206,0,0.4650650209389464,53431,9907,0.2453820530937721,TX,10.886146380853784,9.20099685697303,4,TRUE
48361,"Orange County, Texas",78115,0.3251680048453302,0.9334186775907316,0.04570184983677911,0.00574793573577417,0.0665813224092684,63488,83776,0.03059348739495798,TX,11.058606190644545,11.335901849269572,3,TRUE
48363,"Palo Pinto County, Texas",27028,0.43490442240724353,0.8716146218736126,0.11743377238419415,0.00240491342311676,0.1283853781263874,55986,28792,0.06543484301194777,TX,10.932856938462075,10.267852849758867,3,TRUE
48365,"Panola County, Texas",21833,0.26100870901106044,0.9357394769385792,0.05931388265469702,4.1222003389364725e-4,0.06426052306142083,51297,23186,0.03122573967049081,TX,10.845387549916705,10.051303927230348,2,FALSE
48367,"Parker County, Texas",129870,0.35089286554888893,0.9129206129206128,0.07677677677677677,0.00401170401170401,0.08707938707938712,84189,138447,0.05298056295911071,TX,11.34081955036593,11.83824285989197,3,TRUE
48369,"Parmer County, Texas",8892,0.7796961832149013,0.4571524966261809,0.5264282501124606,0.00483580746738641,0.5428475033738192,58558,9639,0.214960058097313,TX,10.977772995046502,9.173572647783969,4,TRUE
48371,"Pecos County, Texas",14697,0.7975066274060074,0.4618629652309995,0.5215350071443152,0.00938967136150234,0.5381370347690004,53879,15725,0.13723370429252782,TX,10.89449607058963,9.663007081568642,4,TRUE
48373,"Polk County, Texas",47503,0.4983616605384976,0.8548091699471613,0.12891817358903648,0.00505231248552722,0.14519083005283873,50351,50155,0.06007377130894228,TX,10.82677375892267,10.822873489317583,4,TRUE
48375,"Potter County, Texas",109268,0.9113062752323834,0.6772431086868983,0.25105245817622723,0.04457846762089541,0.3227568913131017,43652,118323,0.16073797993627612,TX,10.68400437923298,11.681173452032825,4,TRUE
48377,"Presidio County, Texas",6371,0.6335854865857028,0.2247684821849003,0.7535708679956051,0.02150368858891854,0.7752315178150997,22716,6808,0.3927732079905993,TX,10.030824800997324,8.82585367025321,4,TRUE
48379,"Rains County, Texas",11498,0.33598653687455676,0.9198121412419552,0.06583753696295008,0.00730561836841189,0.0801878587580449,52612,12001,0.03366386134488793,TX,10.87069950958867,9.39274525863144,3,TRUE
48381,"Randall County, Texas",127380,0.5080337887333175,0.8771314178049929,0.09262835609985869,0.01125765426283561,0.12286858219500708,68186,136005,0.05100547773978898,TX,11.129994544166644,11.820446928748266,4,TRUE
48387,"Red River County, Texas",11462,0.15736960456961263,0.9679811551212704,0.02783109404990403,0,0.03201884487872974,37135,12115,0.01700371440363186,TX,10.522315200103396,9.402199633250628,1,FALSE
48389,"Reeves County, Texas",14712,0.759722330067228,0.46383904295812944,0.5237221315932572,0.01141924959216965,0.5361609570418706,61543,15546,0.186092885629744,TX,11.02749139646913,9.651558649790164,4,TRUE
48391,"Refugio County, Texas",6555,0.6137677952670731,0.7177726926010679,0.2794813119755912,0.00167810831426392,0.2822273073989321,51054,7015,0.01240199572344975,TX,10.840639175077612,8.855805992536562,4,TRUE
48395,"Robertson County, Texas",15991,0.4965207946304928,0.84597586142205,0.13989118879369644,0.00175098492902257,0.15402413857795005,53823,17094,0.04399204399204399,TX,10.893456164087494,9.746482803725964,4,TRUE
48397,"Rockwall County, Texas",94889,0.6047280152723553,0.845166457650518,0.1140385081516298,0.0145222312386051,0.154833542349482,105956,101175,0.08228317272053373,TX,11.570779192579078,11.524606969744069,4,TRUE
48399,"Runnels County, Texas",9701,0.4833516470441928,0.8347593031646222,0.1584372745077827,7.215750953509947e-4,0.1652406968353778,48489,10280,0.04017509727626459,TX,10.78909224707792,9.237955539009157,4,TRUE
48401,"Rusk County, Texas",50961,0.4597849938646813,0.8577735915700241,0.1327878181354369,0.00225662761719746,0.14222640842997591,56223,53988,0.07181225457509076,TX,10.93708120482979,10.896517078629172,4,TRUE
48403,"Sabine County, Texas",9984,0.16236954973877668,0.9680488782051282,0.02654246794871794,0.00190304487179487,0.0319511217948718,38917,10470,0.01404011461318051,TX,10.569186452136844,9.256269303864585,1,FALSE
48405,"San Augustine County, Texas",7873,0.19728074056885875,0.9507176425758924,0.04915534103899403,0,0.04928235742410769,41568,8260,0.03595641646489104,TX,10.635085919470326,9.019179866515024,2,FALSE
48407,"San Jacinto County, Texas",26994,0.4250951697402368,0.8629325035193006,0.13254797362376824,2.222716159146477e-4,0.13706749648069938,44566,28574,0.05204031637152656,TX,10.704726515446913,10.260252492425105,3,TRUE
48409,"San Patricio County, Texas",62188,0.7104374958684033,0.6556087991252332,0.3339068630603975,0.0059014600887631,0.3443912008747668,56111,66969,0.05138198270841732,TX,10.935087150721298,11.11198510473348,4,TRUE
48411,"San Saba County, Texas",5692,0.5235581871986688,0.7965565706254392,0.20028109627547436,0.00122979620520028,0.20344342937456084,45169,6004,0.06812125249833445,TX,10.718166289816027,8.700181192753353,4,TRUE
48415,"Scurry County, Texas",15779,0.5938624864172596,0.7455478800937956,0.2505862221940554,0.00139425819126687,0.2544521199062044,50277,16918,0.0711668045868306,TX,10.825302995052985,9.73613342286396,4,TRUE
48419,"Shelby County, Texas",23454,0.48599381561573746,0.824550183337597,0.1717830647224354,0.00149228276626588,0.175449816662403,41170,25263,0.08122550765942287,TX,10.62546511476395,10.1370961536981,4,TRUE
48423,"Smith County, Texas",214646,0.5614295653587502,0.8288391118399597,0.15114188011889343,0.00861418335305572,0.17116088816004027,59450,230184,0.09086643728495464,TX,10.992890902118928,12.346634268075896,4,TRUE
48425,"Somervell County, Texas",8515,0.4241461915373363,0.8732824427480916,0.11661773341162654,0.00669406928948913,0.12671755725190836,64394,8958,0.04208528689439607,TX,11.072775740050202,9.100302266767246,3,TRUE
48427,"Starr County, Texas",57825,0.22682603806413212,0.05945525291828794,0.9404236921746648,3.458711629917856e-5,0.940544747081712,30931,64032,0.27514367816091956,TX,10.339514196226636,11.06713823738346,2,FALSE
48429,"Stephens County, Texas",8873,0.4818305433118674,0.8452609038656599,0.1443705623802547,0.00405725233855516,0.15473909613434012,44940,9358,0.04253045522547553,TX,10.71308354573932,9.14398687142616,4,TRUE
48437,"Swisher County, Texas",6960,0.6327005088990701,0.6801724137931034,0.31896551724137934,0,0.31982758620689655,36337,7403,0.12913683641766852,TX,10.500591784882545,8.909640602443098,4,TRUE
48439,"Tarrant County, Texas",1932974,0.9474470405857772,0.7110483638165852,0.2075128791178774,0.03535174296188154,0.2889516361834148,70306,2077153,0.16002143318282283,TX,11.16061242266318,14.546508764083567,4,TRUE
48441,"Taylor County, Texas",127474,0.6520201188974948,0.8232816103676044,0.13556489950891948,0.01584636867125845,0.1767183896323956,55568,137521,0.06741515841216977,TX,10.925362774983856,11.831531911699868,4,TRUE
48445,"Terry County, Texas",11453,0.8258042160475692,0.5878809045664891,0.3649698768881516,0,0.4121190954335109,44052,12408,0.1096067053513862,TX,10.693126033284834,9.426096704856375,4,TRUE
48449,"Titus County, Texas",30194,0.7390193079463037,0.6049877459097834,0.3842154070345102,0.00523282771411538,0.39501225409021656,53406,32709,0.206059494328778,TX,10.885678378186986,10.395405548374493,4,TRUE
48451,"Tom Green County, Texas",110498,0.6649062645831488,0.7465293489474922,0.23661061738674,0.0059820087241398,0.25347065105250777,57670,118645,0.05913439251548737,TX,10.962492386609458,11.68389112022586,4,TRUE
48453,"Travis County, Texas",1173164,0.961901684045623,0.7002763467000351,0.219108325860664,0.03720536941126731,0.29972365329996487,80668,1250884,0.17041788047492812,TX,11.298097245259733,14.0393610593304,4,TRUE
48455,"Trinity County, Texas",14003,0.3831232334718448,0.9019495822323788,0.08033992715846604,0.00507034206955652,0.09805041776762125,44052,14689,0.04309347130505821,TX,10.693126033284834,9.594854193331416,3,TRUE
48457,"Tyler County, Texas",20594,0.3664131774156985,0.9106535884238128,0.07468194619792172,0.00505001456734971,0.08934641157618728,47865,21524,0.03154618100724772,TX,10.776139827380453,9.97692387060931,3,TRUE
48459,"Upshur County, Texas",39040,0.2116141474969239,0.9533555327868852,0.04190573770491803,0.00343237704918032,0.04664446721311477,54330,41386,0.03092833325279079,TX,10.902831839545568,10.630697938371776,2,FALSE
48463,"Uvalde County, Texas",24952,0.7825186282947846,0.5039676178262263,0.4815646040397563,0.00805546649567169,0.49603238217377366,45936,26899,0.10413026506561582,TX,10.735004402360843,10.199844390177743,4,TRUE
48465,"Val Verde County, Texas",44971,0.6949207225460046,0.3300126748348936,0.6611149407395878,0.00780502990816303,0.6699873251651064,47675,49018,0.23379166836672244,TX,10.77216243046862,10.799942856576171,4,TRUE
48467,"Van Zandt County, Texas",52699,0.3003291891786642,0.9240782557543786,0.06990644983775783,0.0015560067553464,0.07592174424562137,57203,55970,0.03559049490798642,TX,10.954361623545012,10.932571111885403,3,TRUE
48469,"Victoria County, Texas",85657,0.6697497173316429,0.7384918920812076,0.244918687322694,0.00944464550474567,0.2615081079187924,58959,92044,0.06911911694407023,TX,10.984597566068096,11.430022002570464,4,TRUE
48471,"Walker County, Texas",69263,0.5853977862500365,0.8265451972914832,0.14608088012358691,0.01121811067958361,0.17345480270851676,41508,72295,0.0777785462341794,TX,10.633641458725169,11.188510249462226,4,TRUE
48473,"Waller County, Texas",50321,0.66642067571643,0.7352397607360744,0.25019375608592836,0.00705470876969853,0.26476023926392556,61752,53626,0.13277141685003543,TX,11.030881642629687,10.889789304075094,4,TRUE
48475,"Ward County, Texas",10850,0.6729656810139357,0.6656221198156682,0.32838709677419353,0.00589861751152073,0.3343778801843318,61915,11745,0.06947637292464878,TX,11.033517755649198,9.371182897093012,4,TRUE
48477,"Washington County, Texas",33244,0.49818641327158464,0.8620803754060883,0.11671279027794489,0.01320539044639634,0.13791962459391172,59623,35275,0.06287739192062367,TX,10.995796684651124,10.470929776721016,4,TRUE
48479,"Webb County, Texas",249344,0.36704166187866094,0.0952900410677618,0.8982129106776181,0.00432334445585215,0.9047099589322382,50296,274847,0.2551128446008143,TX,10.825680830062897,12.523969858184667,3,TRUE
48481,"Wharton County, Texas",38802,0.6175803548149768,0.7538528941807123,0.2360445337869182,0.00159785578062986,0.24614710581928767,51770,41672,0.0947878671530044,TX,10.854566109895949,10.637584719425028,4,TRUE
48483,"Wheeler County, Texas",4829,0.5179835674436957,0.816318078277076,0.17560571546904122,0.0031062331745703,0.18368192172292397,49036,5187,0.07403123192596876,TX,10.800310001214886,8.553910774351401,4,TRUE
48485,"Wichita County, Texas",123744,0.5421729563045911,0.867678432893716,0.09903510473235068,0.01639675459012154,0.13232156710628395,49710,132154,0.06005871937285288,TX,10.813961399088718,11.791723188208476,4,TRUE
48487,"Wilbarger County, Texas",11959,0.5371131717277755,0.8198846057362655,0.16631825403461828,0.00986704573961033,0.18011539426373446,45121,12717,0.04482189195564991,TX,10.71710304904691,9.450694960020746,4,TRUE
48489,"Willacy County, Texas",20052,0.672205837270509,0.3772691003391183,0.6215340115699182,0,0.6227308996608817,37906,21419,0.12918436901816144,TX,10.542864689886246,9.972033657571142,4,TRUE
48491,"Williamson County, Texas",533681,0.8446001149840404,0.7789747058636152,0.13880951354835566,0.03934934914302739,0.22102529413638483,90834,570437,0.1301633659808182,TX,11.416788943839936,13.254158012738634,4,TRUE
48493,"Wilson County, Texas",47198,0.5950730821213418,0.7861350057205814,0.1995211661511081,0.00313572609008856,0.21386499427941863,80082,50110,0.03993214927160248,TX,11.290806388702206,10.821975867953771,4,TRUE
48495,"Winkler County, Texas",7237,0.680885224881928,0.5781401133066187,0.42185988669338126,0,0.42185988669338126,63585,7822,0.1536691383277934,TX,11.060132872454847,8.96469555531546,4,TRUE
48497,"Wise County, Texas",63631,0.5277837527741276,0.834844651192029,0.15013122534613632,0.00600336314060756,0.165155348807971,67726,67884,0.07685168817394379,TX,11.123225432440446,11.125555645131156,4,TRUE
48499,"Wood County, Texas",42927,0.37864418129605865,0.9058634425885806,0.07971672839937569,0.00559088685442728,0.09413655741141937,56749,45054,0.04119501043192613,TX,10.94639331404302,10.71561704932794,3,TRUE
48501,"Yoakum County, Texas",7821,0.8159173982007972,0.38895281933256615,0.5734560797851938,0,0.6110471806674338,69004,8612,0.18880631676730145,TX,11.141919752913635,9.060911858484252,4,TRUE
48503,"Young County, Texas",16930,0.42828796037500927,0.8715888954518606,0.11990549320732428,0.00354400472533963,0.12841110454813942,52158,17961,0.06074272033851122,TX,10.86203285230712,9.795958019593462,3,TRUE
48505,"Zapata County, Texas",12935,0.3893405997594101,0.1015075376884422,0.887127947429455,0,0.8984924623115578,32945,14243,0.23478199817454187,TX,10.40259478334792,9.564020836934588,3,TRUE
48507,"Zavala County, Texas",11070,0.6198492786335554,0.301806684733514,0.697289972899729,0,0.698193315266486,40090,11930,0.05590947191953059,TX,10.598882205636553,9.386811515091962,4,TRUE
49001,"Beaver County, Utah",5991,0.42927321193519347,0.8676347855116008,0.1230178601235186,0,0.13236521448839922,66705,6594,0.07506824385805277,UT,11.108035191612906,8.793915423631676,3,TRUE
49003,"Box Elder County, Utah",50609,0.34672179071938347,0.9265940840561956,0.0529550080025292,0.00596731806595664,0.07340591594380441,63573,54953,0.03129947409604571,UT,11.059944130888676,10.914233553427952,3,TRUE
49005,"Cache County, Utah",115718,0.49320303905588847,0.8898702016972295,0.07254705404517879,0.01845002506092397,0.11012979830277048,60530,126336,0.06377437943262411,UT,11.010894388885731,11.746700303353098,4,TRUE
49007,"Carbon County, Utah",19171,0.2945404410629666,0.9373532940378696,0.04699807000156486,0.00406864534974701,0.06264670596213029,50328,20401,0.02475368854467918,UT,10.826316861249866,9.923339198238727,3,TRUE
49011,"Davis County, Utah",321529,0.4490438082846354,0.9045622634350244,0.06228365093039819,0.01639665473409863,0.09543773656497544,87570,350761,0.05262272601572011,UT,11.38019375251627,12.767860358841446,3,TRUE
49013,"Duchesne County, Utah",18097,0.3138553698966001,0.9311488091948942,0.05243963087804609,0.0062441288611372,0.06885119080510582,61655,19950,0.03172932330827068,UT,11.029309608304631,9.90098442231801,3,TRUE
49015,"Emery County, Utah",9457,0.3413786275785758,0.9251348207676852,0.05456275774558528,0.00634450671460293,0.07486517923231473,57772,10099,0.02425982770571343,UT,10.964259508221057,9.220191688026556,3,TRUE
49017,"Garfield County, Utah",4686,0.4645114371332262,0.8971404182671788,0.06039265898420828,0.00256081946222791,0.10285958173282116,44279,5000,0.0284,UT,10.698265803008391,8.517193191416238,4,TRUE
49019,"Grand County, Utah",9200,0.44158124705164387,0.8917391304347826,0.07239130434782609,0.00902173913043478,0.1082608695652174,56639,9698,0.07898535780573314,UT,10.944453072844512,9.179674957665297,3,TRUE
49021,"Iron County, Utah",49040,0.384673971734296,0.9170065252854812,0.05840130505709624,0.00734094616639477,0.08299347471451879,52045,53148,0.04047188981711447,UT,10.859864007949568,10.880835753711198,3,TRUE
49023,"Juab County, Utah",10655,0.19347858920772185,0.9610511496949788,0.0321914594087283,0.00356640075082121,0.03894885030502115,68333,11623,0.02882216295276606,UT,11.132148091391755,9.360741172643708,2,FALSE
49025,"Kane County, Utah",7218,0.1475492986052268,0.9765863119977832,0.00637295649764477,0.00415627597672485,0.02341368800221666,49486,7658,0.01201358056933925,UT,10.809445080270493,8.943506132037239,1,FALSE
49027,"Millard County, Utah",11931,0.4500830981618264,0.8748638001843936,0.1099656357388316,0.01156650741765149,0.12513619981560642,63221,12963,0.06140553884131759,UT,11.054391803423693,9.469854424600042,3,TRUE
49029,"Morgan County, Utah",11028,0.23901285994130497,0.957290533188248,0.02412042074718897,0.00262966993108451,0.04270946681175192,100408,11950,0.01690376569037657,UT,11.516997164340282,9.388486557359656,2,FALSE
49035,"Salt Lake County, Utah",1061457,0.8124130214105564,0.7905859587340797,0.13389049203123632,0.03614183146373334,0.2094140412659203,77128,1146215,0.12754675170016097,UT,11.253221658344216,13.951975767735483,4,TRUE
49037,"San Juan County, Utah",14143,0.819676253681598,0.606731245138938,0.02220179594145513,0.00325249239906667,0.39326875486106205,49690,15295,0.00843412880026152,UT,10.813558984596366,9.635281256585005,4,TRUE
49039,"Sanpete County, Utah",28557,0.4657944460373869,0.8879434114227684,0.08453268900794901,0.01082046433448891,0.11205658857723157,55820,30421,0.0528253509089116,UT,10.929887507090314,10.32288843838277,4,TRUE
49041,"Sevier County, Utah",19957,0.26909412539676847,0.9441799869719898,0.04209049456331112,0.00175377060680463,0.05582001302801021,55361,21475,0.01923166472642607,UT,10.921630653712224,9.974644746852457,3,TRUE
49043,"Summit County, Utah",39424,0.5910874962371626,0.8485947646103896,0.11140422077922078,0.01245434253246753,0.15140523538961037,106973,41680,0.09625719769673705,UT,11.580331745153249,10.637776676427247,4,TRUE
49045,"Tooele County, Utah",64244,0.3724687045871333,0.913392690367972,0.0691426436710043,0.0032999190585891202,0.0866073096320279,76737,69740,0.04080871809578434,UT,11.248139269995352,11.15252932022964,3,TRUE
49047,"Uintah County, Utah",32691,0.3986182260572446,0.9191214707411826,0.03606497201064513,0.00828974335444006,0.08087852925881744,59428,35736,0.02470897694201925,UT,10.992520774757244,10.483913863031956,3,TRUE
49049,"Utah County, Utah",563423,0.6089102958093326,0.8487743666836463,0.10623989436001016,0.02047839722553037,0.15122563331635375,77057,621506,0.07252383725981729,UT,11.25230068671898,13.339900843949057,4,TRUE
49051,"Wasatch County, Utah",30494,0.5434193358061528,0.8520036728536762,0.11503902407030892,0.00583721387813996,0.14799632714632385,85807,33053,0.07745136598795874,UT,11.359855867229758,10.40586761271859,4,TRUE
49053,"Washington County, Utah",160900,0.4117042959921083,0.906227470478558,0.07083903045369795,0.01018645121193287,0.09377252952144188,61747,172127,0.05401825396364312,UT,11.03080067031408,12.05598785542605,3,TRUE
49057,"Weber County, Utah",235895,0.5184373237753802,0.8616375929968842,0.11454248712350834,0.01068271900633756,0.13836240700311575,71275,255284,0.06515488632268375,UT,11.174300913780872,12.450131929898625,4,TRUE
50001,"Addison County, Vermont",35401,0.3567092737517441,0.9392672523375046,0.01881302788056834,0.01646846134289992,0.06073274766249537,70262,36947,0.04890789509297101,VT,11.159986391113511,10.51723973228182,3,TRUE
50003,"Bennington County, Vermont",33962,0.2599453674024215,0.9571580001177789,0.01498733879041281,0.00636004946705141,0.04284199988222126,58200,35649,0.02869645712362198,VT,10.97164063371953,10.481476374958136,2,FALSE
50005,"Caledonia County, Vermont",28684,0.2246247569934884,0.9628712871287128,0.00955236368707293,0.00428810486682471,0.03712871287128716,52481,30027,0.02174709428181303,VT,10.868206478314477,10.309852255887128,2,FALSE
50007,"Chittenden County, Vermont",155865,0.5068372497957058,0.9072723189940012,0.01178584031052513,0.01556475154781381,0.09272768100599882,76316,163414,0.08723242806613876,VT,11.2426378938472,12.004042137052345,4,TRUE
50009,"Essex County, Vermont",5920,0.31456906138708335,0.9263513513513514,0.00709459459459459,0.00506756756756756,0.07364864864864862,47035,6179,0.0271888655122188,VT,10.758647284406052,8.72891172506098,3,TRUE
50011,"Franklin County, Vermont",46408,0.20736250449892615,0.9646397172901224,0.00527926219617307,0.00295207722806412,0.03536028270987756,65314,49275,0.02626078132927448,VT,11.08696168738472,10.80517213202092,2,FALSE
50013,"Grand Isle County, Vermont",6780,0.2831482897989439,0.9492625368731564,0.01415929203539823,0.00545722713864306,0.05073746312684368,81667,7075,0.0415547703180212,VT,11.310405282483078,8.864322722511439,3,TRUE
50015,"Lamoille County, Vermont",24107,0.21069476314742816,0.9648234952503424,0.00763263782303895,0.00124445181897374,0.03517650474965772,64179,25376,0.0333779949558638,VT,11.069431333364523,10.141559124434574,2,FALSE
50017,"Orange County, Vermont",27536,0.18931336529536727,0.969203951191168,0.00995061011040093,0.00207001743172574,0.03079604880883202,62737,28873,0.01925674505593461,VT,11.046706664216348,10.270662181355965,2,FALSE
50019,"Orleans County, Vermont",25542,0.26380613246767276,0.947693994205622,0.00505050505050505,2.740584135932973e-4,0.05230600579437794,54390,26843,0.03948887978243862,VT,10.903935592417008,10.19776035831186,2,FALSE
50021,"Rutland County, Vermont",55968,0.25882121208536035,0.9570647512864494,0.01731346483704974,0.00807604345340194,0.04293524871355059,57176,58527,0.02371555008799357,VT,10.953889508899817,10.97724346520537,2,FALSE
50023,"Washington County, Vermont",55642,0.24356986904909175,0.9602458574458144,0.01024406024226303,0.00638007260702347,0.03975414255418563,64862,58336,0.02835298957761931,VT,11.080017215031909,10.97397467747839,2,FALSE
50025,"Windham County, Vermont",40700,0.23799415021968937,0.9617690417690418,0.01334152334152334,0.00518427518427518,0.03823095823095823,54188,42628,0.03204466547808952,VT,10.900214760700628,10.660266593340848,2,FALSE
50027,"Windsor County, Vermont",52787,0.2679140753670229,0.9556519597628204,0.00894159546858128,0.00373197946464091,0.04434804023717964,61503,55191,0.03810403870196228,VT,11.026841233092684,10.918555175493893,3,TRUE
51001,"Accomack County, Virginia",30738,0.49220052822387766,0.8800182184917692,0.07619233522024856,0.00725486368664194,0.1199817815082308,46178,32560,0.0836916461916462,VA,10.74025877317895,10.390839820116476,4,TRUE
51003,"Albemarle County, Virginia",102895,0.6204961238468986,0.8752028767189853,0.04888478546090675,0.02874775256329267,0.12479712328101468,84643,108819,0.10317132118471958,VA,11.346197690698398,11.597441230510466,4,TRUE
51005,"Alleghany County, Virginia",14365,0.13052510070897713,0.9775844065436826,0.01454925165332405,3.480682213713888e-4,0.02241559345631738,48513,15030,0.012375249500998,VA,10.789587082246053,9.61780348274702,1,FALSE
51007,"Amelia County, Virginia",12224,0.1957388804588487,0.958851439790576,0.03427683246073299,0,0.04114856020942403,63918,12970,0.01380107941403238,VA,11.065356290839253,9.47039427731049,2,FALSE
51009,"Amherst County, Virginia",30067,0.1752306570428301,0.9715967672198756,0.0153656833072804,0.00425715901154089,0.02840323278012435,57368,31782,0.01834371656912718,VA,10.957241935562411,10.366655370772582,2,FALSE
51011,"Appomattox County, Virginia",14878,0.09380190786338168,0.9845409329210916,0.01182954698212125,0.00107541336201102,0.01545906707890842,55457,15814,0.01542936638421651,VA,10.92336322466666,9.668650902630873,1,FALSE
51013,"Arlington County, Virginia",222588,1.148256002211465,0.7112422951821302,0.12953528492102,0.05584308228655633,0.2887577048178698,122604,236434,0.22604616933266788,VA,11.716714928379425,12.37342437819947,4,TRUE
51015,"Augusta County, Virginia",72193,0.19991920115156137,0.9649827545606916,0.02209355477677891,0.00218857783995678,0.03501724543930851,65076,75754,0.02300868600997967,VA,11.08331109662906,11.235246527257994,2,FALSE
51019,"Bedford County, Virginia",75149,0.268672008763567,0.9551158365380776,0.01600819704853025,0.00441788979227933,0.04488416346192236,67136,78965,0.02813904894573545,VA,11.114475691755969,11.276759995304156,3,TRUE
51021,"Bland County, Virginia",6042,0.15531931976560756,0.9723601456471368,0.01952995696789142,0.00446871896722939,0.02763985435286331,50365,6334,0.00268392800757815,VA,10.827051768376782,8.753687227098585,1,FALSE
51023,"Botetourt County, Virginia",31976,0.15351722983988805,0.9753877908431324,0.01291593695271453,0.0035651738804103,0.02461220915686768,72719,33440,0.02090311004784689,VA,11.194357977381673,10.417508067198638,1,FALSE
51025,"Brunswick County, Virginia",15643,0.13337065504611378,0.9764111743271752,0.01815508534168638,0.00102282170939078,0.02358882567282494,46111,16336,0.01616062683643486,VA,10.73880681223516,9.701126540404449,1,FALSE
51027,"Buchanan County, Virginia",20552,0.17730469615425745,0.9720708446866484,0.00909887115609186,0.0023841961852861,0.02792915531335149,34302,21374,0.01618789183119678,VA,10.442958940492026,9.969930509084842,2,FALSE
51029,"Buckingham County, Virginia",16212,0.1239463948371114,0.9793362941031336,0.01369356032568467,4.317789291882556e-4,0.0206637058968665,48603,17087,0.01439690993152689,VA,10.791440536378529,9.746073219448274,1,FALSE
51031,"Campbell County, Virginia",52417,0.22667656033792843,0.9612339508174828,0.0201079802354198,0.00679168971898429,0.03876604918251714,52319,55406,0.0305382088582464,VA,10.865114872798577,10.9224431701201,2,FALSE
51033,"Caroline County, Virginia",28544,0.22417645787638896,0.9529498318385652,0.03934276905829596,0.00161154708520179,0.04705016816143492,67901,30581,0.03263464242503515,VA,11.12580604097884,10.32813418006022,2,FALSE
51035,"Carroll County, Virginia",28547,0.14087533959156662,0.9730269380320172,0.02178862927803272,0,0.02697306196798266,44518,29911,0.02079502524154993,VA,10.703648880750556,10.30598158469934,1,FALSE
51036,"Charles City County, Virginia",6761,0.2294913140358608,0.959917172015974,0.01390326874722674,0.00754326283094216,0.04008282798402607,60096,6965,0.02211055276381909,VA,11.003698562567935,8.848652886213905,2,FALSE
51037,"Charlotte County, Virginia",11376,0.139308051645155,0.9789908579465542,0.00272503516174402,0.00483473980309423,0.02100914205344584,40924,11953,0.00560528737555425,VA,10.61947196699883,9.38873757187798,1,FALSE
51041,"Chesterfield County, Virginia",327481,0.5558959747717953,0.8783318726887972,0.07520436300121229,0.0183399952974371,0.1216681273112028,84645,348500,0.08506743185078909,VA,11.34622131907135,12.761393509182716,4,TRUE
51043,"Clarke County, Virginia",13915,0.39018255910666094,0.923607617678764,0.04060366510959396,0.01451670858785483,0.07639238232123613,86154,14498,0.05173127327907297,VA,11.363891671522431,9.581765987860823,3,TRUE
51045,"Craig County, Virginia",4832,0.03272836254988842,0.9950331125827816,0.00455298013245033,0,0.00496688741721851,57792,5103,0.00313541054281795,VA,10.964605636776655,8.537583881063972,1,FALSE
51047,"Culpeper County, Virginia",48655,0.5263679764619604,0.8761072859932175,0.08743191861062584,0.01245504059192272,0.12389271400678248,80663,51935,0.09146047944546068,VA,11.29803526089217,10.857748215661912,4,TRUE
51049,"Cumberland County, Virginia",9509,0.1477850910135869,0.9764433694394784,0.00231359764433694,0.00652013881585866,0.02355663056052159,50565,9869,0.00719424460431654,VA,10.83101491633627,9.197153810172008,1,FALSE
51051,"Dickenson County, Virginia",13828,0.01332733868631107,0.9983367081284352,0.00115707260630604,0,0.00166329187156488,30116,14524,0.00406224180666483,VA,10.312811870970013,9.583557732534226,1,FALSE
51053,"Dinwiddie County, Virginia",27075,0.22096600270866767,0.956528162511542,0.03194829178208679,0.00354570637119113,0.04347183748845795,65485,28686,0.03133932928954891,VA,11.089576387763504,10.26416447785416,2,FALSE
51057,"Essex County, Virginia",10353,0.26821514873225316,0.9482275668888244,0.03119868637110016,0.00782381918284555,0.05177243311117552,51125,10960,0.01395985401459854,VA,10.842028893345104,9.302007560502007,3,TRUE
51059,"Fairfax County, Virginia",1075736,1.4751234878477677,0.6100167699138078,0.13510099132129072,0.1209404537916366,0.3899832300861922,127866,1149439,0.30940310882091177,VA,11.75873811954538,13.95478455522662,4,TRUE
51061,"Fauquier County, Virginia",66279,0.46049028396423647,0.8997118242580606,0.06540533200561263,0.00755895532521613,0.10028817574193938,105665,70353,0.07053004136284168,VA,11.568028991196252,11.16128070555655,4,TRUE
51063,"Floyd County, Virginia",15059,0.15990581244493776,0.971379241649512,0.01885915399428913,0.00278902981605684,0.02862075835048805,51250,15766,0.03171381453761258,VA,10.844470897000654,9.665611001619853,1,FALSE
51065,"Fluvanna County, Virginia",25541,0.23547800233813185,0.9597509886065542,0.02063349124936377,0.00544223013977526,0.04024901139344583,78885,26873,0.02965802106203252,VA,11.275746374691554,10.198877344056111,2,FALSE
51067,"Franklin County, Virginia",53763,0.16795642923913362,0.9704071573386902,0.02027416624816323,0.00265982181053884,0.02959284266130979,56779,56231,0.02116270384663264,VA,10.94692181803672,10.937223485229126,1,FALSE
51069,"Frederick County, Virginia",82847,0.40721411436792215,0.9013844798242544,0.08076333482202132,0.00592658756502951,0.0986155201757456,80011,88054,0.06384718468212687,VA,11.28991940420376,11.385705541626171,3,TRUE
51071,"Giles County, Virginia",15895,0.11305024102310644,0.9811890531613716,0.01176470588235294,0.00497011638880151,0.01881094683862849,57279,16760,0.01306682577565632,VA,10.955689343381572,9.726750374036074,1,FALSE
51073,"Gloucester County, Virginia",35521,0.13117968460512722,0.979195405534754,0.0115143154753526,0.00275893133639255,0.02080459446524596,71649,37362,0.01482790000535303,VA,11.179534476424797,10.528409424100508,1,FALSE
51075,"Goochland County, Virginia",22513,0.27220122156160226,0.9545151690134588,0.01225958335184115,0.01399191578199262,0.0454848309865411,97146,23472,0.03928084526244035,VA,11.483970280514807,10.063563500382765,3,TRUE
51077,"Grayson County, Virginia",14950,0.2641302435797108,0.9472240802675586,0.03692307692307692,0.01117056856187291,0.05277591973244144,41558,15651,0.02613251549421762,VA,10.634845320859826,9.658290091690503,2,FALSE
51079,"Greene County, Virginia",18397,0.3151278120808681,0.9421101266510844,0.02821112137848562,0.00967549056911453,0.0578898733489156,67266,19734,0.04134995439343265,VA,11.116410187381648,9.890098315417111,3,TRUE
51081,"Greensville County, Virginia",10903,0.23972206430011264,0.952581858204164,0.023846647711639,6.42025130697973e-4,0.04741814179583603,49756,11403,0.02218714373410506,VA,10.814886338329856,9.34163175765736,2,FALSE
51083,"Halifax County, Virginia",32427,0.22886940022501392,0.9602800135689394,0.0181638757825269,0.00518086779535572,0.03971998643106056,43714,34295,0.01909899402245225,VA,10.685423695910131,10.442754849933422,2,FALSE
51085,"Hanover County, Virginia",101241,0.2572658169662451,0.9572208887703598,0.01938937782123843,0.01097381495639118,0.04277911122964018,91444,106538,0.04048320786949257,VA,11.423482042043862,11.576257008002692,2,FALSE
51087,"Henrico County, Virginia",309821,0.7475047421918428,0.8477185213397413,0.04210172970844455,0.0514426071828572,0.15228147866025865,72295,330076,0.12982767605036416,VA,11.188510249462226,12.707078209957292,4,TRUE
51089,"Henry County, Virginia",48581,0.28924212210347555,0.936991828080937,0.05051357526605051,0.0037051522200037,0.06300817191906305,38511,51032,0.02698306944662172,VA,10.558699193753036,10.84020816592179,3,TRUE
51093,"Isle of Wight County, Virginia",35214,0.27597187791552114,0.9500482762537628,0.0277446470153916,0.00590674163684898,0.04995172374623724,77870,37107,0.03727059584444983,VA,11.262796048571031,10.521560910043121,3,TRUE
51095,"James City County, Virginia",72461,0.43012695058605577,0.9226066435737844,0.03227943307434344,0.01987275913939912,0.07739335642621548,91675,76032,0.06961542508417508,VA,11.426004992939529,11.238909583282265,3,TRUE
51097,"King and Queen County, Virginia",6600,0.07851576409890412,0.9848484848484848,0.01515151515151515,0,0.01515151515151513,65385,7011,0.00527742119526458,VA,11.088048153340605,8.855235623206967,1,FALSE
51099,"King George County, Virginia",25082,0.23934550069175708,0.9549477713101028,0.03205486005900646,0.00522286898971373,0.04505222868989711,96711,26679,0.02856179017204543,VA,11.479482428849876,10.19163201806775,2,FALSE
51101,"King William County, Virginia",15995,0.16391406730359842,0.973429196623945,0.00887777430447014,0.0042513285401688,0.02657080337605499,73284,16985,0.02926111274654106,VA,11.202097583011136,9.740085880594684,1,FALSE
51103,"Lancaster County, Virginia",10276,0.2240476572317465,0.9608797197353056,0.01060724017127287,0.00506033476060724,0.03912028026469438,59736,10686,0.04482500467901928,VA,10.997690132715537,9.276689752517717,2,FALSE
51105,"Lee County, Virginia",22646,0.14605568996202095,0.972312991256734,0.02287379669698843,4.857369954958933e-4,0.0276870087432659,35006,23723,0.014458542342874,VA,10.46327475435078,10.074200320662364,1,FALSE
51107,"Loudoun County, Virginia",376861,1.2404609137343303,0.6767933004476452,0.10778509848458716,0.09059308339148917,0.3232066995523548,147111,405312,0.2520749447339334,VA,11.898942682855576,12.912412419876102,4,TRUE
51109,"Louisa County, Virginia",34635,0.3126727833255839,0.9429190125595496,0.02560993214955969,0.00314710552908907,0.05708098744045042,67027,36654,0.03863152725486987,VA,11.112850802271051,10.509277841877822,3,TRUE
51111,"Lunenburg County, Virginia",11633,0.17956228816037517,0.9662167970428952,0.02561677985042551,0.00300868219719762,0.03378320295710479,45884,12294,0.03042134374491622,VA,10.73387175140116,9.416866617466956,2,FALSE
51113,"Madison County, Virginia",12570,0.1860982819234774,0.969769291964996,0.01002386634844868,0.00906921241050119,0.03023070803500394,63482,13208,0.03066323440339188,VA,11.05851168013018,9.488577985599964,2,FALSE
51115,"Mathews County, Virginia",8446,0.1978954563731864,0.96459862656879,0.01657589391427895,0.00497276817428368,0.03540137343121008,74489,8760,0.01643835616438356,VA,11.218406742459456,9.077951183930438,2,FALSE
51117,"Mecklenburg County, Virginia",29209,0.23139868598908853,0.959978088945188,0.01900099284467116,0.00513540347153274,0.0400219110548119,50224,30726,0.03485647334504979,VA,10.824248279081734,10.332864480690604,2,FALSE
51119,"Middlesex County, Virginia",10245,0.20505298667334268,0.965446559297218,0.01639824304538799,0.00448999511957052,0.03455344070278188,57060,10642,0.02358579214433377,VA,10.95185862476749,9.2725637151563145,2,FALSE
51121,"Montgomery County, Virginia",94335,0.5352977515348878,0.8980124026077277,0.02428579000371018,0.03860709174749562,0.10198759739227226,59126,98495,0.0851819889334484,VA,10.987426038970444,11.497761064450456,4,TRUE
51125,"Nelson County, Virginia",14150,0.2558892993677947,0.952296819787986,0.02954063604240282,0.0046643109540636,0.04770318021201414,62203,14812,0.03503915743991358,VA,11.038158509075425,9.603192942033504,2,FALSE
51127,"New Kent County, Virginia",21245,0.1991956802716894,0.9647917156978112,0.02245234172746528,0.00550717815956695,0.0352082843021887,97688,22310,0.0391304347826087,VA,11.48953400551286,10.012790287426578,2,FALSE
51131,"Northampton County, Virginia",11214,0.4152666802887053,0.9027108970929196,0.07267701087925807,0.00561797752808988,0.09728910290708048,50819,11826,0.05758498224251648,VA,10.83602557938815,9.378055776380776,3,TRUE
51133,"Northumberland County, Virginia",11806,0.18632055957706095,0.9677282737591056,0.01812637641877011,0.00237167541927833,0.03227172624089447,59437,12151,0.00822977532713356,VA,10.992672207054676,9.405166749908611,2,FALSE
51135,"Nottoway County, Virginia",14556,0.1943189723843211,0.9570623797746634,0.03929651003022808,6.870019236053861e-4,0.04293762022533665,49983,15338,0.04068327030903638,VA,10.819438226597178,9.638088688324803,2,FALSE
51137,"Orange County, Virginia",34562,0.2838361489203878,0.9452288640703664,0.02569295758347318,0,0.05477113592963367,74446,36501,0.04339607134051122,VA,11.21782930933501,10.505094936455558,3,TRUE
51139,"Page County, Virginia",22685,0.12727280212663805,0.9787083976195724,0.01335684372933656,0.00357064139299096,0.0212916023804276,51878,23862,0.02145670941245495,VA,10.856650087186134,10.080042514435746,1,FALSE
51141,"Patrick County, Virginia",16833,0.20687827220187516,0.961266559733856,0.0272084595734569,0.00421790530505554,0.03873344026614389,46941,17660,0.01251415628539071,VA,10.756646772970168,9.77905747415795,2,FALSE
51143,"Pittsylvania County, Virginia",58293,0.1820354459688772,0.9688298766575748,0.01986516391333436,0.00289914741049525,0.0311701233424253,49520,60867,0.01606782000098575,VA,10.810131907358478,11.01644643491116,2,FALSE
51145,"Powhatan County, Virginia",27978,0.16785142257711083,0.971263135320609,0.0160483236828937,7.14847380084352e-4,0.02873686467939096,93833,29253,0.02221994325368338,VA,11.449271885489594,10.283737411503228,1,FALSE
51147,"Prince Edward County, Virginia",21883,0.2838128016810439,0.945117214275922,0.03724352236896221,0.00580359182927386,0.05488278572407801,44253,22892,0.03669404158658046,VA,10.697678444748158,10.038542783528992,3,TRUE
51149,"Prince George County, Virginia",36075,0.4490029519494293,0.9097158697158696,0.04742896742896742,0.01416493416493416,0.09028413028413028,75123,38292,0.03724015460148334,VA,11.226882049186957,10.552996276066244,3,TRUE
51153,"Prince William County, Virginia",433083,1.1810939640890863,0.6572527667906614,0.1932493309596544,0.04390382444011886,0.34274723320933864,107707,466834,0.25331916698440987,VA,11.587169856389847,13.053729013074577,4,TRUE
51155,"Pulaski County, Virginia",32520,0.15351119629159868,0.9749692496924968,0.01454489544895449,0.0027060270602706,0.02503075030750312,53689,34113,0.01709025884560138,VA,10.890963417800805,10.437433822292832,1,FALSE
51157,"Rappahannock County, Virginia",7040,0.249685415821101,0.953693181818182,0.02698863636363636,0.00610795454545454,0.046306818181818143,82077,7360,0.04171195652173913,VA,11.315413110029038,8.903815211722922,2,FALSE
51159,"Richmond County, Virginia",8640,0.3437080625025697,0.9109953703703704,0.08032407407407408,0.00347222222222222,0.08900462962962963,53298,8951,0.04357055077644956,VA,10.883654085997756,9.09952053687094,3,TRUE
51161,"Roanoke County, Virginia",89608,0.4007628052265213,0.9269596464601376,0.02682796178912597,0.01871484688867065,0.07304035353986249,70076,94103,0.05695886422324474,VA,11.157335646355712,11.452145206042967,3,TRUE
51163,"Rockbridge County, Virginia",21694,0.21521687239778675,0.9622937217663872,0.02000553148335945,0.00806674656587074,0.03770627823361294,54133,22728,0.0309750087997184,VA,10.899199260387178,10.031352923534024,2,FALSE
51165,"Rockingham County, Virginia",76496,0.42140764339605213,0.9102959631876176,0.05821219410165237,0.00414400752980548,0.08970403681238237,64496,81138,0.05642239148118021,VA,11.074358485356948,11.303906687701415,3,TRUE
51167,"Russell County, Virginia",25683,0.09629865768295667,0.9854378382587704,0.00767044348401666,0.00202468558968967,0.01456216174122959,38564,26937,0.00809295764190518,VA,10.560074477784273,10.201256085188918,1,FALSE
51169,"Scott County, Virginia",20904,0.10001832837481056,0.985409491006506,0.00746268656716417,7.654037504783774e-4,0.01459050899349412,41540,21761,0.00707688065805799,VA,10.634412097430104,9.987874655796292,1,FALSE
51171,"Shenandoah County, Virginia",41151,0.32284932159420016,0.9277538820441787,0.05815168525673738,0.00277028504775096,0.07224611795582125,56114,43441,0.04516470615317327,VA,10.935140614744478,10.679158974600682,3,TRUE
51173,"Smyth County, Virginia",29115,0.1649124266820094,0.9713893182208484,0.01933711145457668,0.00212948651897647,0.0286106817791516,41088,30539,0.01601231212547889,VA,10.623471387049634,10.326759834294158,1,FALSE
51175,"Southampton County, Virginia",16951,0.1300004983457438,0.9795882248834876,0.00702023479440741,9.438971152144416e-4,0.02041177511651226,63034,17829,0.01267597734028829,VA,11.051429542337106,9.788581624034771,1,FALSE
51177,"Spotsylvania County, Virginia",126336,0.486159661750783,0.8951842705167173,0.06872941995947315,0.01321871833839919,0.10481572948328266,90913,134683,0.0743672178374405,VA,11.41765828424143,11.810679148049202,4,TRUE
51179,"Stafford County, Virginia",140659,0.6422119024153039,0.8509302639717331,0.092109285577176,0.01871192031793202,0.1490697360282669,112247,150185,0.10867263708093353,VA,11.628457079189449,11.91962314648094,4,TRUE
51181,"Surry County, Virginia",6164,0.1106390301158784,0.9798831927319922,0.01638546398442569,0,0.02011680726800779,56525,6459,0.02523610466016411,VA,10.94243829714617,8.773229786032473,1,FALSE
51183,"Sussex County, Virginia",10747,0.2256187893077683,0.9585930957476504,0.02577463478179957,7.443937843119011e-4,0.0414069042523495,51701,11202,0.02088912694161757,VA,10.853232402669228,9.323847612769775,2,FALSE
51185,"Tazewell County, Virginia",39002,0.09013087069262173,0.9874365417158094,0.00328188298035998,0.00384595661760935,0.01256345828419058,42207,41201,0.00834931190990509,VA,10.650341363045325,10.626217806887722,1,FALSE
51187,"Warren County, Virginia",37598,0.29305911962345355,0.9452630459066972,0.03441672429384541,0.00718123304431086,0.05473695409330281,70109,39888,0.04755816285599679,VA,11.157806452798765,10.59383080576334,3,TRUE
51191,"Washington County, Virginia",51790,0.12974332024139765,0.979899594516316,0.01067773701486773,0.0014867735083993,0.02010040548368408,50928,54005,0.01231367465975372,VA,10.838168149521874,10.896831913852576,1,FALSE
51193,"Westmoreland County, Virginia",16947,0.3069153958841607,0.9327314568950256,0.05322475954446214,0.00407151708266949,0.06726854310497432,53790,17873,0.04632686174676886,VA,10.892842855267288,9.79104647319038,3,TRUE
51195,"Wise County, Virginia",36261,0.1174347295891026,0.981495270400706,0.01050715644907752,0.00204076004522765,0.01850472959929405,41285,38032,0.01340976020193521,VA,10.628254516851529,10.546183189599976,1,FALSE
51197,"Wythe County, Virginia",27394,0.10935473037494094,0.982915967000073,0.00397897349784624,0.00266481711323647,0.017084032999927,51639,28725,0.01141862489120974,VA,10.852032479939616,10.265523102716957,1,FALSE
51199,"York County, Virginia",64618,0.5666574298964581,0.8911603577950417,0.03940078615865548,0.03455693460026618,0.10883964220495834,93356,68389,0.07814122154147597,VA,11.444175421141113,11.132967271964477,4,TRUE
51510,"Alexandria city, Virginia",146970,1.1958374504512594,0.6807579778186025,0.1353949785670545,0.02948901136286317,0.3192420221813975,102227,158309,0.26092641605973127,VA,11.5349511097272,11.972304098327514,4,TRUE
51520,"Bristol city, Virginia",16188,0.133186533617613,0.9785025945144552,0.0043859649122807,3.08870768470472e-4,0.02149740548554479,39679,17059,0.00422064599331731,VA,10.58857735946834,9.74443320268052,1,FALSE
51530,"Buena Vista city, Virginia",6139,0.17940446657296638,0.9654666883857306,0.02622576966932725,0.00472389640006515,0.03453331161426942,36634,6477,0.01065308012968967,VA,10.508732049920162,8.776012719182917,2,FALSE
51540,"Charlottesville city, Virginia",44737,0.7110085231708445,0.8537899278002549,0.04510807608914322,0.0369939870800456,0.14621007219974513,59598,47217,0.1126712836478387,VA,10.995377295443411,10.76250927621971,4,TRUE
51550,"Chesapeake city, Virginia",227168,0.4513012433929931,0.9146270601493168,0.04001884068178617,0.01789864769685871,0.08537293985068317,81261,242647,0.05994716604779783,VA,11.305421475643698,12.399362991270433,3,TRUE
51570,"Colonial Heights city, Virginia",16320,0.4840342821379296,0.9083946078431372,0.03198529411764705,0.01991421568627451,0.0916053921568627,60522,17283,0.06920094890933287,VA,11.01076221428289,9.757478638400492,4,TRUE
51580,"Covington city, Virginia",5294,0.223968602060392,0.9629769550434454,0.00963354741216471,0.01227805062334718,0.03702304495655462,41024,5653,0.03007252786131258,VA,10.62191254028034,8.63994165667529,2,FALSE
51590,"Danville city, Virginia",38298,0.25446462448900803,0.950885163716121,0.0320904485873936,0.00459554023708809,0.04911483628387902,37147,40668,0.03383495623094325,VA,10.522638293183938,10.613196821395052,2,FALSE
51595,"Emporia city, Virginia",5041,0.22888672775263577,0.9416782384447532,0.05693314818488395,0,0.05832176155524693,30058,5408,0.02570266272189349,VA,10.31088412749404,8.5956346177228,2,FALSE
51600,"Fairfax city, Virginia",21666,1.2867426796278576,0.6666205114003508,0.13435798024554602,0.1216191267423613,0.33337948859964917,109708,23312,0.29486959505833904,VA,11.6055775697666,10.056723528434986,4,TRUE
51610,"Falls Church city, Virginia",13536,0.902322834059036,0.8017139479905437,0.06257387706855792,0.06900118203309694,0.19828605200945623,146922,14309,0.1701027325459501,VA,11.89765711269148,9.568643988906736,4,TRUE
51620,"Franklin city, Virginia",7485,0.202285218355354,0.9603206412825652,0.02484969939879759,0.00454241816967267,0.03967935871743489,49811,8015,0.03069245165315034,VA,10.815991122155705,8.989070065043654,2,FALSE
51630,"Fredericksburg city, Virginia",26971,0.6319439838105747,0.8587742389974417,0.06191835675355011,0.00793444811093396,0.14122576100255835,69528,29059,0.10196496782408204,VA,11.149484828117297,10.277083524969898,4,TRUE
51640,"Galax city, Virginia",6000,0.4682818113701811,0.8355,0.15983333333333333,0,0.16449999999999998,35184,6402,0.07841299593876913,VA,10.468346712794542,8.764365720529808,4,TRUE
51650,"Hampton city, Virginia",126839,0.35295894499820407,0.9352801583109296,0.03405892509401682,0.01687178233823981,0.06471984168907041,57041,135169,0.04728894938928305,VA,10.951525586491304,11.814281126359216,3,TRUE
51660,"Harrisonburg city, Virginia",50987,0.922329135113484,0.7448173063722126,0.16696412811108713,0.02239786612273717,0.25518269362778745,49117,53558,0.16348631390268495,VA,10.80196048603731,10.888520457808427,4,TRUE
51670,"Hopewell city, Virginia",20862,0.3930719034493802,0.9157798868756593,0.05498034704246956,0.01466781708369283,0.08422011312434086,43262,22500,0.04177777777777777,VA,10.675029930523449,10.021270588192513,3,TRUE
51678,"Lexington city, Virginia",6954,0.31168184901879187,0.9383088869715271,0.02976704055220017,0.02459016393442623,0.06169111302847285,50714,7205,0.06398334489937543,VA,10.833957285583551,8.882530508433623,3,TRUE
51680,"Lynchburg city, Virginia",76245,0.39756210040869794,0.929070758738278,0.02893304478982228,0.01846678470719391,0.07092924126172206,49201,80970,0.05008027664567124,VA,10.803669227477098,11.30183399468016,3,TRUE
51683,"Manassas city, Virginia",37793,1.0611246891087949,0.5919879342735427,0.3245574577302675,0.03714973672373191,0.4080120657264573,86227,41038,0.2647058823529412,VA,11.364738632665064,10.622253745713692,4,TRUE
51685,"Manassas Park city, Virginia",16259,1.369313136588176,0.4847776616028046,0.30918260655636876,0.0559074973860631,0.5152223383971954,81639,17548,0.39383405516298153,VA,11.310062367951163,9.772695262286105,4,TRUE
51690,"Martinsville city, Virginia",11682,0.4397515922144832,0.9043828111624722,0.05692518404382811,0.0101010101010101,0.0956171888375278,36166,12646,0.04902736043017555,VA,10.495874729944925,9.44509623861856,3,TRUE
51700,"Newport News city, Virginia",166434,0.5121287441619697,0.8981578283283463,0.05338452479661607,0.01944915101481668,0.10184217167165366,54511,179582,0.07464556581394571,VA,10.906157795147806,12.098387207110456,4,TRUE
51710,"Norfolk city, Virginia",228362,0.5310996417975564,0.8935987598637252,0.05093229171228138,0.02716739212303273,0.10640124013627485,53026,244300,0.07298812934916087,VA,10.878537638283817,12.406152257245832,4,TRUE
51730,"Petersburg city, Virginia",28678,0.3196926294998834,0.9368156775228398,0.04219262152172397,0.00645093800125531,0.06318432247716022,43029,30791,0.03341885615926732,VA,10.669629585962324,10.334977718468442,3,TRUE
51735,"Poquoson city, Virginia",11577,0.27006615138776485,0.9556016239094756,0.00958797615962684,0.01649822924764619,0.04439837609052433,100696,12121,0.04240574210048676,VA,11.51986135597134,9.402694764470512,3,TRUE
51740,"Portsmouth city, Virginia",87971,0.27621834518127386,0.950676927623876,0.02852076252401359,0.01284514214911732,0.04932307237612399,53213,94961,0.03382441212708375,VA,10.88205800638073,11.461221559977892,3,TRUE
51750,"Radford city, Virginia",17240,0.29642138127481693,0.9479118329466356,0.02082366589327146,0.00725058004640371,0.05208816705336427,34576,17833,0.0269163909605787,VA,10.450915078746668,9.788805952452512,3,TRUE
51760,"Richmond city, Virginia",215991,0.4707046144995993,0.9030283669226958,0.05759962220648083,0.01071803917755832,0.09697163307730416,51421,229233,0.0730566715961489,VA,10.8478019283165,12.342494232516325,4,TRUE
51770,"Roanoke city, Virginia",92201,0.43945419403951275,0.9139054890944784,0.04376308282990423,0.0108458693506578,0.08609451090552167,45664,99122,0.06643328423558846,VA,10.729065520276563,11.50410669366201,3,TRUE
51775,"Salem city, Virginia",24330,0.31133973929664355,0.9440608302507192,0.01894780106863954,0.00353473078503904,0.0559391697492807,63411,25290,0.04294187425860023,VA,11.057392626952948,10.13816433966401,3,TRUE
51790,"Staunton city, Virginia",23249,0.3510545219917933,0.940556583078842,0.01625876381779861,0.0151404361477913,0.05944341692115795,52292,24660,0.04184914841849149,VA,10.864598674681751,10.112937776718336,3,TRUE
51800,"Suffolk city, Virginia",85381,0.31705471089885334,0.94465981892927,0.02364694721308019,0.01029503051030088,0.05534018107073002,79899,91383,0.03842071282404823,VA,11.288518616031489,11.422814744519275,3,TRUE
51810,"Virginia Beach city, Virginia",422555,0.6080620291590667,0.8755735939700158,0.04806948207925595,0.04896404018411805,0.12442640602998424,78136,450882,0.09672153689878948,VA,11.266206177127312,13.018960943452663,4,TRUE
51820,"Waynesboro city, Virginia",20973,0.33726678526095233,0.9239975206217518,0.05869451199160826,0.01039431650216945,0.07600247937824822,43480,22300,0.0462780269058296,VA,10.680056341235144,10.01234195744821,3,TRUE
51830,"Williamsburg city, Virginia",14558,0.708583994567992,0.8567110866877319,0.04361862893254568,0.04059623574666849,0.14328891331226812,59288,15034,0.08254622854862312,VA,10.990162203631195,9.618069581737414,4,TRUE
51840,"Winchester city, Virginia",26060,0.673389945717626,0.8024174980813508,0.1618188795088258,0.01300844205679202,0.19758250191864923,61102,27912,0.13771854399541417,VA,11.020299877848188,10.23681198286661,4,TRUE
53001,"Adams County, Washington",17840,0.8805553218315622,0.4623878923766816,0.4989349775784753,0.00369955156950672,0.5376121076233185,51601,19702,0.24368084458430617,WA,10.851296331126829,9.888475432415625,4,TRUE
53003,"Asotin County, Washington",21425,0.2431266159333692,0.9571528588098016,0.02161026837806301,0.01241540256709451,0.04284714119019839,53941,22636,0.03114507863580138,WA,10.895646135639412,10.027296838262414,2,FALSE
53005,"Benton County, Washington",186747,0.7380298850390983,0.7913701424922489,0.158380054298061,0.01646612796992722,0.2086298575077511,72046,200715,0.10983234935106992,WA,11.18506008288446,12.209641270407198,4,TRUE
53007,"Chelan County, Washington",72044,0.6721986462096287,0.7405058020098828,0.24169951696185665,0.00387263339070568,0.2594941979901172,61304,76653,0.13294978670110758,WA,11.02360037265024,11.2470440224773,4,TRUE
53009,"Clallam County, Washington",73011,0.29866232380389024,0.9468710194354276,0.02713289778252592,0.01027242470312692,0.05312898056457249,55090,76482,0.05168536387646767,WA,10.916723490466762,11.244810698010976,3,TRUE
53011,"Clark County, Washington",452698,0.7114312936059839,0.8468250356749975,0.06049507618765711,0.03447331333471763,0.15317496432500255,77184,481950,0.1064674758792406,WA,11.253947460646804,13.085595653212112,4,TRUE
53015,"Cowlitz County, Washington",101847,0.33354919882874456,0.9343623278054336,0.0424754779227665,0.00960263925299714,0.0656376721945664,58791,108399,0.03914242751316894,WA,10.981744060947165,11.59357414285288,3,TRUE
53017,"Douglas County, Washington",39791,0.681402706225789,0.7133020029654947,0.27259933150712473,0.00497599959789902,0.28669799703450527,65730,42520,0.16013640639698964,WA,11.09331072125762,10.657729832455884,4,TRUE
53019,"Ferry County, Washington",7338,0.30575263243045586,0.9426274189152356,0.02780049059689288,0.00695012264922322,0.05737258108476428,41685,7643,0.01452309302629857,WA,10.637896630844711,8.941545475242885,3,TRUE
53021,"Franklin County, Washington",85307,0.86871690814793,0.5245407762551725,0.443761942161839,0.01206231610536063,0.4754592237448275,66904,93681,0.2160523478613593,WA,11.11101403506136,11.447650672851688,4,TRUE
53025,"Grant County, Washington",89190,0.7955362692995364,0.632212131404866,0.33986994057629777,0.00565085771947527,0.367787868595134,59165,96648,0.1750682890489198,WA,10.98808542981866,11.4788307911994,4,TRUE
53027,"Grays Harbor County, Washington",69895,0.39572788586901486,0.9143429429859076,0.06169253880821232,0.01038700908505615,0.08565705701409254,50665,73769,0.04394799983733005,WA,10.832990615882418,11.208693868140545,3,TRUE
53029,"Island County, Washington",79530,0.42681338304187394,0.9191122846724508,0.02968691059977367,0.03462844209732176,0.08088771532754935,70765,84187,0.07375247959898797,WA,11.16711980716794,11.340795794011104,3,TRUE
53031,"Jefferson County, Washington",30904,0.2913493346932614,0.9503300543618948,0.01915609629821382,0.00876909137975666,0.04966994563810512,57693,31825,0.04930086410054988,WA,10.962891127978956,10.368007423425608,3,TRUE
53033,"King County, Washington",2097179,1.2227528918447674,0.7163928305595278,0.06586228452602282,0.12107168725225648,0.28360716944047215,99158,2225064,0.23714284173399056,WA,11.504469816522567,14.615296237213744,4,TRUE
53035,"Kitsap County, Washington",253591,0.41298856610482626,0.924729189916046,0.02530846914914172,0.03429932450284119,0.07527081008395409,78969,268945,0.06717358567736897,WA,11.276810649374854,12.50226217671244,3,TRUE
53037,"Kittitas County, Washington",44946,0.3668724822745155,0.9253103724469364,0.04894762604013705,0.00945579139411738,0.07468962755306363,59703,47097,0.04652100983077478,WA,10.997137549374422,10.759964583708427,3,TRUE
53039,"Klickitat County, Washington",21045,0.49018632687082664,0.8722736992159658,0.10206699928724162,0.00356379187455452,0.12772630078403424,56667,22055,0.09639537519836772,WA,10.944947309699929,10.00129461253904,4,TRUE
53041,"Lewis County, Washington",74729,0.3838486943284693,0.9138219432884156,0.06594494774451685,0.00826988183971416,0.08617805671158452,54970,79430,0.04894875991439003,WA,10.914542860854706,11.282631409627175,3,TRUE
53043,"Lincoln County, Washington",10176,0.17980697567691745,0.9717963836477987,0.01179245283018868,0.00609276729559748,0.02820361635220125,58584,10732,0.01723816623183004,WA,10.978216900740906,9.280985211545516,2,FALSE
53045,"Mason County, Washington",61875,0.3683058100680314,0.9178828282828284,0.06233535353535353,0.01184646464646464,0.0821171717171717,60565,65326,0.05965465511434957,WA,11.011472447450902,11.087145398346657,3,TRUE
53047,"Okanogan County, Washington",39545,0.5468905226603973,0.822860032873941,0.16186622834745226,0.00313566822607156,0.17713996712605895,48528,42080,0.09769486692015208,WA,10.789896229928363,10.647327847411592,4,TRUE
53049,"Pacific County, Washington",21215,0.4165077529217901,0.907848220598633,0.06024039594626444,0.01894885694084374,0.09215177940136698,50873,22121,0.0630622485421093,WA,10.837087609932846,10.004282662571022,3,TRUE
53051,"Pend Oreille County, Washington",12988,0.17160295171089923,0.9706652294425624,0.01747767169695103,0.00200184785956267,0.0293347705574376,55021,13588,0.03679717397703856,WA,10.915470209522413,9.516942329280475,2,FALSE
53053,"Pierce County, Washington",832870,0.7240188540886077,0.8492801997910838,0.06027111073757009,0.05463757849364246,0.15071980020891618,76438,891862,0.09919135471631262,WA,11.24423523370004,13.70106669107337,4,TRUE
53055,"San Juan County, Washington",16473,0.3274517650229067,0.9381412007527468,0.03618041643902143,0.00855946093607721,0.06185879924725313,64753,16953,0.07762637881200968,WA,11.07833531053482,9.738200088297951,3,TRUE
53057,"Skagit County, Washington",119871,0.5916603102328988,0.8377172126702872,0.13116600345371274,0.01105354923209116,0.1622827873297128,71021,127442,0.09404278024513112,WA,11.170730886938642,11.755416638120549,4,TRUE
53059,"Skamania County, Washington",11419,0.2380467436986002,0.9534985550398458,0.03205184341886329,0.00665557404326123,0.04650144496015418,69296,11906,0.0439274315471191,WA,11.146142463454408,9.384797753713336,2,FALSE
53061,"Snohomish County, Washington",760190,1.012826486163482,0.7773582920059459,0.06957208066404451,0.07671240084715664,0.22264170799405417,89273,811572,0.1704494487242044,WA,11.399454369523385,13.606728386585091,4,TRUE
53063,"Spokane County, Washington",482576,0.4078979723003135,0.928063144458075,0.02446454030038792,0.01672689897549816,0.07193685554192497,60101,513402,0.05363438397201414,WA,11.00378175931998,13.148814443009565,3,TRUE
53065,"Stevens County, Washington",42802,0.22368779952594028,0.9620344843698893,0.01672819027148264,0.00485958600065417,0.03796551563011075,54426,45233,0.02938120398823867,WA,10.904597259843,10.71958218793094,2,FALSE
53067,"Thurston County, Washington",268216,0.5845782732068395,0.8871543830345692,0.04180585796522206,0.0445722850240105,0.11284561696543084,75867,284698,0.0826630324062691,WA,11.23673708622966,12.55918424830292,4,TRUE
53071,"Walla Walla County, Washington",57504,0.6390997035826802,0.8050222593210907,0.1653971897607123,0.01173831385642737,0.19497774067890927,60615,60785,0.09395410051821997,WA,11.012297666180684,11.015098326989897,4,TRUE
53073,"Whatcom County, Washington",212781,0.5763434666226906,0.8808916209623979,0.06135886192846165,0.02400590278267326,0.11910837903760207,65420,224538,0.10001870507441948,WA,11.088583301092376,12.321800236874145,4,TRUE
53075,"Whitman County, Washington",47618,0.692676988848239,0.8544877987315721,0.04548700071401571,0.05737326221176865,0.1455122012684279,42288,49577,0.11041410331403675,WA,10.65225863684407,10.811282295489018,4,TRUE
53077,"Yakima County, Washington",230507,0.782863656074494,0.5877435392417584,0.3954240001388244,0.00745313591344297,0.4122564607582416,54917,250649,0.1839504645939142,WA,10.913578233480957,12.43180883305672,4,TRUE
54001,"Barbour County, West Virginia",15696,0.1331649841155403,0.9791029561671764,0.00911060142711518,0.00191131498470948,0.02089704383282364,38906,16543,0.00598440427975578,NA,10.568903759357765,9.713718330607016,1,FALSE
54003,"Berkeley County, West Virginia",110260,0.27051187832754,0.952466896426628,0.02616542717213858,0.00590422637402503,0.04753310357337204,65286,117615,0.03788632402329635,NA,11.086532897179069,11.675171857333131,3,TRUE
54005,"Boone County, West Virginia",20811,0.02340229674907221,0.996732497237038,0.00288309067320167,0,0.00326750276296194,45297,21897,0.00264876467095949,NA,10.72099608411258,9.994104920119742,1,FALSE
54007,"Braxton County, West Virginia",13337,0.02646340743593093,0.9963260103471544,0.00262427832346104,0,0.00367398965284548,43819,14032,0.0012115165336374,NA,10.687822792259214,9.549095714611964,1,FALSE
54009,"Brooke County, West Virginia",21160,0.14993290291242975,0.977882797731569,0.00567107750472589,0.0053875236294896,0.02211720226843094,48168,22162,0.01448425232379749,NA,10.782450179144284,10.006134389496273,1,FALSE
54011,"Cabell County, West Virginia",88049,0.1773196815948869,0.9729582391622846,0.01073266022328476,0.00804097718315937,0.02704176083771536,41472,93328,0.01437939310817761,NA,10.632773779711949,11.44387544899342,2,FALSE
54013,"Calhoun County, West Virginia",6858,0.1010762820766657,0.984689413823272,0.00277048702245552,0,0.01531058617672787,38668,7185,0.00598469032707028,NA,10.562767663584497,8.879750798513125,1,FALSE
54015,"Clay County, West Virginia",8120,0.05158812918469532,0.9926108374384236,0.00246305418719211,0.00184729064039408,0.0073891625615764,35154,8599,4.6517036864751713e-4,NA,10.467493688772844,9.059401196410896,1,FALSE
54017,"Doddridge County, West Virginia",8179,0.06474400369174765,0.9892407384765864,0,0.00990341117496026,0.01075926152341366,51300,8499,0.01117778562183786,NA,10.84544603115886,9.047703788498628,1,FALSE
54019,"Fayette County, West Virginia",40798,0.0880851242093555,0.9869846561105936,0.00772096671405461,0.00137261630472081,0.01301534388940639,43722,43087,0.00498990414742265,NA,10.685606686898335,10.6709766064642,1,FALSE
54021,"Gilmer County, West Virginia",7598,0.24307583369674152,0.9510397473019216,0.03527244011581995,0.00684390629112924,0.04896025269807846,42883,7970,0.02722710163111668,NA,10.666230755983976,8.98343977178426,2,FALSE
54023,"Grant County, West Virginia",10978,0.1357856220982153,0.9768628165421752,0.01457460375296046,0.00309710329750409,0.02313718345782478,43313,11565,0.00423692174664937,NA,10.676208099877172,9.35573857466554,1,FALSE
54025,"Greenbrier County, West Virginia",33107,0.17889500487631574,0.971516597698372,0.01199142175370767,0.00664512036729392,0.02848340230162804,39807,34893,0.01553320150173387,NA,10.591798055204546,10.460041515007148,2,FALSE
54027,"Hampshire County, West Virginia",22219,0.05684336320566387,0.9911337143885864,0.00675097889193933,0,0.00886628561141367,48528,23304,0.00536388602814967,NA,10.789896229928363,10.05638029863927,1,FALSE
54029,"Hancock County, West Virginia",27792,0.08920352882899264,0.9876943005181348,0.00302245250431778,0.00309441565918249,0.01230569948186532,48140,29118,0.0093756439315887,NA,10.781868711337063,10.279111818633272,1,FALSE
54031,"Hardy County, West Virginia",12950,0.2820385992568641,0.945019305019305,0.01351351351351351,0.02903474903474903,0.05498069498069502,46513,13789,0.03749365436217274,NA,10.74748712239554,9.531626451841742,3,TRUE
54033,"Harrison County, West Virginia",63830,0.1018364586546234,0.9856807143976188,0.0048253172489425,0.00220899263669121,0.01431928560238127,52134,67620,0.00909494232475599,NA,10.86157260606726,11.121659076261876,1,FALSE
54035,"Jackson County, West Virginia",27264,0.0619891376073438,0.991894072769953,0.00282423708920187,0.00190727699530516,0.00810592723004699,49115,28793,0.00968985517313235,NA,10.80191976610897,10.267887581025692,1,FALSE
54037,"Jefferson County, West Virginia",53873,0.3212366457411444,0.9412507192842424,0.03027490579696694,0.00705362612069125,0.05874928071575747,82551,56922,0.0489617371139454,NA,11.321171563145285,10.949437188620932,3,TRUE
54039,"Kanawha County, West Virginia",171392,0.15825862574966443,0.9765158233756536,0.00696065160567587,0.00465015870052277,0.02348417662434654,47122,181014,0.01799860784248732,NA,10.760495262246444,12.106329655323051,1,FALSE
54041,"Lewis County, West Virginia",15089,0.10062540129887124,0.9835641858307376,0.00960964941348001,0.00437404731923918,0.01643581416926243,43894,16024,0.0037443834248627,NA,10.689532915462804,9.681842877345654,1,FALSE
54043,"Lincoln County, West Virginia",19444,0.04541006565732924,0.9936741411232256,0.00123431392717547,0.00416580950421723,0.00632585887677428,42064,20617,0.00378328563806567,NA,10.646947546969663,9.933871257170567,1,FALSE
54045,"Logan County, West Virginia",30756,0.02549261798949603,0.9969761997658994,0.0013005592404734,8.128495252958773e-4,0.00302380023410064,36250,32593,0.00119657595189151,NA,10.49819466028282,10.391852820371936,1,FALSE
54047,"McDowell County, West Virginia",17102,0.10871791280817132,0.9829844462635948,0.00953104900011694,9.940357852882705e-4,0.01701555373640506,26072,18083,0.00884808936570259,NA,10.168617220517396,9.80272754938498,1,FALSE
54049,"Marion County, West Virginia",53086,0.12630285645938116,0.9806917077948988,0.00864634743623554,0.00141280186866593,0.0193082922051011,52856,56233,0.01182579624064161,NA,10.87532651370972,10.937259052166104,1,FALSE
54051,"Marshall County, West Virginia",29366,0.1191811803717018,0.9802833208472383,0.01409793638902131,0.00326908669890349,0.01971667915276165,48179,30900,0.00834951456310679,NA,10.782678520453256,10.338511462885837,1,FALSE
54053,"Mason County, West Virginia",25298,0.07519631846632112,0.989169104277018,1.1858644952170132e-4,0.00486204443038975,0.01083089572298201,51820,26700,0.01295880149812734,NA,10.8555314541161,10.19241884438834,1,FALSE
54055,"Mercer County, West Virginia",56022,0.15657134222512864,0.9755988718717646,0.0102102745350041,0.00242761772160936,0.02440112812823536,40716,59370,0.00983661782044803,NA,10.61437641457223,10.99154432726472,1,FALSE
54057,"Mineral County, West Virginia",25660,0.1320416660742577,0.9761886204208884,0.01858924395946999,0.00206547155105222,0.0238113795791115,51723,27047,0.00436277590860354,NA,10.85365783584396,10.205331372394005,1,FALSE
54059,"Mingo County, West Virginia",22369,0.05120823414562819,0.9929813581295543,0.00259287406678885,0.00339755912199919,0.00701864187044565,35454,23808,0.00256216397849462,NA,10.47599136057373,10.077776937632818,1,FALSE
54061,"Monongalia County, West Virginia",101012,0.4264222219591094,0.9247317150437572,0.01550310854155941,0.02094800617748386,0.07526828495624283,54198,106196,0.05603789219932954,NA,10.9003992863779,11.573041722297212,3,TRUE
54063,"Monroe County, West Virginia",12722,0.06896153474849821,0.9889168369753184,0.00605250746737934,0,0.0110831630246817,44828,13344,0.00539568345323741,NA,10.710588223171918,9.498822124598528,1,FALSE
54065,"Morgan County, West Virginia",17062,0.08136117619152865,0.9870472394795452,0.00931895440159418,0,0.01295276052045479,57116,17800,0.01679775280898876,NA,10.952839566550184,9.786953736280177,1,FALSE
54067,"Nicholas County, West Virginia",23613,0.11671505042714043,0.9826790327362046,0.00453140219370685,0.00474314995976792,0.01732096726379539,40318,24857,0.01178742406565555,NA,10.604553298340369,10.1208946819984,1,FALSE
54069,"Ohio County, West Virginia",39729,0.1666708760094234,0.9753328802637872,0.00611643887336706,0.00573888091822094,0.02466711973621282,48056,41875,0.01943880597014925,NA,10.780122276529998,10.642444269127369,1,FALSE
54071,"Pendleton County, West Virginia",6651,0.07267297807235118,0.9890242068861824,0.0049616599007668,0,0.01097579311381746,46358,6968,5.74052812858783e-4,NA,10.744149155884624,8.849083518532339,1,FALSE
54073,"Pleasants County, West Virginia",7103,0.15066506591930537,0.9724060256229762,0.01633112769252428,0,0.02759397437702382,55508,7457,0.00549818962049081,NA,10.924282433490902,8.916908467543795,1,FALSE
54075,"Pocahontas County, West Virginia",7983,0.0634751215794463,0.9911061004634848,0.00275585619441312,2.505323813102844e-4,0.00889389953651509,37642,8382,0.00847053209257933,NA,10.53587572725051,9.033841828485016,1,FALSE
54077,"Preston County, West Virginia",31940,0.13629720006676951,0.9771759549154664,0.01596743894802755,0.00209768315591734,0.0228240450845335,51992,33610,0.01294257661410294,NA,10.858845139574186,10.422578920719152,1,FALSE
54079,"Putnam County, West Virginia",53632,0.11895465329823832,0.982678251789976,0.00641408114558472,0.00484785202863961,0.01732174821002385,63954,56604,0.01259628294820154,NA,11.065919353917192,10.943834933072262,1,FALSE
54081,"Raleigh County, West Virginia",70560,0.20846385250045624,0.964640022675737,0.01901927437641723,0.00844671201814058,0.03535997732426299,43283,74452,0.01376725944232525,NA,10.675515227199446,11.217909901418224,2,FALSE
54083,"Randolph County, West Virginia",27303,0.08616274973197954,0.9874372779548036,0.00754495842947661,0.00102552833022012,0.01256272204519648,45206,28763,0.00458922921809268,NA,10.718985100373532,10.266845117938724,1,FALSE
54085,"Ritchie County, West Virginia",9278,0.13542027803815676,0.9765035568010348,0.01465833153696917,0.00388014658331536,0.02349644319896526,44328,9747,0.01344003283061454,NA,10.699371810547186,9.18471482433721,1,FALSE
54087,"Roane County, West Virginia",13172,0.06970333704062846,0.9899787427877316,0.00273307014880048,0,0.01002125721226843,38895,13831,0.00238594461716434,NA,10.568620986640877,9.534667728624708,1,FALSE
54089,"Summers County, West Virginia",12212,0.08315156589015485,0.986570586308549,0.00941696691778578,0,0.013429413691451,37769,12710,0.0063729346970889,NA,10.53924393931682,9.4501443641835,1,FALSE
54091,"Taylor County, West Virginia",15969,0.09941973079504378,0.9847203957667982,0.00851650072014528,0.00162815454943953,0.01527960423320184,52958,16817,0.00731402747220074,NA,10.877254425547346,9.73014555852275,1,FALSE
54093,"Tucker County, West Virginia",6619,0.0692181815345838,0.9900287052424838,0.00256836380117842,0.00120864178878984,0.00997129475751623,47527,6943,0.00115223966585049,NA,10.76905324958531,8.845489236753274,1,FALSE
54095,"Tyler County, West Virginia",8298,0.05371475207356047,0.9922872981441312,0.00192817546396722,0.00433839479392624,0.00771270185586892,47598,8736,0.00389194139194139,NA,10.770546022530056,9.075207697984686,1,FALSE
54097,"Upshur County, West Virginia",23185,0.07335213721064181,0.9895622169506146,0.00465818417080008,0.00133707138235928,0.01043778304938536,40802,24451,0.00552124657478221,NA,10.616486378798674,10.104426393862145,1,FALSE
54099,"Wayne County, West Virginia",37921,0.08487926060645448,0.9878167769837294,0.00519501068009809,0.00166134859312781,0.01218322301627061,43710,39952,0.01023728474169002,NA,10.68533218785736,10.595434012519554,1,FALSE
54101,"Webster County, West Virginia",7882,0.00235449451791681,0.9997462572951028,0,2.537427048972342e-4,2.537427048971974e-4,33358,8289,2.4128362890577873e-4,NA,10.415052902637118,9.022684613591526,1,FALSE
54103,"Wetzel County, West Virginia",14494,0.03446843373776644,0.9955153856768318,0.0013798813302056,0,0.00448461432316815,44539,15291,0.00457785625531358,NA,10.704120488830531,9.63501969900815,1,FALSE
54105,"Wirt County, West Virginia",5484,0.14511129587191424,0.9728300510576222,0.01932895696571845,0,0.02716994894237778,45315,5764,0.00190839694656488,NA,10.721393382488882,8.659386957119413,1,FALSE
54107,"Wood County, West Virginia",79583,0.12375284432563842,0.9822952138019426,0.00639583830717615,0.00358116683211238,0.01770478619805737,48711,84387,0.01086660267576759,NA,10.793660156255225,11.343168640284432,1,FALSE
54109,"Wyoming County, West Virginia",19864,0.03348874826195002,0.99536850583971,3.0205396697543293e-4,0.00161095449053564,0.00463149416028996,44095,20890,0.00473910962182862,NA,10.694101676322282,9.947025854550612,1,FALSE
55001,"Adams County, Wisconsin",19585,0.2589910778391179,0.9533316313505232,0.02185345928006127,0.00285933112075568,0.04666836864947665,48906,20208,0.02894893111638954,WI,10.797655367322513,9.913833844590272,2,FALSE
55003,"Ashland County, Wisconsin",14659,0.20948178361363431,0.9654819564772494,0.01207449348523091,0.00320622143393137,0.03451804352275056,47869,15524,0.01204586446792064,WI,10.776223392258183,9.650142492488795,2,FALSE
55005,"Barron County, Wisconsin",42795,0.2402951733051141,0.95894380184601,0.01817969388947307,0.00415936441173034,0.04105619815398997,52346,45182,0.0243459784870081,WI,10.865630804592373,10.718454056417167,2,FALSE
55007,"Bayfield County, Wisconsin",14447,0.19385505963076008,0.9678133868623244,0.00913684501972727,0.00221499273205509,0.03218661313767568,57257,15088,0.01179745493107104,WI,10.955305184684386,9.621655004873238,2,FALSE
55009,"Brown County, Wisconsin",245910,0.4714373770358551,0.8950632345166931,0.06742710747834574,0.02009678337603188,0.10493676548330688,64728,262559,0.05843258086753834,WI,11.077949153487676,12.478231097663404,4,TRUE
55011,"Buffalo County, Wisconsin",12377,0.14459491223253626,0.9732568473782016,0.01825967520400743,1.6159004605316313e-4,0.02674315262179849,58364,13087,0.01528234125468021,WI,10.974454540383912,9.47937465005548,1,FALSE
55013,"Burnett County, Wisconsin",14717,0.1645512905929555,0.9737718284976558,0.01053203777943874,0.00312563701841407,0.02622817150234424,53555,15363,0.01405975395430579,WI,10.88846444219873,9.63971730013066,1,FALSE
55015,"Calumet County, Wisconsin",47388,0.2736697433899874,0.948362454629864,0.0264834979319659,0.01637545370135899,0.05163754537013587,76065,50005,0.02641735826417358,WI,11.239343516897229,10.819878279410617,3,TRUE
55017,"Chippewa County, Wisconsin",60548,0.1981628142741819,0.968553874611878,0.00842306930038977,0.00767985730329655,0.03144612538812186,61215,64175,0.01509933774834437,WI,11.022147536508015,11.06936900573934,2,FALSE
55019,"Clark County, Wisconsin",31784,0.5592198857218654,0.8379373269569594,0.04061792096652403,0.00119557009816259,0.16206267304304056,54463,34668,0.02463366793584862,WI,10.90527685101243,10.453572350254236,4,TRUE
55021,"Columbia County, Wisconsin",54287,0.28311510476054613,0.9487722659200176,0.02344944461841693,0.00497356641553226,0.05122773407998227,69262,57331,0.02578011895832969,WI,11.145651694235996,10.95659676862489,3,TRUE
55023,"Crawford County, Wisconsin",15401,0.2177539780106771,0.962794623725732,0.00753197844295825,0.00214271800532432,0.0372053762742679,51218,16155,0.01559888579387186,WI,10.843846311743985,9.6899848782586009,2,FALSE
55025,"Dane County, Wisconsin",512119,0.5462966947325268,0.8921403033279375,0.0432985302244205,0.03415417119849098,0.10785969667206252,75179,542459,0.08546821050070144,WI,11.227627215619757,13.203867785503872,4,TRUE
55027,"Dodge County, Wisconsin",83509,0.24864514454449432,0.9515381575638554,0.03307427941898478,0.00276616891592523,0.0484618424361446,62591,87569,0.02105768022930489,WI,11.044376776784246,11.380182333015188,2,FALSE
55029,"Door County, Wisconsin",26571,0.2413934940010496,0.956456286929359,0.02404877498024161,0.00308607128071958,0.04354371307064098,61765,27621,0.03294594692444155,WI,11.031092139970914,10.226331631955956,2,FALSE
55031,"Douglas County, Wisconsin",41410,0.18166844822900424,0.9723979715044676,0.00734122192707075,0.00961120502294132,0.0276020284955325,56855,43497,0.02436949674690208,WI,10.948259446058824,10.680447249181304,2,FALSE
55033,"Dunn County, Wisconsin",42727,0.2980504543565816,0.9467549792871018,0.01266178294755072,0.02764060196128912,0.05324502071289816,59588,45029,0.02935885762508605,WI,10.995209490499484,10.715062005631752,3,TRUE
55035,"Eau Claire County, Wisconsin",98425,0.3461043748867742,0.935260350520701,0.02001524003048006,0.03146558293116586,0.064739649479299,62508,104132,0.03635769984250758,WI,11.043049827533192,11.553414604100274,3,TRUE
55039,"Fond du Lac County, Wisconsin",97241,0.2817967415572978,0.9469051120412172,0.03398772122869983,0.00831953599819006,0.05309488795878281,64147,102654,0.03254622323533423,WI,11.068932603556638,11.539119389052704,3,TRUE
55041,"Forest County, Wisconsin",8489,0.21777202770507847,0.9625397573330192,0.00789256685121922,0.00353398515726233,0.03746024266698078,48394,9003,0.0082194823947573,WI,10.787131118078038,9.105313134108476,2,FALSE
55043,"Grant County, Wisconsin",48738,0.27247690090622606,0.9489925725306744,0.01547047478353646,0.00476014608724198,0.05100742746932574,54144,51570,0.01747139809967035,WI,10.899402442965895,10.850695387045004,3,TRUE
55045,"Green County, Wisconsin",34835,0.19478574071062907,0.9637720683220898,0.02646763312760155,9.473230945887756e-4,0.03622793167791016,66212,36790,0.02234302799673824,WI,11.100616994380056,10.51298134809882,2,FALSE
55047,"Green Lake County, Wisconsin",17738,0.35553322254992803,0.9191566129214116,0.03202164843838088,0,0.08084338707858829,57339,18807,0.01988621258042218,WI,10.956736299452707,9.841984419942078,3,TRUE
55049,"Iowa County, Wisconsin",22306,0.16220820587294005,0.9748049852057742,0.00883170447413252,0.00264502824352192,0.02519501479422581,68714,23632,0.01603757616790792,WI,11.137708242019782,10.07035700477116,1,FALSE
55051,"Iron County, Wisconsin",5510,0.17372597852740926,0.9711433756805808,0.01107078039927404,7.259528130671507e-4,0.02885662431941926,45588,5679,0.01144567705581968,WI,10.727399802975626,8.644530439877432,2,FALSE
55053,"Jackson County, Wisconsin",19378,0.3215933409490344,0.9370936113117968,0.02337702549282691,0.00211580142429559,0.06290638868820309,55228,20556,0.01936174352986962,WI,10.919225350036044,9.93090814811212,3,TRUE
55055,"Jefferson County, Wisconsin",80539,0.2701841197421668,0.9431703895007388,0.04508374824619129,0.00192453345584126,0.05682961049926127,67167,84837,0.03188467296109009,WI,11.114937334467609,11.34848704737449,3,TRUE
55057,"Juneau County, Wisconsin",25274,0.2192949871041033,0.9621745667484372,0.01566827569834612,0.00340270633852971,0.03782543325156284,53928,26603,0.02360636018494154,WI,10.895405102533276,10.188779270365272,2,FALSE
55059,"Kenosha County, Wisconsin",159351,0.5325985606482465,0.873085201850004,0.08817014013090599,0.00893624765454876,0.12691479814999596,66595,168998,0.07275825749417153,WI,11.106384778635132,12.037642159515658,4,TRUE
55061,"Kewaunee County, Wisconsin",19429,0.1769770820071868,0.9687580421020124,0.02079365896340522,0.00247053373822636,0.03124195789798756,68474,20398,0.02358074321011864,WI,11.134209390154616,9.923192135810464,2,FALSE
55063,"La Crosse County, Wisconsin",112197,0.3086160705998136,0.9425742221271514,0.01690776045705322,0.02827170066935836,0.05742577787284864,60307,118168,0.03056665086994787,WI,11.00720346221328,11.679862619720437,3,TRUE
55065,"Lafayette County, Wisconsin",15617,0.346914198644371,0.925081641800602,0.03329704808862138,5.76295063072293e-4,0.07491835819939807,61070,16682,0.02391799544419134,WI,11.01977602621718,9.722085572801555,3,TRUE
55067,"Langlade County, Wisconsin",18232,0.1208464643791504,0.9799254058797718,0.01162790697674418,1.0969723562966212e-4,0.02007459412022816,52074,19167,0.01554755569468357,WI,10.8604210628723,9.860945329270454,1,FALSE
55069,"Lincoln County, Wisconsin",26459,0.1655579586976571,0.972901470199176,0.01201859480705998,0.00400619826901999,0.02709852980082394,59183,27687,0.00939068877090331,WI,10.988389617470986,10.228718267933688,1,FALSE
55071,"Manitowoc County, Wisconsin",74908,0.28730817170782946,0.9462006728253324,0.02599188337694238,0.01744806963208202,0.05379932717466762,58464,78977,0.0286539118984008,WI,10.976166459177731,11.276911949819397,3,TRUE
55073,"Marathon County, Wisconsin",127501,0.38366169013976414,0.9222515901836064,0.01910573250405879,0.04334083654245849,0.07774840981639364,63029,135485,0.03790825552644204,WI,11.051350216920406,11.816616212067062,3,TRUE
55075,"Marinette County, Wisconsin",38507,0.1819277817760104,0.9706287168566754,0.01464668761523878,0.00314228581816293,0.0293712831433246,52385,40312,0.01409009724151617,WI,10.866375569787063,10.604404470360434,2,FALSE
55077,"Marquette County, Wisconsin",14652,0.1934762236168581,0.9668304668304668,0.01235326235326235,0.00286650286650286,0.03316953316953319,53293,15380,0.0176853055916775,WI,10.883560269446573,9.640823243059636,2,FALSE
55079,"Milwaukee County, Wisconsin",884066,0.7138864602774236,0.8248094599272,0.1091479595414822,0.02798207373657623,0.1751905400728,52260,949180,0.09280220822183358,WI,10.863986539074604,13.76335373294671,4,TRUE
55081,"Monroe County, Wisconsin",43109,0.381569862090916,0.9203646570321744,0.03182630077246051,0.0053817068361595,0.0796353429678257,60595,46155,0.02513270501570794,WI,11.011967660402588,10.739760576424253,3,TRUE
55083,"Oconto County, Wisconsin",35988,0.14934685493627475,0.9754640435700788,0.01467155718572857,0.00252862065132822,0.02453595642992112,64528,37870,0.00921573805122788,WI,11.074854517113147,10.54191452089584,1,FALSE
55085,"Oneida County, Wisconsin",33872,0.13593762591280417,0.9801901275389704,0.00752834199338686,0.00283419933868682,0.01980987246102972,58156,35480,0.01242953776775648,WI,10.970884334051316,10.476724436423517,1,FALSE
55087,"Outagamie County, Wisconsin",175219,0.34153178388267813,0.9359601413088764,0.02855854673294563,0.02426106757828774,0.06403985869112372,68441,186829,0.03661637112011518,WI,11.133727339237783,12.137949038980103,3,TRUE
55089,"Ozaukee County, Wisconsin",84572,0.3294821353848508,0.944035851109114,0.01831575462327957,0.00780400132431537,0.05596414889088585,84394,89179,0.05321880711826776,WI,11.343251588009638,11.39840086484208,3,TRUE
55091,"Pepin County, Wisconsin",6861,0.22430608648721373,0.9558373414954088,0.01515814021279696,0.00131176213379973,0.04416265850459111,58750,7261,0.01432309599228756,WI,10.981046432006403,8.890272839380247,2,FALSE
55093,"Pierce County, Wisconsin",40278,0.21741781980881572,0.9638760613734544,0.01742886935796216,0.0070013406822583,0.0361239386265455,73873,42336,0.01861300075585789,WI,11.210102681583887,10.653393066914685,2,FALSE
55095,"Polk County, Wisconsin",41426,0.14399398194125768,0.9783469318785304,0.00941437744411722,0.00378989040699077,0.02165306812146961,61814,43549,0.0126524145215734,WI,11.031885155006927,10.6816420199045,1,FALSE
55097,"Portage County, Wisconsin",67387,0.3366154182042735,0.9392761215071156,0.01906895988840577,0.0224969207710686,0.06072387849288441,60316,70822,0.03971929626387281,WI,11.007352687485689,11.167924965877134,3,TRUE
55099,"Price County, Wisconsin",12829,0.19346365189184553,0.9695221763192766,0.00639176864915426,0.01013329176085431,0.03047782368072338,49749,13351,0.01872518912441015,WI,10.814745641882208,9.499346567390097,2,FALSE
55101,"Racine County, Wisconsin",184005,0.4291882814472376,0.9019754897964728,0.07320996712045869,0.00608679111980652,0.0980245102035271,62556,195859,0.04890763253156607,WI,11.043817434556106,12.185150291574017,3,TRUE
55103,"Richland County, Wisconsin",16524,0.311162054661707,0.939360929557008,0.0251755022996853,0.00720164609053497,0.06063907044299199,52052,17408,0.02194393382352941,WI,10.859998497896648,9.76468514965567,3,TRUE
55105,"Rock County, Wisconsin",152776,0.3516463149151394,0.9209692621877782,0.06234618002827669,0.00630989160601141,0.07903073781222181,59519,162532,0.04541874830802549,WI,10.994050868290564,11.998630184442048,3,TRUE
55107,"Rusk County, Wisconsin",13336,0.17369232869832826,0.9713557288542292,0.00697360527894421,0.0035992801439712,0.02864427114577084,48961,14074,0.01229216995878925,WI,10.798779341814225,9.552084402526496,2,FALSE
55109,"St. Croix County, Wisconsin",84313,0.2070620472586979,0.9656755186032996,0.01693688992207607,0.00402073227141721,0.03432448139670041,84985,89702,0.02556241778332701,WI,11.350230049311453,11.404248344342358,2,FALSE
55111,"Sauk County, Wisconsin",60339,0.3826354584385686,0.9252722120021876,0.03607948424733588,0.00538623444206897,0.07472778799781232,62808,64152,0.03223593964334705,WI,11.047837732878092,11.069010546486863,3,TRUE
55113,"Sawyer County, Wisconsin",15723,0.24933354330837357,0.9545252178337468,0.01431024613623354,0.00190803281816447,0.04547478216625322,52022,16477,0.0159009528433574,WI,10.859421985014835,9.709720748057432,2,FALSE
55115,"Shawano County, Wisconsin",38624,0.1753587880448867,0.971830985915493,0.01162489643744822,0.00336578293289146,0.028169014084507,57322,40813,0.01256952441623992,WI,10.956439773168713,10.616755937092288,2,FALSE
55117,"Sheboygan County, Wisconsin",108787,0.4502577319316298,0.9057424140752112,0.03678748379861564,0.04197192679272339,0.09425758592478883,62101,115152,0.05878317354453244,WI,11.0365173708515,11.654008273747586,3,TRUE
55119,"Taylor County, Wisconsin",19171,0.22706116752311536,0.9558708465912056,0.0162224192791195,5.216211986855145e-4,0.04412915340879453,52860,20320,0.01491141732283464,WI,10.87540218815828,9.919360901692418,2,FALSE
55121,"Trempealeau County, Wisconsin",27439,0.35434633115691105,0.9199679288603811,0.06020627573891177,0.00193155727249535,0.08003207113961874,59606,29525,0.04016934801016088,WI,10.995511519127382,10.292992641065563,3,TRUE
55123,"Vernon County, Wisconsin",28629,0.38396634276542,0.9057249641971428,0.00967550385972266,0.00230535471025882,0.09427503580285725,54549,30759,0.01336194284599629,WI,10.906854659287504,10.3339379133382,3,TRUE
55125,"Vilas County, Wisconsin",21074,0.16915691350594175,0.972098320204992,0.01461516560690898,0.00113884407326563,0.02790167979500801,50039,21923,0.01354741595584545,WI,10.820557980368374,9.995291593011164,2,FALSE
55127,"Walworth County, Wisconsin",98294,0.40037631992434825,0.9029238814169736,0.0791401306285226,0.00540216086434573,0.09707611858302644,66034,103391,0.05662001528179435,WI,11.097925039878724,11.546273196649256,3,TRUE
55129,"Washburn County, Wisconsin",15053,0.1267336808949033,0.981996944130738,0.00478309971434265,0.00345446090480302,0.01800305586926198,51711,15726,0.01157319089406079,WI,10.853425803822502,9.66307067255146,1,FALSE
55131,"Washington County, Wisconsin",128463,0.22094133042524297,0.9634758646458512,0.01651059059807104,0.00671010329822594,0.03652413535414867,80839,135529,0.02500571833334563,WI,11.30021480132724,11.816940918542644,2,FALSE
55133,"Waukesha County, Wisconsin",381967,0.38655422156130265,0.9293158833092912,0.02647610919267895,0.01652236973351101,0.07068411669070884,88985,402637,0.05309745502772969,WI,11.396223095184084,12.905790690597929,3,TRUE
55135,"Waupaca County, Wisconsin",48437,0.21877448602635952,0.9583582798274046,0.0274583479571402,0.00101162334578937,0.04164172017259537,60106,50997,0.02011883051944232,WI,11.003864949150904,10.83952208644688,2,FALSE
55137,"Waushara County, Wisconsin",23093,0.33565357583133687,0.9253453427445546,0.05105443207898497,0.00164552028753301,0.0746546572554454,54320,24256,0.02457124010554089,WI,10.902647762232576,10.096419288442098,3,TRUE
55139,"Winnebago County, Wisconsin",161577,0.3339673486335982,0.9390445422306392,0.02629087060658385,0.02143869486374917,0.06095545776936073,59947,170924,0.03529053848494067,WI,11.001216117502114,12.048974292245648,3,TRUE
55141,"Wood County, Wisconsin",68778,0.2736912587012812,0.953124545639594,0.01597894675623019,0.01384163540667073,0.04687545436040596,55684,72892,0.02367886736541733,WI,10.927448131508458,11.196734172605948,3,TRUE
56001,"Albany County, Wyoming",36959,0.5231241397716182,0.8977515625422766,0.04185719310587407,0.02381016802402662,0.10224843745772338,51362,38664,0.06455617628801986,WY,10.84665387841564,10.56266421352492,4,TRUE
56003,"Big Horn County, Wyoming",11059,0.3076091469948432,0.9310064201103174,0.05624378334388281,0.00479247671579708,0.06899357988968258,51237,11809,0.02582775848928783,WY,10.8442172062873,9.376617231601282,3,TRUE
56005,"Campbell County, Wyoming",43466,0.23248262645359996,0.9453825978926056,0.05070629917636773,0.00165646712372889,0.0546174021073943,80887,46958,0.02214745091358235,WY,11.300808397921598,10.757008864157203,2,FALSE
56007,"Carbon County, Wyoming",14125,0.5259823194150666,0.8581946902654867,0.11617699115044249,0.00672566371681416,0.14180530973451333,62423,15073,0.05101837723081005,WY,11.041689076188597,9.62066034281053,4,TRUE
56009,"Converse County, Wyoming",12888,0.30859615523393885,0.9297796399751708,0.05671942892613284,0.00240533829919304,0.07022036002482934,73806,13842,0.02868082647016327,WY,11.20919530809684,9.535462727401807,3,TRUE
56011,"Crook County, Wyoming",6997,0.17916403168838646,0.9671287694726312,0.01729312562526797,0.00242961269115335,0.03287123052736884,66898,7502,0.0219941348973607,WY,11.110924350303224,8.922924930641832,2,FALSE
56013,"Fremont County, Wyoming",37052,0.3512625205880342,0.9249703119939544,0.02070063694267515,0.0040213753643528,0.07502968800604559,54291,39711,0.00934249955931606,WY,10.902113746328313,10.58938350638188,3,TRUE
56015,"Goshen County, Wyoming",12454,0.3085815970052719,0.9323911996145816,0.05283443070499438,0.00264975108398907,0.06760880038541839,55955,13301,0.01638974513194496,WY,10.932303075252127,9.495594499353295,3,TRUE
56019,"Johnson County, Wyoming",8122,0.13340782591868788,0.9785767052450136,0.00812607732085693,0.0020930805220389,0.0214232947549865,56565,8518,0.011857243484386,WY,10.943145698360569,9.049936850483158,1,FALSE
56021,"Laramie County, Wyoming",93114,0.2785279187941861,0.9466997443993383,0.03650364069849862,0.00788281031853427,0.05330025560066154,69369,99272,0.03120718833105004,WY,11.147195360822078,11.505618836454456,3,TRUE
56023,"Lincoln County, Wyoming",18294,0.20358854336450588,0.9580190226303706,0.03536678692467476,0.00267847381655187,0.04198097736962936,71898,19640,0.02948065173116089,WY,11.183003726910572,9.885323581908455,2,FALSE
56025,"Natrona County, Wyoming",74838,0.31524436638234493,0.9391084743044976,0.0370934551965579,0.00748282957855634,0.06089152569550227,62168,80067,0.02126968663744114,WY,11.037595676889078,11.29061906314858,3,TRUE
56029,"Park County, Wyoming",27787,0.2296390165719855,0.9598013459531436,0.02044121351711231,0.01036455896642315,0.04019865404685641,63684,29273,0.02415194889488607,WY,11.061688632615896,10.28442086845496,2,FALSE
56031,"Platte County, Wyoming",8173,0.2858614422879395,0.9257310657041478,0.07010889514254252,4.894163709776092e-4,0.07426893429585224,57784,8572,0.02624825011665888,WY,10.964467199730684,9.056256356593469,3,TRUE
56033,"Sheridan County, Wyoming",28907,0.1972093955425685,0.9667208634586778,0.01684713045283149,0.00352855709689694,0.03327913654132219,59380,30397,0.02454189558180083,WY,10.99171274831775,10.32209919831418,2,FALSE
56035,"Sublette County, Wyoming",9322,0.34840394046042633,0.9228706286204678,0.05159836944861618,1.0727311735679038e-4,0.07712937137953224,78655,9865,0.05108971109984794,WY,11.272826479256604,9.196748418456716,3,TRUE
56037,"Sweetwater County, Wyoming",40482,0.42896102216906223,0.8951385801096784,0.08416086161750902,0.00503927671557729,0.1048614198903216,73384,43352,0.0520160546226241,WY,11.203461207189491,10.67710811724595,3,TRUE
56039,"Teton County, Wyoming",22310,0.624022064199042,0.8112505602868669,0.15777678171223666,0.0083370685791125,0.18874943971313307,87053,23356,0.113846549066621,WY,11.374272407554828,10.058609189403429,4,TRUE
56041,"Uinta County, Wyoming",18910,0.2545607540109487,0.9454785827604442,0.04278159703860391,0.00343733474352194,0.05452141723955583,72458,20374,0.0290566408167272,WY,11.190762362632867,9.922014857150012,2,FALSE
56043,"Washakie County, Wyoming",7491,0.2924604817300673,0.9300493926044588,0.06087304765718863,0.00120144173007609,0.06995060739554126,57306,7933,0.02180763897642758,WY,10.956160609262792,8.978786553302003,3,TRUE
56045,"Weston County, Wyoming",6598,0.1517894111379366,0.975295544104274,0.00879054258866323,0.01348893604122461,0.024704455895726,53333,6942,0.02276001152405647,WY,10.884310555528325,8.845345196421732,1,FALSE
72001,"Adjuntas Municipio, Puerto Rico",16889,0.16519460418245585,0.03913790040854995,0.96086209959145,0,0.96086209959145,14253,17614,0.00215737481548768,NA,9.564722689855031,9.776449319365405,1,FALSE
72003,"Aguada Municipio, Puerto Rico",35921,0.1661848452306388,0.03944767684641296,0.9605523231535872,0,0.9605523231535872,16802,37307,0.00683517838475353,NA,9.729253205924792,10.526936255584875,1,FALSE
72005,"Aguadilla Municipio, Puerto Rico",49542,0.18790263898442203,0.04303419320980178,0.9557748980662872,4.0369787251221185e-4,0.9569658067901984,16065,51552,0.01055245189323401,NA,9.68439827154996,10.8503462859767,2,FALSE
72007,"Aguas Buenas Municipio, Puerto Rico",24381,0.17373534029356885,0.04183585578934416,0.958164144210656,0,0.958164144210656,20190,25298,0.00470392916436081,NA,9.912942711306885,10.138480620207488,2,FALSE
72009,"Aibonito Municipio, Puerto Rico",21598,0.1881747157487484,0.04653208630428743,0.9534679136957126,0,0.9534679136957126,20631,22545,0.0095364825903748,NA,9.934550077987948,10.023268590855183,2,FALSE
72011,"Añasco Municipio, Puerto Rico",25628,0.15775080084842574,0.03683471203371313,0.9631652879662868,0,0.9631652879662868,20167,26555,0.00530973451327433,NA,9.911802884139842,10.1869733328565,1,FALSE
72013,"Arecibo Municipio, Puerto Rico",80308,0.19411053526574665,0.04691936046222045,0.9525701050953828,0,0.9530806395377796,19266,83682,0.00809015080901508,NA,9.86609716331757,11.33477917958675,2,FALSE
72015,"Arroyo Municipio, Puerto Rico",16785,0.2097207749097143,0.0538576109621686,0.9461423890378314,0,0.9461423890378314,16206,17502,0.00154268083647583,NA,9.693136823020671,9.770070439095775,2,FALSE
72017,"Barceloneta Municipio, Puerto Rico",22859,0.14080758344828104,0.03175991950654009,0.96824008049346,0,0.96824008049346,17815,23913,0.00506000920001672,NA,9.787796078039936,10.082177523096034,1,FALSE
72019,"Barranquitas Municipio, Puerto Rico",26598,0.20912719500595833,0.05365065042484397,0.946349349575156,0,0.946349349575156,18924,28026,0.00567330336116463,NA,9.848186236751038,10.240887929730164,2,FALSE
72021,"Bayamón Municipio, Puerto Rico",166799,0.2722932620662417,0.06949681952529692,0.9282249893584494,7.793811713499482e-4,0.930503180474703,26853,173695,0.0384236736808774,NA,10.198132825539048,12.065056166552948,3,TRUE
72023,"Cabo Rojo Municipio, Puerto Rico",46362,0.16000410113920416,0.03546007506147276,0.9636987187783098,8.412061602174195e-4,0.9645399249385272,17261,47977,0.01192237947349771,NA,9.75620490038669,10.778477008386329,1,FALSE
72025,"Caguas Municipio, Puerto Rico",121932,0.22888873339424864,0.05894268936784437,0.940524226618115,1.5582455795033298e-4,0.9410573106321556,25823,126734,0.02123344958732463,NA,10.15902084665199,11.749845680743787,2,FALSE
72027,"Camuy Municipio, Puerto Rico",29875,0.19903235142564069,0.05017573221757322,0.9498242677824268,0,0.9498242677824268,18571,31066,0.00820833065087233,NA,9.829356503193052,10.343869252547853,2,FALSE
72029,"Canóvanas Municipio, Puerto Rico",43220,0.15752325546603071,0.03593243868579361,0.9637667746413696,3.007866728366497e-4,0.9640675613142063,21614,45120,0.04171099290780142,NA,9.98109653186311,10.71708088617194,1,FALSE
72031,"Carolina Municipio, Puerto Rico",144516,0.33703524395139034,0.08920811536438872,0.9060657643444324,0.00124553682637216,0.9107918846356112,29398,150378,0.06488316110069292,NA,10.288681923801931,11.920907403202667,3,TRUE
72033,"Cataño Municipio, Puerto Rico",22697,0.23981088378440907,0.05524959245715293,0.9410935365907388,0.0026435211701987,0.9447504075428472,18647,23698,0.02738627732298084,NA,9.833440554224094,10.073145935376685,2,FALSE
72035,"Cayey Municipio, Puerto Rico",41472,0.14918501212967153,0.03423996913580247,0.9657600308641976,0,0.9657600308641976,23104,43126,0.01041135278022538,NA,10.047761041692551,10.671881342470613,1,FALSE
72037,"Ceiba Municipio, Puerto Rico",10800,0.21703971635877825,0.04157407407407407,0.9517592592592592,0.00425925925925925,0.958425925925926,19092,11207,0.02132595699116623,NA,9.857024678125788,9.324293862052029,2,FALSE
72039,"Ciales Municipio, Puerto Rico",15443,0.20472930640147827,0.04863044745191997,0.9500097131386388,0,0.95136955254808,17783,16188,0.0045095132196688904,NA,9.78599822374366,9.692025505995757,2,FALSE
72041,"Cidra Municipio, Puerto Rico",37308,0.13747258801128465,0.02908223437332475,0.9701940602551732,0,0.9709177656266752,20664,38977,0.00720937989070477,NA,9.936148334775677,10.570727007554888,1,FALSE
72043,"Coamo Municipio, Puerto Rico",37108,0.17512369861589988,0.03691926269268082,0.9606284359167836,0,0.9630807373073192,18319,38603,0.01331502732948216,NA,9.81569405158546,10.561085272640115,2,FALSE
72045,"Comerío Municipio, Puerto Rico",18153,0.29485309564588524,0.08670743127857654,0.9132925687214236,0,0.9132925687214236,14297,18942,0.00353711329321085,NA,9.567805004029164,9.849136957786047,3,TRUE
72047,"Corozal Municipio, Puerto Rico",31464,0.17449856993919988,0.04207983727434528,0.9579201627256548,0,0.9579201627256548,16933,32928,0.00400874635568513,NA,9.73701965966534,10.402078638633776,2,FALSE
72051,"Dorado Municipio, Puerto Rico",34931,0.2585357769812493,0.06375425839512182,0.9333829549683662,0.00114511465460479,0.9362457416048782,29852,36475,0.01968471555860178,NA,10.304007118251278,10.504382373390987,2,FALSE
72053,"Fajardo Municipio, Puerto Rico",28943,0.1829859267800502,0.04094254223819231,0.957571779013924,0.00148567874788377,0.9590574577618076,19957,30263,0.02114793642401612,NA,9.901335237967984,10.317681123208132,2,FALSE
72054,"Florida Municipio, Puerto Rico",10995,0.11460799576307408,0.02437471577989995,0.9756252842201,0,0.9756252842201,20221,11513,0,NA,9.91447694733573,9.351232110673664,1,FALSE
72055,"Guánica Municipio, Puerto Rico",15109,0.22063047051920895,0.05771394533059765,0.9422860546694024,0,0.9422860546694024,12283,15825,0.00151658767772511,NA,9.415971471539097,9.669346247012378,2,FALSE
72057,"Guayama Municipio, Puerto Rico",38630,0.20947012014525215,0.05301579083613771,0.9467512296142894,0,0.9469842091638624,17319,40198,0.00726404298721329,NA,9.759559443729044,10.601572522125696,2,FALSE
72059,"Guayanilla Municipio, Puerto Rico",17315,0.16377364949029952,0.03869477331793242,0.9613052266820676,0,0.9613052266820676,17796,18080,0.00398230088495575,NA,9.786728991925932,9.802561633946167,1,FALSE
72061,"Guaynabo Municipio, Puerto Rico",82229,0.23331772457800945,0.05326587943426285,0.9435235744080556,1.2161159688187864e-4,0.9467341205657372,36073,85312,0.0629688672168042,NA,10.493299942049775,11.35407040353838,2,FALSE
72063,"Gurabo Municipio, Puerto Rico",45242,0.24319086413557853,0.05642986605366695,0.9402325272976436,5.52583882233323e-4,0.943570133946333,35367,46948,0.01194939081537019,NA,10.473534460960238,10.756795885220017,2,FALSE
72065,"Hatillo Municipio, Puerto Rico",38189,0.16777060986535153,0.03830946083950876,0.9610620859409778,0,0.9616905391604912,18998,39561,0.00174414195798892,NA,9.852088989450127,10.585599063475808,1,FALSE
72067,"Hormigueros Municipio, Puerto Rico",15240,0.20465198574971016,0.0520997375328084,0.9479002624671916,0,0.9479002624671916,19848,15731,0.01411226241179836,NA,9.895858525371636,9.663388566822505,2,FALSE
72069,"Humacao Municipio, Puerto Rico",49508,0.23696470972317357,0.05588995717863779,0.9408984406560555,0.00321160216530661,0.9441100428213622,21802,51586,0.01517853681231341,NA,9.989756987688304,10.851005596826855,2,FALSE
72071,"Isabela Municipio, Puerto Rico",39594,0.24085698380447068,0.06205485679648431,0.9369601454765872,0,0.9379451432035156,16996,41084,0.01582124428001168,NA,9.740733301234702,10.623374030285696,2,FALSE
72073,"Jayuya Municipio, Puerto Rico",13568,0.1649531914744777,0.0390625,0.9609375,0,0.9609375,16003,14239,0.00498630521806306,NA,9.680531483645993,9.563739957780994,1,FALSE
72075,"Juana Díaz Municipio, Puerto Rico",43288,0.12894143386300636,0.02834503788578821,0.9716549621142118,0,0.9716549621142118,20889,45414,0.00462412471924957,NA,9.946977983610656,10.723575706537222,1,FALSE
72077,"Juncos Municipio, Puerto Rico",36773,0.30732035271248115,0.09207842710684468,0.9079215728931552,0,0.9079215728931552,20350,38471,0.00369109199137012,NA,9.92083619087074,10.557659989689752,3,TRUE
72079,"Lajas Municipio, Puerto Rico",21575,0.2576666656864752,0.07156431054461182,0.9284356894553882,0,0.9284356894553882,14439,22391,0.00455540172390692,NA,9.57768815797122,10.016414371391338,2,FALSE
72081,"Lares Municipio, Puerto Rico",23903,0.13312568544599565,0.02953604150106681,0.9704639584989332,0,0.9704639584989332,16841,24945,0.00741631589496893,NA,9.731571668456054,10.124428680295138,1,FALSE
72083,"Las Marías Municipio, Puerto Rico",7913,0.13588685138054385,0.03032983697712624,0.9696701630228738,0,0.9696701630228738,14765,8131,0.00750215225679498,NA,9.600014794178025,9.003439196207838,1,FALSE
72085,"Las Piedras Municipio, Puerto Rico",35800,0.1098722219401648,0.02310055865921788,0.976899441340782,0,0.976899441340782,22848,37233,0.00864824215078022,NA,10.03661886513931,10.52495074379763,1,FALSE
72087,"Loíza Municipio, Puerto Rico",24184,0.21347393024252212,0.04970228250082699,0.9481888852133642,0.0018193847171683701,0.950297717499173,17363,25164,0.0170481640438722,NA,9.762096784344138,10.13316968068992,2,FALSE
72089,"Luquillo Municipio, Puerto Rico",17253,0.2065181629642692,0.05274445024053788,0.947255549759462,0,0.947255549759462,21805,17924,0.01556572193706761,NA,9.989894580276866,9.793895875906031,2,FALSE
72091,"Manatí Municipio, Puerto Rico",36418,0.17100618446413027,0.03638310725465429,0.9618320610687024,0.00153770113680048,0.9636168927453456,18885,38062,0.00438757816194629,NA,9.846123235146557,10.546971688076972,2,FALSE
72093,"Maricao Municipio, Puerto Rico",5656,0.14582708826556204,0.03323903818953324,0.9667609618104668,0,0.9667609618104668,15387,5900,0.04406779661016949,NA,9.641278276057378,8.68270762989381,1,FALSE
72095,"Maunabo Municipio, Puerto Rico",10164,0.0950711669897803,0.01780794962613144,0.9815033451397088,0,0.9821920503738686,20561,10568,0.01372066616199848,NA,9.9311513565186,9.26558584620216,1,FALSE
72097,"Mayagüez Municipio, Puerto Rico",70666,0.2453107991987913,0.06474117680355475,0.9346361758129794,0,0.9352588231964452,14761,73336,0.02442183920584706,NA,9.599743846536995,11.202806899641612,2,FALSE
72099,"Moca Municipio, Puerto Rico",34056,0.13994200457460007,0.03150692976274372,0.9684930702372564,0,0.9684930702372564,16033,35547,0.00728612822460404,NA,9.682404377188837,10.47861104348485,1,FALSE
72101,"Morovis Municipio, Puerto Rico",29360,0.12601437583407932,0.02752043596730245,0.9724795640326976,0,0.9724795640326976,21191,30652,0.00711209708991256,NA,9.961331842220568,10.330453192090294,1,FALSE
72103,"Naguabo Municipio, Puerto Rico",24872,0.12219633231547142,0.02645545191379865,0.9735445480862014,0,0.9735445480862014,19224,25931,0.00231383286413944,NA,9.863914777416303,10.163194443157384,1,FALSE
72105,"Naranjito Municipio, Puerto Rico",26466,0.19725615303690508,0.04957303710420917,0.9504269628957908,0,0.9504269628957908,18778,27719,0.00212850391428262,NA,9.840441250818492,10.229873377617045,2,FALSE
72107,"Orocovis Municipio, Puerto Rico",19611,0.18809143611738657,0.04650451277344347,0.9534954872265564,0,0.9534954872265564,15805,20608,0.01222826086956521,NA,9.668081624649718,9.93343462890408,2,FALSE
72109,"Patillas Municipio, Puerto Rico",15987,0.10149051138726192,0.02089197472946769,0.9791080252705324,0,0.9791080252705324,17138,16591,0.007594478934362,NA,9.749053499229063,9.716615658643356,1,FALSE
72111,"Peñuelas Municipio, Puerto Rico",18787,0.16703554919051675,0.03805823175600149,0.9613030286900516,0,0.9619417682439984,17313,19797,0.00106076678284588,NA,9.759212943379076,9.893285690051531,1,FALSE
72113,"Ponce Municipio, Puerto Rico",129580,0.25436956136915156,0.0667849976848279,0.9322349127951844,0,0.933215002315172,17263,135674,0.0120951693028878,NA,9.756320761816548,11.81801022834981,2,FALSE
72115,"Quebradillas Municipio, Puerto Rico",22345,0.1277736797217699,0.02801521593197583,0.971984784068024,0,0.971984784068024,17425,23261,0.01294011435449894,NA,9.765661235628723,10.054533417409909,1,FALSE
72117,"Rincón Municipio, Puerto Rico",13372,0.13986241206586716,0.03148369727789411,0.968516302722106,0,0.968516302722106,20145,13849,0.01862950393530219,NA,9.910711397625448,9.535968306842715,1,FALSE
72119,"Río Grande Municipio, Puerto Rico",47003,0.2065086608886267,0.04729485351998808,0.9507052741314383,0.00129778950279769,0.952705146480012,23738,48828,0.01067010731547472,NA,10.07483241861645,10.79605919778969,2,FALSE
72121,"Sabana Grande Municipio, Puerto Rico",21229,0.30421597314004284,0.08978284422252579,0.909981628903858,0,0.9102171557774742,18290,22140,0.00429087624209575,NA,9.814109741384913,10.005141206262628,3,TRUE
72123,"Salinas Municipio, Puerto Rico",26466,0.1540187191986283,0.03366583541147132,0.9655406937202448,6.801178871004307e-4,0.9663341645885288,17694,27638,0.00481221506621318,NA,9.780980878043332,10.22694691636343,1,FALSE
72125,"San Germán Municipio, Puerto Rico",29554,0.19821384201919515,0.04899505989037017,0.950734249171009,1.3534546931041484e-4,0.95100494010963,16561,30811,0.00314822628282107,NA,9.714805812589493,10.33562704805848,2,FALSE
72127,"San Juan Municipio, Puerto Rico",313434,0.30154222173787065,0.07285106274367172,0.9218782901663508,0.00127299527173184,0.9271489372563284,23642,326953,0.11544472752964494,NA,10.070780070310322,12.697571708662268,3,TRUE
72129,"San Lorenzo Municipio, Puerto Rico",35172,0.15677049693321546,0.0365347435460025,0.9634652564539976,0,0.9634652564539976,19385,36586,0.01287377685453452,NA,9.87225485010503,10.507420932551245,1,FALSE
72131,"San Sebastián Municipio, Puerto Rico",34899,0.1710611378364026,0.03644803576033697,0.9616607925728532,3.4384939396544313e-4,0.963551964239663,15995,36292,0.00680590763804695,NA,9.680031452383618,10.49935261028952,2,FALSE
72133,"Santa Isabel Municipio, Puerto Rico",20563,0.15496985572642263,0.03506297719204396,0.9645966055536644,0,0.964937022807956,20000,21474,6.985191394244202e-4,NA,9.903487552536127,9.97459817999408,1,FALSE
72135,"Toa Alta Municipio, Puerto Rico",69664,0.20285827561867284,0.04850424896646761,0.9505483463481856,2.727377124483234e-4,0.9514957510335325,27626,72450,0.01108350586611456,NA,10.226512637259903,11.190651947748828,2,FALSE
72137,"Toa Baja Municipio, Puerto Rico",72930,0.2355869727324724,0.06152474976004388,0.937995337995338,0,0.938475250239956,25090,76008,0.02616829807388696,NA,10.130224639360469,11.238593876886586,2,FALSE
72139,"Trujillo Alto Municipio, Puerto Rico",62600,0.18973295875070392,0.04466453674121406,0.9545047923322684,0,0.955335463258786,32611,65011,0.02579563458491639,NA,10.39240493375324,11.082311765329091,2,FALSE
72141,"Utuado Municipio, Puerto Rico",26944,0.2170524898793943,0.05073485748218527,0.9469269596199524,0.00233818289786223,0.9492651425178148,15021,28041,0.00338789629471131,NA,9.617204500998056,10.241423003850691,2,FALSE
72143,"Vega Alta Municipio, Puerto Rico",35031,0.17898794160486725,0.03862293397276697,0.9593788358882132,0,0.961377066027233,20809,36559,0.01425093684181733,NA,9.94314086441278,10.506682672896412,2,FALSE
72145,"Vega Baja Municipio, Puerto Rico",48905,0.2045196691209373,0.05093548716900113,0.9486964523054904,0,0.9490645128309988,20126,51089,0.00587210554131026,NA,9.909767790493278,10.841324488831267,2,FALSE
72147,"Vieques Municipio, Puerto Rico",8075,0.34359035621699036,0.09040247678018576,0.9027863777089784,0,0.9095975232198142,14040,8508,0.0045839210155148,NA,9.5496656775798,9.048762176320128,3,TRUE
72149,"Villalba Municipio, Puerto Rico",20844,0.2052129341103956,0.0522932258683554,0.9477067741316446,0,0.9477067741316446,19355,21899,0.0015525823096945,NA,9.870706063011747,9.99419625266159,2,FALSE
72151,"Yabucoa Municipio, Puerto Rico",31669,0.14479899226351806,0.03293441535886829,0.9670655846411316,0,0.9670655846411316,16828,32867,0.00270788328718775,NA,9.730799444710412,10.400224393859018,1,FALSE
72153,"Yauco Municipio, Puerto Rico",33194,0.2846279269637805,0.08052660119298669,0.918931132132313,0,0.9194733988070132,14813,34501,0.00457957740355352,NA,9.603260452582052,10.448743588106623,3,TRUE
