GEOID,county_name,state_name,pct_seasonal_employment,pct_seasonal_housing,total_popE,cluster_name
01001,Autauga County,Alabama,26.071509562325197,0.8564335953661564,58239,Non-Seasonal
01003,Baldwin County,Alabama,30.727715538236726,8.473838522375434,227131,Non-Seasonal
01005,Barbour County,Alabama,27.100815506441318,6.514099597154368,25259,Non-Seasonal
01007,Bibb County,Alabama,24.44333249937453,1.9305447686674804,22412,Non-Seasonal
01009,Blount County,Alabama,23.802157371017643,1.1619847514983488,58884,Non-Seasonal
01011,Bullock County,Alabama,21.405750798722046,7.4524546660769575,10386,Non-Seasonal
01013,Butler County,Alabama,27.927204603238327,1.4834383255435888,19181,Non-Seasonal
01015,Calhoun County,Alabama,27.325389626453365,1.6267510167193855,116425,Non-Seasonal
01017,Chambers County,Alabama,22.537102948089448,6.298302196799124,34834,Non-Seasonal
01019,Cherokee County,Alabama,25.558441558441558,18.888285597936743,24975,Mixed Seasonal
01021,Chilton County,Alabama,26.961678832116785,3.0195290359148763,44857,Non-Seasonal
01023,Choctaw County,Alabama,33.521955636034406,4.220415030846887,12792,Non-Seasonal
01025,Clarke County,Alabama,30.159744408945688,9.925347811333559,23346,Non-Seasonal
01027,Clay County,Alabama,21.044776119402986,3.609644742473962,14184,Non-Seasonal
01029,Cleburne County,Alabama,22.916666666666664,2.1937573616018846,15046,Non-Seasonal
01031,Coffee County,Alabama,25.922967696130634,1.8927049385810981,53043,Non-Seasonal
01033,Colbert County,Alabama,26.899634295002034,2.3894384637765493,56789,Non-Seasonal
01035,Conecuh County,Alabama,24.919812484579325,4.312876797031999,11778,Non-Seasonal
01037,Coosa County,Alabama,29.911373707533233,13.588390501319262,10442,Non-Seasonal
01039,Covington County,Alabama,26.970344643334226,3.693563107317335,37490,Non-Seasonal
01041,Crenshaw County,Alabama,23.938297467149113,2.827017114914425,13300,Non-Seasonal
01043,Cullman County,Alabama,28.29924792188943,3.7932010602434443,87129,Non-Seasonal
01045,Dale County,Alabama,27.890291064522692,1.5796401930671347,49443,Non-Seasonal
01047,Dallas County,Alabama,23.25101465226663,2.952145821295372,39162,Non-Seasonal
01049,DeKalb County,Alabama,23.43617129834348,2.9758214507129574,71554,Non-Seasonal
01051,Elmore County,Alabama,26.73540439207284,5.822923816060398,87146,Non-Seasonal
01053,Escambia County,Alabama,36.993628569181155,1.4995201535508638,36879,Non-Seasonal
01055,Etowah County,Alabama,29.931972789115648,0.6232964989752583,103468,Non-Seasonal
01057,Fayette County,Alabama,27.027027027027028,3.1010719754977027,16365,Non-Seasonal
01059,Franklin County,Alabama,19.259830377794913,2.3043790380473794,32034,Non-Seasonal
01061,Geneva County,Alabama,27.19048087324221,3.281312525010004,26604,Non-Seasonal
01063,Greene County,Alabama,16.691285081240768,19.82337903788055,7851,Non-Seasonal
01065,Hale County,Alabama,33.19045844204249,14.618701158717325,14819,Non-Seasonal
01067,Henry County,Alabama,30.80872913992298,9.340841338191455,17165,Non-Seasonal
01069,Houston County,Alabama,30.15429338103757,1.1789946873722927,106355,Non-Seasonal
01071,Jackson County,Alabama,23.530923859955784,2.602773047920214,52548,Non-Seasonal
01073,Jefferson County,Alabama,24.563212692117006,0.4713806902963847,672550,Non-Seasonal
01075,Lamar County,Alabama,21.072944808954073,0.5349099099099099,13929,Non-Seasonal
01077,Lauderdale County,Alabama,31.37041339916739,2.9015450952209845,93342,Non-Seasonal
01079,Lawrence County,Alabama,24.33733155634533,1.64257555847569,33089,Non-Seasonal
01081,Lee County,Alabama,25.124505171753285,5.8158978751172565,172223,Non-Seasonal
01083,Limestone County,Alabama,24.466744766914967,1.5370618655429995,101217,Non-Seasonal
01085,Lowndes County,Alabama,26.73543350989685,6.165942478791641,10334,Non-Seasonal
01087,Macon County,Alabama,25.896082245068076,5.607187112763321,19490,Non-Seasonal
01089,Madison County,Alabama,22.69552359188063,0.4551439005355685,382149,Non-Seasonal
01091,Marengo County,Alabama,25.76376179079262,9.614213197969542,19397,Non-Seasonal
01093,Marion County,Alabama,21.124889282550928,2.29283136366853,29392,Non-Seasonal
01095,Marshall County,Alabama,23.56735861843922,2.9079238493520387,97179,Non-Seasonal
01097,Mobile County,Alabama,27.263090581233907,1.0514716260083161,414620,Non-Seasonal
01101,Montgomery County,Alabama,24.421867244715013,0.7199992391025214,229072,Non-Seasonal
01103,Morgan County,Alabama,27.039864291772687,0.49353878612063445,122608,Non-Seasonal
01105,Perry County,Alabama,30.95446584938704,9.19940328194928,8702,Non-Seasonal
01107,Pickens County,Alabama,21.302921884317232,6.923781185626002,19240,Non-Seasonal
01109,Pike County,Alabama,27.78031687995125,1.9363328737937087,33176,Non-Seasonal
01111,Randolph County,Alabama,26.280029119145837,12.803496277112334,21984,Non-Seasonal
01113,Russell County,Alabama,26.35685067262683,1.0139975752231898,58695,Non-Seasonal
01115,St. Clair County,Alabama,21.701912118526025,1.7927810682319194,90412,Non-Seasonal
01117,Shelby County,Alabama,25.34908797651302,1.3844936708860758,220780,Non-Seasonal
01119,Sumter County,Alabama,34.00752587017874,5.347003154574133,12482,Non-Seasonal
01121,Talladega County,Alabama,26.270620768570613,4.025854108956603,81850,Non-Seasonal
01123,Tallapoosa County,Alabama,24.349489795918366,14.940494624607354,41284,Non-Seasonal
01125,Tuscaloosa County,Alabama,26.122448979591837,9.497689371107093,223945,Non-Seasonal
01127,Walker County,Alabama,35.241011772192174,1.9107433622437113,65194,Non-Seasonal
01129,Washington County,Alabama,22.812024353120243,12.151931220325933,15574,Non-Seasonal
01131,Wilcox County,Alabama,30.245683930942896,9.48340874811463,10686,Non-Seasonal
01133,Winston County,Alabama,26.245882477951334,14.216922724145839,23650,Non-Seasonal
02013,Aleutians East Borough,Alaska,17.51173708920188,10.69182389937107,3409,Non-Seasonal
02016,Aleutians West Census Area,Alaska,23.724060572069547,14.560439560439562,5251,Non-Seasonal
02020,Anchorage Municipality,Alaska,27.097151905050197,1.633137097115751,292545,Non-Seasonal
02050,Bethel Census Area,Alaska,20.104397342613098,11.899198931909211,18514,Non-Seasonal
02063,Chugach Census Area,Alaska,30.14831717056475,15.416436845008274,7015,Mixed Seasonal
02066,Copper River Census Area,Alaska,26.23106060606061,46.59940209267563,2635,Vacation Destinations
02070,Dillingham Census Area,Alaska,27.556818181818183,28.6783042394015,4899,Mixed Seasonal
02090,Fairbanks North Star Borough,Alaska,24.407128876068818,5.264753907161185,97149,Non-Seasonal
02105,Hoonah-Angoon Census Area,Alaska,33.76623376623377,33.78457916421424,2327,Vacation Destinations
02110,Juneau City and Borough,Alaska,22.8358576529984,1.937513405304926,32240,Non-Seasonal
02122,Kenai Peninsula Borough,Alaska,32.604365507511,18.746528420662838,58711,Mixed Seasonal
02130,Ketchikan Gateway Borough,Alaska,27.19611484073704,6.185252894576478,13939,Non-Seasonal
02150,Kodiak Island Borough,Alaska,22.871186930750326,10.4,13218,Non-Seasonal
02158,Kusilvak Census Area,Alaska,25.992779783393498,11.26338329764454,8354,Non-Seasonal
02170,Matanuska-Susitna Borough,Alaska,27.690620593961913,16.504717928126883,106807,Mixed Seasonal
02180,Nome Census Area,Alaska,18.463270475654376,21.945259042033236,10070,Non-Seasonal
02185,North Slope Borough,Alaska,29.772329246935204,4.958047292143402,10865,Non-Seasonal
02188,Northwest Arctic Borough,Alaska,21.355799373040753,21.29765395894428,7776,Non-Seasonal
02195,Petersburg Borough,Alaska,41.52866242038217,16.866781017724414,3368,Agricultural/Extractive
02198,Prince of Wales-Hyder Census Area,Alaska,30.154946364719905,16.222834404652588,5886,Mixed Seasonal
02220,Sitka City and Borough,Alaska,29.632048769867193,7.023895727733527,8518,Non-Seasonal
02240,Southeast Fairbanks Census Area,Alaska,29.085342518178336,19.180005616399885,6849,Mixed Seasonal
02290,Yukon-Koyukuk Census Area,Alaska,21.286231884057973,32.06751054852321,5433,Vacation Destinations
04001,Apache County,Arizona,21.02346621430591,16.069471087969305,66473,Non-Seasonal
04003,Cochise County,Arizona,24.986203676189668,4.49890457023488,125092,Non-Seasonal
04005,Coconino County,Arizona,34.01309891045025,18.646816468456887,144942,Mixed Seasonal
04007,Gila County,Arizona,36.48343373493976,20.7290767903365,53211,Mixed Seasonal
04009,Graham County,Arizona,40.47655182880558,2.9804727646454263,38145,Agricultural/Extractive
04011,Greenlee County,Arizona,56.69158427779117,6.099226217569413,9542,Agricultural/Extractive
04012,La Paz County,Arizona,40.2099941668287,27.904616945712835,16845,Resort Economies
04013,Maricopa County,Arizona,26.23616848575143,3.85270040707862,4367186,Non-Seasonal
04015,Mohave County,Arizona,35.14636500107227,14.50129605707784,211274,Non-Seasonal
04017,Navajo County,Arizona,29.696003848813785,25.157277412475565,106609,Mixed Seasonal
04019,Pima County,Arizona,27.798583730038374,3.924733139122971,1035063,Non-Seasonal
04021,Pinal County,Arizona,28.529887940065397,9.235401204313122,420625,Non-Seasonal
04023,Santa Cruz County,Arizona,27.78880070546737,3.9031964448251864,47463,Non-Seasonal
04025,Yavapai County,Arizona,33.970022549409734,8.78558365969955,233789,Non-Seasonal
04027,Yuma County,Arizona,34.29601022951836,13.916457628967171,202944,Non-Seasonal
05001,Arkansas County,Arkansas,26.67271784232365,7.167274384685506,17273,Non-Seasonal
05003,Ashley County,Arkansas,29.708904109589042,12.518487217409676,19362,Non-Seasonal
05005,Baxter County,Arkansas,28.000536408743464,9.374586804178236,41476,Non-Seasonal
05007,Benton County,Arkansas,35.23433878124701,1.845564865645767,278774,Non-Seasonal
05009,Boone County,Arkansas,25.957607396691618,4.0263416324880135,37445,Non-Seasonal
05011,Bradley County,Arkansas,31.446540880503143,21.77107501933488,10597,Mixed Seasonal
05013,Calhoun County,Arkansas,27.813504823151124,35.82866293034427,4811,Vacation Destinations
05015,Carroll County,Arkansas,32.529296039688646,6.811772362426784,28154,Non-Seasonal
05017,Chicot County,Arkansas,29.466979550787798,15.875486381322956,10405,Mixed Seasonal
05019,Clark County,Arkansas,34.710830704521555,4.735320506430067,21569,Non-Seasonal
05021,Clay County,Arkansas,34.08833522083805,1.6985138004246285,14661,Non-Seasonal
05023,Cleburne County,Arkansas,29.224673377596915,23.131649788488655,24848,Mixed Seasonal
05025,Cleveland County,Arkansas,23.003737682636764,16.93281938325991,7632,Non-Seasonal
05027,Columbia County,Arkansas,31.186783546864465,8.036117381489841,22947,Non-Seasonal
05029,Conway County,Arkansas,25.418620227729406,2.2571961068544213,20687,Non-Seasonal
05031,Craighead County,Arkansas,27.04407569609064,1.276871556659825,109875,Non-Seasonal
05033,Crawford County,Arkansas,28.29879597018593,1.8668448357176546,60483,Non-Seasonal
05035,Crittenden County,Arkansas,30.27133695115935,1.638883686083536,48338,Non-Seasonal
05037,Cross County,Arkansas,32.1810818628869,1.1653790755532276,16935,Non-Seasonal
05039,Dallas County,Arkansas,20.706655710764174,22.882781828379137,6645,Non-Seasonal
05041,Desha County,Arkansas,28.969096485020053,4.386414063833419,11530,Non-Seasonal
05043,Drew County,Arkansas,24.31249144889862,8.850519198261289,17511,Non-Seasonal
05045,Faulkner County,Arkansas,27.52145740747023,0.16144718926278934,123191,Non-Seasonal
05047,Franklin County,Arkansas,21.58753709198813,0.8520526723470179,17159,Non-Seasonal
05049,Fulton County,Arkansas,30.657114624505926,11.022364217252397,12072,Non-Seasonal
05051,Garland County,Arkansas,35.15046439628483,9.16051040967092,99694,Non-Seasonal
05053,Grant County,Arkansas,24.644045242847636,1.0068824878919196,17912,Non-Seasonal
05055,Greene County,Arkansas,23.585785329465395,0.8233689951751626,45665,Non-Seasonal
05057,Hempstead County,Arkansas,29.17086693548387,4.014410705095214,20352,Non-Seasonal
05059,Hot Spring County,Arkansas,31.76461091378754,4.224362128347509,33096,Non-Seasonal
05061,Howard County,Arkansas,25.838621940163193,2.3666720700275574,12894,Non-Seasonal
05063,Independence County,Arkansas,26.961029228078942,4.190212817121558,37796,Non-Seasonal
05065,Izard County,Arkansas,24.586776859504134,16.55629139072848,13653,Non-Seasonal
05067,Jackson County,Arkansas,38.221235916695115,1.1470135683312352,16878,Non-Seasonal
05069,Jefferson County,Arkansas,24.453369031682286,1.471491866369134,68199,Non-Seasonal
05071,Johnson County,Arkansas,30.511074887333393,3.4013605442176873,25853,Non-Seasonal
05073,Lafayette County,Arkansas,33.153880663974874,14.45813427206437,6373,Non-Seasonal
05075,Lawrence County,Arkansas,30.80657791699295,3.183023872679045,16292,Non-Seasonal
05077,Lee County,Arkansas,42.98696167522718,2.305246422893482,8832,Agricultural/Extractive
05079,Lincoln County,Arkansas,24.96947496947497,4.1516245487364625,13092,Non-Seasonal
05081,Little River County,Arkansas,25.0815660685155,3.3831499425192972,12104,Non-Seasonal
05083,Logan County,Arkansas,29.31362669353936,2.6689845587483383,21299,Non-Seasonal
05085,Lonoke County,Arkansas,24.857522515871842,0.9211495946941783,73824,Non-Seasonal
05087,Madison County,Arkansas,28.267288267288265,5.109680809142256,16496,Non-Seasonal
05089,Marion County,Arkansas,23.87924801156905,11.61680458306811,16750,Non-Seasonal
05091,Miller County,Arkansas,25.0198376365745,0.643168236604882,42875,Non-Seasonal
05093,Mississippi County,Arkansas,27.13519952352591,0.7688311688311689,41061,Non-Seasonal
05095,Monroe County,Arkansas,30.53097345132743,9.527478171545969,6903,Non-Seasonal
05097,Montgomery County,Arkansas,34.30894308943089,16.715328467153284,8525,Mixed Seasonal
05099,Nevada County,Arkansas,35.4478801402614,6.682080924855491,8340,Non-Seasonal
05101,Newton County,Arkansas,26.59866614358572,15.613740091280325,7343,Mixed Seasonal
05103,Ouachita County,Arkansas,17.748454588682836,20.579153801218393,22858,Non-Seasonal
05105,Perry County,Arkansas,29.888191982547042,6.213317142278891,10056,Non-Seasonal
05107,Phillips County,Arkansas,32.163416898792946,5.420626539950722,16923,Non-Seasonal
05109,Pike County,Arkansas,29.995374653098985,11.786786786786786,10234,Non-Seasonal
05111,Poinsett County,Arkansas,29.170277296360485,1.5836452634609848,23212,Non-Seasonal
05113,Polk County,Arkansas,32.590452606961065,3.795635536249871,19476,Non-Seasonal
05115,Pope County,Arkansas,27.957070516211928,0.8578568498004551,63234,Non-Seasonal
05117,Prairie County,Arkansas,25.40983606557377,5.806919912896201,8306,Non-Seasonal
05119,Pulaski County,Arkansas,24.52695160833783,0.8659541081306698,397931,Non-Seasonal
05121,Randolph County,Arkansas,26.473599531958463,3.6980867942137188,18442,Non-Seasonal
05123,St. Francis County,Arkansas,29.853387259858444,2.1968997022892927,23623,Non-Seasonal
05125,Saline County,Arkansas,23.18664798934026,1.4118242716934102,122308,Non-Seasonal
05127,Scott County,Arkansas,21.66222437606009,0.7554103715802368,9928,Non-Seasonal
05129,Searcy County,Arkansas,26.373626373626376,11.32754605123862,7872,Non-Seasonal
05131,Sebastian County,Arkansas,26.93103690192227,0.4940711462450593,127941,Non-Seasonal
05133,Sevier County,Arkansas,25.855161787365176,1.5064244572441292,16074,Non-Seasonal
05135,Sharp County,Arkansas,29.427654904609152,16.77493713327745,17243,Mixed Seasonal
05137,Stone County,Arkansas,38.75658059664076,16.548881036513546,12364,Mixed Seasonal
05139,Union County,Arkansas,26.356185768180048,5.942808456254327,39262,Non-Seasonal
05141,Van Buren County,Arkansas,29.930606281957633,15.917238553723239,15851,Mixed Seasonal
05143,Washington County,Arkansas,27.40635290889133,0.8139793872881527,242793,Non-Seasonal
05145,White County,Arkansas,30.269790444789653,2.601728483975513,77075,Non-Seasonal
05147,Woodruff County,Arkansas,27.132656895903796,7.532389273877674,6333,Non-Seasonal
05149,Yell County,Arkansas,31.01851851851852,4.002575383624853,20489,Non-Seasonal
06001,Alameda County,California,21.466333798369924,0.6362582955862215,1673133,Non-Seasonal
06003,Alpine County,California,39.494163424124515,66.29766297662977,1344,Resort Economies
06005,Amador County,California,33.21645313553608,12.04832157365833,40095,Non-Seasonal
06007,Butte County,California,32.56773749771611,2.0453039022799246,217884,Non-Seasonal
06009,Calaveras County,California,29.248794776347104,31.001601397583343,45349,Vacation Destinations
06011,Colusa County,California,44.47424892703863,1.6573902288188003,21780,Agricultural/Extractive
06013,Contra Costa County,California,23.81453058157012,0.37555876830018114,1161643,Non-Seasonal
06015,Del Norte County,California,32.88958496476116,3.6689804381141258,27655,Non-Seasonal
06017,El Dorado County,California,29.040974114839813,16.193722513145303,190568,Mixed Seasonal
06019,Fresno County,California,32.29677176134447,1.6460183828664314,1003150,Non-Seasonal
06021,Glenn County,California,45.62246963562753,1.9742883379247016,28675,Agricultural/Extractive
06023,Humboldt County,California,35.41706382904975,4.82965061074722,137014,Non-Seasonal
06025,Imperial County,California,33.941382861731284,3.9356592979730207,180051,Non-Seasonal
06027,Inyo County,California,29.19475425910038,8.23728455112615,18804,Non-Seasonal
06029,Kern County,California,37.384091912624136,2.4025215970114404,905644,Non-Seasonal
06031,Kings County,California,34.15929521109576,0.13652616751544047,151887,Non-Seasonal
06033,Lake County,California,32.947505705901534,14.051706549301931,67749,Non-Seasonal
06035,Lassen County,California,25.138024198284974,13.696732665200031,32949,Non-Seasonal
06037,Los Angeles County,California,26.65631446025977,0.8824463835793048,10019635,Non-Seasonal
06039,Madera County,California,34.84342121549697,5.109872354176765,156304,Non-Seasonal
06041,Marin County,California,24.755585773568097,2.39222013085955,262387,Non-Seasonal
06043,Mariposa County,California,45.3200527318002,12.866151342554923,17225,Agricultural/Extractive
06045,Mendocino County,California,37.275071100124926,11.796201182285106,91534,Non-Seasonal
06047,Merced County,California,33.21129908667,0.6407966162250626,279150,Non-Seasonal
06049,Modoc County,California,42.8811282740094,12.414223331253899,8723,Agricultural/Extractive
06051,Mono County,California,43.23017408123791,51.30728554641598,13291,Resort Economies
06053,Monterey County,California,39.71826857139866,4.334912714718995,438953,Non-Seasonal
06055,Napa County,California,32.841188718531136,6.916639613317462,138795,Non-Seasonal
06057,Nevada County,California,30.598379932061665,18.966356049549045,102090,Mixed Seasonal
06059,Orange County,California,25.845176882007408,1.507996858488455,3182923,Non-Seasonal
06061,Placer County,California,24.169733637664223,8.703412320048848,400330,Non-Seasonal
06063,Plumas County,California,29.72648432288192,40.51355206847361,19631,Vacation Destinations
06065,Riverside County,California,29.515605458872233,7.41178908724872,2409331,Non-Seasonal
06067,Sacramento County,California,25.860087735239762,0.4814526819877436,1571767,Non-Seasonal
06069,San Benito County,California,28.56282617422722,1.3927157958018137,63329,Non-Seasonal
06071,San Bernardino County,California,26.93856085492569,5.453879238177841,2171071,Non-Seasonal
06073,San Diego County,California,25.4295982754903,2.0278926304811753,3296317,Non-Seasonal
06075,San Francisco County,California,22.41238028236573,2.001630757066614,865933,Non-Seasonal
06077,San Joaquin County,California,29.188473361957268,0.7071777943763101,771406,Non-Seasonal
06079,San Luis Obispo County,California,31.26488499282417,7.987287963391935,282771,Non-Seasonal
06081,San Mateo County,California,22.56491439215559,1.258449233818169,762488,Non-Seasonal
06083,Santa Barbara County,California,33.75872921014203,2.288842841663023,447651,Non-Seasonal
06085,Santa Clara County,California,19.617189694354366,0.5353250135330866,1932022,Non-Seasonal
06087,Santa Cruz County,California,29.768202147705857,4.3502026199227215,272138,Non-Seasonal
06089,Shasta County,California,30.10343098049316,3.333752673292238,181935,Non-Seasonal
06093,Siskiyou County,California,33.71200299606766,11.479536478451456,44151,Non-Seasonal
06095,Solano County,California,25.38470328330921,0.6353003886178963,451432,Non-Seasonal
06097,Sonoma County,California,29.37234910277325,3.9505498791045937,492498,Non-Seasonal
06099,Stanislaus County,California,29.692288077097245,0.20207441157464706,550842,Non-Seasonal
06101,Sutter County,California,33.687202409872704,0.4933542283359452,99080,Non-Seasonal
06103,Tehama County,California,33.844194100553324,4.399020002194025,65345,Non-Seasonal
06107,Tulare County,California,39.00214651329187,2.067943867235201,470999,Non-Seasonal
06109,Tuolumne County,California,31.32553417770473,21.195046636742752,55243,Mixed Seasonal
06111,Ventura County,California,29.324609204088937,2.0902060091711725,845255,Non-Seasonal
06113,Yolo County,California,26.96958999445257,0.5445761967501098,216703,Non-Seasonal
06115,Yuba County,California,28.58208259532022,2.58301317233809,80404,Non-Seasonal
08001,Adams County,Colorado,27.247462177775766,0.18174694730426832,514969,Non-Seasonal
08003,Alamosa County,Colorado,34.391976598412036,1.2269938650306749,16377,Non-Seasonal
08005,Arapahoe County,Colorado,24.624618555867674,0.41844876991488333,651621,Non-Seasonal
08007,Archuleta County,Colorado,40.649707803368855,28.586553732133403,13267,Resort Economies
08009,Baca County,Colorado,38.535249828884325,1.5523284927391086,3519,Non-Seasonal
08011,Bent County,Colorado,37.340966921119595,0.5113900511390052,5861,Non-Seasonal
08013,Boulder County,Colorado,24.654083729770267,1.4996195316650156,328713,Non-Seasonal
08014,Broomfield County,Colorado,22.834375383106533,0.7982464749566527,72697,Non-Seasonal
08015,Chaffee County,Colorado,34.260301733843725,16.845612736023696,19436,Mixed Seasonal
08017,Cheyenne County,Colorado,39.79848866498741,4.338624338624339,1691,Non-Seasonal
08019,Clear Creek County,Colorado,32.53709735794426,16.980799718161,9427,Mixed Seasonal
08021,Conejos County,Colorado,32.4269889224572,13.252415159772108,7579,Non-Seasonal
08023,Costilla County,Colorado,35.95413595413595,19.366930445647647,3517,Mixed Seasonal
08025,Crowley County,Colorado,28.639334521687466,0.46022353714661407,6018,Non-Seasonal
08029,Delta County,Colorado,38.4280222127296,6.688373355040021,31133,Non-Seasonal
08031,Denver County,Colorado,23.628559100535135,0.8414619954584923,706799,Non-Seasonal
08033,Dolores County,Colorado,26.654578422484132,19.17808219178082,2288,Mixed Seasonal
08035,Douglas County,Colorado,22.927949326999208,0.7123506817890265,351929,Non-Seasonal
08037,Eagle County,Colorado,41.20851596743895,32.74355278893625,55693,Resort Economies
08039,Elbert County,Colorado,24.588706091596265,0.48810883788555404,25897,Non-Seasonal
08041,El Paso County,Colorado,24.459078080903105,0.7616503246089537,722736,Non-Seasonal
08043,Fremont County,Colorado,28.39514319651577,8.609238699444886,49007,Non-Seasonal
08045,Garfield County,Colorado,31.733952049497294,4.063618952452328,61221,Non-Seasonal
08049,Grand County,Colorado,40.909090909090914,57.92297028509433,15629,Resort Economies
08051,Gunnison County,Colorado,42.2303282959875,30.468099283691487,16851,Resort Economies
08055,Huerfano County,Colorado,37.36819907212146,31.705770450221944,6787,Resort Economies
08059,Jefferson County,Colorado,25.428285746028216,0.7044711191189241,580130,Non-Seasonal
08061,Kiowa County,Colorado,41.43070044709389,1.680672268907563,1414,Agricultural/Extractive
08063,Kit Carson County,Colorado,39.97591812161348,0.7878611030055441,7071,Non-Seasonal
08067,La Plata County,Colorado,34.02410142100864,10.506856199296431,55673,Non-Seasonal
08069,Larimer County,Colorado,26.810657772677793,3.867205024674742,354670,Non-Seasonal
08071,Las Animas County,Colorado,37.282533054975644,9.674636430860241,14531,Non-Seasonal
08073,Lincoln County,Colorado,34.7075208913649,1.170643854119766,5630,Non-Seasonal
08075,Logan County,Colorado,33.27090551549771,1.9761029411764706,21765,Non-Seasonal
08077,Mesa County,Colorado,31.104105366400447,2.092841700696613,154685,Non-Seasonal
08081,Moffat County,Colorado,37.755610972568576,4.941717287801675,13240,Non-Seasonal
08083,Montezuma County,Colorado,33.40099649381805,5.330822142155258,25916,Non-Seasonal
08085,Montrose County,Colorado,33.04884092285667,2.387014640356461,42328,Non-Seasonal
08087,Morgan County,Colorado,32.97488286350718,2.710475858462611,28868,Non-Seasonal
08089,Otero County,Colorado,29.197601370645344,1.372055796935742,18665,Non-Seasonal
08091,Ouray County,Colorado,31.574158325750684,24.0025332488917,4850,Mixed Seasonal
08095,Phillips County,Colorado,38.26972010178117,3.443187407771766,4497,Non-Seasonal
08097,Pitkin County,Colorado,32.153231663035584,34.91441067792776,17471,Vacation Destinations
08099,Prowers County,Colorado,38.92498523331365,1.5432098765432098,11966,Non-Seasonal
08101,Pueblo County,Colorado,28.708713908488807,1.4828532044945073,167453,Non-Seasonal
08103,Rio Blanco County,Colorado,38.466997870830376,10.161733292645712,6495,Non-Seasonal
08105,Rio Grande County,Colorado,34.728649558266724,21.429662440812585,11476,Mixed Seasonal
08107,Routt County,Colorado,36.74130606955144,28.444094106233326,24899,Resort Economies
08109,Saguache County,Colorado,39.41829314963643,9.79702300405954,6369,Non-Seasonal
08113,San Miguel County,Colorado,37.52072968490879,38.6894760959218,8084,Resort Economies
08115,Sedgwick County,Colorado,38.283510125361616,8.367854183927093,2459,Non-Seasonal
08117,Summit County,Colorado,43.520237653174895,56.56147777563979,31042,Resort Economies
08119,Teller County,Colorado,34.70375913372656,17.444050938135785,24607,Mixed Seasonal
08121,Washington County,Colorado,32.323232323232325,1.355487538259729,4834,Non-Seasonal
08123,Weld County,Colorado,29.65737489162368,0.37115680080100816,322424,Non-Seasonal
08125,Yuma County,Colorado,46.06568216883403,4.036186499652053,9944,Agricultural/Extractive
09001,Fairfield County,Connecticut,23.148309873085285,1.282177023663416,956446,Non-Seasonal
09003,Hartford County,Connecticut,22.83483502381204,0.5915111770369792,898636,Non-Seasonal
09005,Litchfield County,Connecticut,24.950929697558095,7.003194159251653,185175,Non-Seasonal
09007,Middlesex County,Connecticut,22.720502488194068,5.58417554760313,164568,Non-Seasonal
09009,New Haven County,Connecticut,23.10040073495593,1.3267520069429377,864751,Non-Seasonal
09011,New London County,Connecticut,27.270239486413324,3.895193373768995,269131,Non-Seasonal
09013,Tolland County,Connecticut,21.76030706108133,1.197269039216333,150120,Non-Seasonal
09015,Windham County,Connecticut,27.315940150164746,1.4772658473088334,116503,Non-Seasonal
10001,Kent County,Delaware,27.394813035175257,0.9319909709047098,180078,Non-Seasonal
10003,New Castle County,Delaware,22.860773488595818,0.16540174533300023,567769,Non-Seasonal
10005,Sussex County,Delaware,29.678233691296686,26.394326765247172,234045,Mixed Seasonal
11001,District of Columbia,District of Columbia,22.207517775609546,0.9337624090198835,683154,Non-Seasonal
12001,Alachua County,Florida,27.02422252508983,0.6705955742333706,276171,Non-Seasonal
12003,Baker County,Florida,25.949936971006665,1.6680311092918545,28003,Non-Seasonal
12005,Bay County,Florida,31.01606182556359,19.600905883382094,181384,Mixed Seasonal
12007,Bradford County,Florida,24.971515381693884,4.231377290058588,27928,Non-Seasonal
12009,Brevard County,Florida,27.412349863399914,7.701302282397372,601573,Non-Seasonal
12011,Broward County,Florida,27.965792867248968,8.090740556630974,1934551,Non-Seasonal
12013,Calhoun County,Florida,29.08808520079876,2.9102384291725105,13863,Non-Seasonal
12015,Charlotte County,Florida,33.14562537605875,16.603936797739884,184837,Mixed Seasonal
12017,Citrus County,Florida,35.43727989267148,10.469919481128004,151888,Non-Seasonal
12019,Clay County,Florida,28.29179367640906,1.2203091766774796,216308,Non-Seasonal
12021,Collier County,Florida,32.88383741090349,25.54766252171325,372797,Mixed Seasonal
12023,Columbia County,Florida,32.99601349279362,2.993486551247005,69265,Non-Seasonal
12027,DeSoto County,Florida,38.9137218520705,11.777648353070601,34027,Non-Seasonal
12029,Dixie County,Florida,32.222849614153965,21.373963605039304,16701,Mixed Seasonal
12031,Duval County,Florida,26.6708597737798,1.215148022677796,983153,Non-Seasonal
12033,Escambia County,Florida,28.79512591837016,4.873598805788608,318828,Non-Seasonal
12035,Flagler County,Florida,29.59358900973097,12.501374784617076,113888,Non-Seasonal
12037,Franklin County,Florida,32.73936802090758,30.507462686567166,12232,Vacation Destinations
12039,Gadsden County,Florida,24.05147014611268,4.431022502538886,44233,Non-Seasonal
12041,Gilchrist County,Florida,32.17104319127565,3.82404064714534,17759,Non-Seasonal
12043,Glades County,Florida,35.58146864166404,21.21675328645674,12183,Mixed Seasonal
12045,Gulf County,Florida,28.445402862183883,17.79603782080144,15205,Mixed Seasonal
12047,Hamilton County,Florida,46.4064602960969,6.3977252532432916,13973,Agricultural/Extractive
12049,Hardee County,Florida,36.91804757073611,9.411764705882353,25632,Non-Seasonal
12051,Hendry County,Florida,40.28413760713867,4.115639429833367,39439,Agricultural/Extractive
12053,Hernando County,Florida,30.23620768960199,5.489025341791906,192128,Non-Seasonal
12055,Highlands County,Florida,33.8885903636038,14.44428906058805,101174,Non-Seasonal
12057,Hillsborough County,Florida,25.9926688687433,1.6643701927191987,1444359,Non-Seasonal
12059,Holmes County,Florida,32.233328768999044,5.405718254427596,19622,Non-Seasonal
12061,Indian River County,Florida,34.60241434924979,11.930228332626735,158002,Non-Seasonal
12063,Jackson County,Florida,28.46186882630836,3.9307627076370535,48067,Non-Seasonal
12065,Jefferson County,Florida,33.78987517337032,2.7973074046372477,14405,Non-Seasonal
12067,Lafayette County,Florida,43.049180327868854,12.360540223135642,8343,Agricultural/Extractive
12069,Lake County,Florida,33.670873062787535,7.278444562187565,375059,Non-Seasonal
12071,Lee County,Florida,31.93006489735108,20.529496220495858,752251,Mixed Seasonal
12073,Leon County,Florida,26.879670894754888,1.108022779800299,290965,Non-Seasonal
12075,Levy County,Florida,35.92245075498664,9.81535939835125,42392,Non-Seasonal
12077,Liberty County,Florida,28.297455968688844,14.838709677419354,7987,Non-Seasonal
12079,Madison County,Florida,28.023549201009253,6.243259436788496,18051,Non-Seasonal
12081,Manatee County,Florida,30.52047247882987,14.002463661000247,394824,Non-Seasonal
12083,Marion County,Florida,31.69036053300058,5.925828841047149,370372,Non-Seasonal
12085,Martin County,Florida,30.139643731428308,9.194636667530128,158323,Non-Seasonal
12086,Miami-Dade County,Florida,27.779458588359105,5.656010238584176,2690113,Non-Seasonal
12087,Monroe County,Florida,37.79859377504982,24.28723067468668,82244,Mixed Seasonal
12089,Nassau County,Florida,25.195143104943625,10.22629759482188,88492,Non-Seasonal
12091,Okaloosa County,Florida,28.03643036770203,8.923217896236094,209230,Non-Seasonal
12093,Okeechobee County,Florida,32.587641522302555,10.966693744922827,39716,Non-Seasonal
12095,Orange County,Florida,33.713575496513975,3.394665988599087,1409949,Non-Seasonal
12097,Osceola County,Florida,39.81474678858641,20.042240331546754,380331,Mixed Seasonal
12099,Palm Beach County,Florida,29.76901231420491,11.099381541862943,1481233,Non-Seasonal
12101,Pasco County,Florida,28.726141275539447,8.019394130516192,551598,Non-Seasonal
12103,Pinellas County,Florida,27.945930905332713,9.812771778201785,957989,Non-Seasonal
12105,Polk County,Florida,34.163678534771194,12.02795901142173,713148,Non-Seasonal
12107,Putnam County,Florida,29.617770662397437,11.349735698668807,73147,Non-Seasonal
12109,St. Johns County,Florida,27.64415944083611,10.3515185114603,265724,Non-Seasonal
12111,St. Lucie County,Florida,31.448681705417414,10.035803035385447,324599,Non-Seasonal
12113,Santa Rosa County,Florida,25.76188289037576,3.8475920831218784,184345,Non-Seasonal
12115,Sarasota County,Florida,32.486760435054954,15.279169907544766,429336,Mixed Seasonal
12117,Seminole County,Florida,26.222110384163734,0.9614736022830459,467382,Non-Seasonal
12119,Sumter County,Florida,35.646409686566024,9.132679261601664,127335,Non-Seasonal
12121,Suwannee County,Florida,36.46770737679829,5.4999735323699115,43514,Non-Seasonal
12123,Taylor County,Florida,31.899313501144167,21.104892579888066,21762,Mixed Seasonal
12125,Union County,Florida,22.44947064485082,2.71483539974348,16141,Non-Seasonal
12127,Volusia County,Florida,30.42829972084906,8.667095657576498,548783,Non-Seasonal
12129,Wakulla County,Florida,23.870523415977964,10.290315431779568,33144,Non-Seasonal
12131,Walton County,Florida,28.493608592033183,29.050533755966047,73456,Mixed Seasonal
12133,Washington County,Florida,27.52336448598131,5.03690036900369,24906,Non-Seasonal
13001,Appling County,Georgia,31.835616438356162,2.3080546396608574,18509,Non-Seasonal
13003,Atkinson County,Georgia,25.30085118872909,0.4316546762589928,8269,Non-Seasonal
13005,Bacon County,Georgia,26.29823725583611,0.8536331459504476,11163,Non-Seasonal
13007,Baker County,Georgia,31.199068684516877,4.506858262573481,2928,Non-Seasonal
13009,Baldwin County,Georgia,26.650859513930055,4.929577464788732,43876,Non-Seasonal
13011,Banks County,Georgia,29.380191693290737,1.1883377089954401,18061,Non-Seasonal
13013,Barrow County,Georgia,26.432635643161962,0.4944124619031493,82138,Non-Seasonal
13015,Bartow County,Georgia,26.13108165709298,0.5721642111285938,107868,Non-Seasonal
13017,Ben Hill County,Georgia,28.209016958499934,2.2710441866205877,17237,Non-Seasonal
13019,Berrien County,Georgia,26.330690826727064,2.5736203909923283,18195,Non-Seasonal
13021,Bibb County,Georgia,27.42019144622059,0.5298013245033113,156711,Non-Seasonal
13023,Bleckley County,Georgia,22.413793103448278,0.4037685060565276,12562,Non-Seasonal
13025,Brantley County,Georgia,28.102073365231263,2.7419156522808312,18072,Non-Seasonal
13027,Brooks County,Georgia,33.369313801079414,2.9415770121203866,16254,Non-Seasonal
13029,Bryan County,Georgia,23.55514055435424,0.6692693809258227,43278,Non-Seasonal
13031,Bulloch County,Georgia,31.690534301761403,1.6610377648142463,79635,Non-Seasonal
13033,Burke County,Georgia,26.076368595363338,4.681238615664845,24231,Non-Seasonal
13035,Butts County,Georgia,27.239915074309977,2.045358202628232,24950,Non-Seasonal
13037,Calhoun County,Georgia,35.46302943287868,4.211035818005808,5668,Non-Seasonal
13039,Camden County,Georgia,26.298183515500405,1.7818068146295718,54256,Non-Seasonal
13043,Candler County,Georgia,36.69597408607127,3.1708369283865405,10885,Non-Seasonal
13045,Carroll County,Georgia,22.637563717161154,0.3921056071101817,118402,Non-Seasonal
13047,Catoosa County,Georgia,28.159728762478807,0.7120253164556962,67579,Non-Seasonal
13049,Charlton County,Georgia,22.488755622188904,2.8275415497517806,12416,Non-Seasonal
13051,Chatham County,Georgia,28.174287023654248,2.610067402839524,294815,Non-Seasonal
13053,Chattahoochee County,Georgia,7.9809814909152665,0.797057020232986,9533,Non-Seasonal
13055,Chattooga County,Georgia,22.42410813206293,2.3410138248847927,24898,Non-Seasonal
13057,Cherokee County,Georgia,25.303754624800185,0.5882293179994108,262155,Non-Seasonal
13059,Clarke County,Georgia,30.166434369107158,0.6680220737728725,128195,Non-Seasonal
13063,Clayton County,Georgia,26.225802319360405,0.4549001525201291,294335,Non-Seasonal
13065,Clinch County,Georgia,33.11316600616468,2.186154355746936,6737,Non-Seasonal
13067,Cobb County,Georgia,24.9667199991886,0.4147712068504148,762500,Non-Seasonal
13069,Coffee County,Georgia,30.80686003683241,0.7918617420958327,43048,Non-Seasonal
13071,Colquitt County,Georgia,35.69560809007951,0.48847103314249696,45800,Non-Seasonal
13073,Columbia County,Georgia,21.649988458770654,1.6048680422678459,154274,Non-Seasonal
13075,Cook County,Georgia,29.839346852778508,1.2954796030871003,17188,Non-Seasonal
13077,Coweta County,Georgia,24.878377052168183,0.1768646717284502,144928,Non-Seasonal
13079,Crawford County,Georgia,27.195587611370385,1.8346852066434918,12159,Non-Seasonal
13081,Crisp County,Georgia,32.59620189905048,8.7213970293055,20524,Non-Seasonal
13083,Dade County,Georgia,22.321815816105246,5.562338895672228,16313,Non-Seasonal
13085,Dawson County,Georgia,25.053686471009307,10.55323501832751,26202,Non-Seasonal
13087,Decatur County,Georgia,29.044574675901263,2.9810298102981028,29020,Non-Seasonal
13089,DeKalb County,Georgia,23.735146554000526,0.5534027459670929,758634,Non-Seasonal
13091,Dodge County,Georgia,23.888814287632602,3.1278855032317634,20089,Non-Seasonal
13093,Dooly County,Georgia,28.265851795263558,3.125634260198904,11546,Non-Seasonal
13095,Dougherty County,Georgia,28.222228751065014,1.1751662971175165,86825,Non-Seasonal
13097,Douglas County,Georgia,24.683422158222115,0.1584254375337819,143520,Non-Seasonal
13099,Early County,Georgia,25.424151696606785,1.3978930307941653,10813,Non-Seasonal
13103,Effingham County,Georgia,22.865032327586206,0.6315877530533712,63448,Non-Seasonal
13105,Elbert County,Georgia,26.489335621475853,4.080534022394487,19453,Non-Seasonal
13107,Emanuel County,Georgia,25.729860690490614,3.0525153127824076,22739,Non-Seasonal
13109,Evans County,Georgia,35.52477107302184,1.0342598577892694,10761,Non-Seasonal
13111,Fannin County,Georgia,29.947406414354955,23.3664610463788,25198,Mixed Seasonal
13113,Fayette County,Georgia,23.504265595795474,0.6443097161010314,117828,Non-Seasonal
13115,Floyd County,Georgia,23.919019050123097,0.7511737089201878,98210,Non-Seasonal
13117,Forsyth County,Georgia,22.89775258149423,0.7567264573991032,245754,Non-Seasonal
13119,Franklin County,Georgia,29.835519466999795,5.330309044513751,23256,Non-Seasonal
13121,Fulton County,Georgia,22.1344658685212,1.2209569252463641,1054286,Non-Seasonal
13123,Gilmer County,Georgia,23.809144495778238,20.405843233104076,31047,Non-Seasonal
13127,Glynn County,Georgia,31.934200053064473,9.8857237889335,84373,Non-Seasonal
13129,Gordon County,Georgia,23.552533312369796,0.80370942812983,57274,Non-Seasonal
13131,Grady County,Georgia,29.70418674983461,3.275967502402376,26076,Non-Seasonal
13133,Greene County,Georgia,31.17210474723428,18.80673125956145,18461,Mixed Seasonal
13135,Gwinnett County,Georgia,26.52554288050834,0.11701352088170608,948505,Non-Seasonal
13137,Habersham County,Georgia,24.14037934881834,6.269489578204497,45767,Non-Seasonal
13139,Hall County,Georgia,26.22903142041028,1.5198490705436891,201703,Non-Seasonal
13143,Haralson County,Georgia,21.753127972488475,0.5618892508143323,29685,Non-Seasonal
13145,Harris County,Georgia,23.350711205509427,3.9430836754920007,34316,Non-Seasonal
13147,Hart County,Georgia,28.331862312444837,9.619896762083528,25808,Non-Seasonal
13149,Heard County,Georgia,24.903431038400363,3.5662148070907196,11440,Non-Seasonal
13151,Henry County,Georgia,23.861584308143932,0.1431538434460181,236615,Non-Seasonal
13153,Houston County,Georgia,26.072206782270584,0.9745549786054728,161177,Non-Seasonal
13155,Irwin County,Georgia,26.331288343558285,1.4730741366819609,9615,Non-Seasonal
13157,Jackson County,Georgia,26.461788712347868,0.48642075395216866,73839,Non-Seasonal
13159,Jasper County,Georgia,25.927221833449966,7.362549800796812,14478,Non-Seasonal
13161,Jeff Davis County,Georgia,27.502671891699322,1.978643216080402,14753,Non-Seasonal
13163,Jefferson County,Georgia,21.587766390108996,3.3063616071428568,15708,Non-Seasonal
13165,Jenkins County,Georgia,27.991387265456787,4.737693552114629,8693,Non-Seasonal
13167,Johnson County,Georgia,24.330975084589358,1.6102165463631315,9272,Non-Seasonal
13169,Jones County,Georgia,19.71955128205128,0.6381510865815798,28297,Non-Seasonal
13171,Lamar County,Georgia,26.68986748761879,1.7760106030483762,18482,Non-Seasonal
13173,Lanier County,Georgia,23.282855597620337,0.12168410805548796,9874,Non-Seasonal
13175,Laurens County,Georgia,30.984933783711327,2.604523646333105,49202,Non-Seasonal
13177,Lee County,Georgia,25.897298023927945,1.6472478907191643,32547,Non-Seasonal
13179,Liberty County,Georgia,22.79474130619169,2.1533258173618943,64334,Non-Seasonal
13181,Lincoln County,Georgia,21.461949265687583,26.507112214946943,7686,Non-Seasonal
13183,Long County,Georgia,28.28297715549005,1.1556982343499198,16398,Non-Seasonal
13185,Lowndes County,Georgia,30.161356248905154,0.9144444905237837,117437,Non-Seasonal
13187,Lumpkin County,Georgia,36.49120495421306,6.142900856793146,33188,Non-Seasonal
13189,McDuffie County,Georgia,27.594682158418056,7.444882309085099,21727,Non-Seasonal
13191,McIntosh County,Georgia,27.460148777895853,20.758540822235087,11291,Mixed Seasonal
13193,Macon County,Georgia,29.609218436873746,2.2366660294398777,12330,Non-Seasonal
13195,Madison County,Georgia,25.27489427143406,1.5066688621768485,29906,Non-Seasonal
13197,Marion County,Georgia,27.78537252221463,2.4049217002237135,7563,Non-Seasonal
13199,Meriwether County,Georgia,21.195720578980488,2.012220817530552,20659,Non-Seasonal
13205,Mitchell County,Georgia,24.066496163682867,1.7371099800840895,21940,Non-Seasonal
13207,Monroe County,Georgia,29.31188561215371,0.588768115942029,27825,Non-Seasonal
13209,Montgomery County,Georgia,26.75061425061425,6.795858773559862,8701,Non-Seasonal
13211,Morgan County,Georgia,24.035184167124793,3.518136600752153,19694,Non-Seasonal
13213,Murray County,Georgia,22.75528422507631,0.09369144284821987,39853,Non-Seasonal
13215,Muscogee County,Georgia,26.04966191520468,0.6904398068107035,204366,Non-Seasonal
13217,Newton County,Georgia,25.260781566246305,0.41489748877835736,111262,Non-Seasonal
13219,Oconee County,Georgia,22.658594902579235,0.3250270855904659,41006,Non-Seasonal
13221,Oglethorpe County,Georgia,22.85754824063564,4.716981132075472,14779,Non-Seasonal
13223,Paulding County,Georgia,26.85010307496698,0.27987637362637363,165688,Non-Seasonal
13225,Peach County,Georgia,28.908554572271388,1.2231903485254692,27822,Non-Seasonal
13227,Pickens County,Georgia,26.599459708769853,6.542816462133026,32814,Non-Seasonal
13229,Pierce County,Georgia,24.168405548054498,1.443001443001443,19644,Non-Seasonal
13231,Pike County,Georgia,20.267965895249695,0.5420054200542005,18754,Non-Seasonal
13233,Polk County,Georgia,22.92343907633673,1.0635206601964315,42692,Non-Seasonal
13235,Pulaski County,Georgia,32.28813559322034,2.26537216828479,10001,Non-Seasonal
13237,Putnam County,Georgia,36.07909604519774,19.20921305182342,21870,Mixed Seasonal
13239,Quitman County,Georgia,22.544283413848632,23.312535450935904,2249,Non-Seasonal
13241,Rabun County,Georgia,31.532258064516128,34.3063872255489,16731,Vacation Destinations
13243,Randolph County,Georgia,26.84117125110914,4.151838671411625,6503,Non-Seasonal
13245,Richmond County,Georgia,26.625804881286925,1.6379479787721942,205772,Non-Seasonal
13247,Rockdale County,Georgia,23.81692532102633,1.2561955221329686,92983,Non-Seasonal
13249,Schley County,Georgia,26.803607214428858,2.627589691763517,4622,Non-Seasonal
13251,Screven County,Georgia,27.46957766642806,8.42911877394636,14028,Non-Seasonal
13253,Seminole County,Georgia,29.58483164432821,10.757605885862,9108,Non-Seasonal
13255,Spalding County,Georgia,26.233305584711715,0.14468639224480936,66722,Non-Seasonal
13257,Stephens County,Georgia,29.346204475647212,4.5619995146809025,26641,Non-Seasonal
13261,Sumter County,Georgia,22.80252602833248,5.635261056056796,29690,Non-Seasonal
13263,Talbot County,Georgia,18.905047048759624,4.495472186287193,5837,Non-Seasonal
13267,Tattnall County,Georgia,32.31208136938724,4.320460849157244,23211,Non-Seasonal
13269,Taylor County,Georgia,20.951704545454543,5.926860025220681,7857,Non-Seasonal
13271,Telfair County,Georgia,26.500411071526447,5.576806925709684,12860,Non-Seasonal
13273,Terrell County,Georgia,34.645669291338585,2.1226415094339623,9102,Non-Seasonal
13275,Thomas County,Georgia,30.002398656752217,2.7000870995838575,45669,Non-Seasonal
13277,Tift County,Georgia,33.164657721173526,0.8527176750391554,41148,Non-Seasonal
13279,Toombs County,Georgia,31.628135759960653,3.6470881448865997,26956,Non-Seasonal
13283,Treutlen County,Georgia,19.77507029053421,6.666666666666667,6410,Non-Seasonal
13285,Troup County,Georgia,25.753071739992073,1.199651264167393,69483,Non-Seasonal
13287,Turner County,Georgia,33.31435079726651,4.9079754601226995,8856,Non-Seasonal
13289,Twiggs County,Georgia,35.458452722063036,3.630526055816251,8034,Non-Seasonal
13291,Union County,Georgia,31.17195555046397,22.652767299910842,24183,Mixed Seasonal
13293,Upson County,Georgia,16.856617647058826,1.4227642276422763,27424,Non-Seasonal
13295,Walker County,Georgia,24.900003361231555,1.332741003998223,67772,Non-Seasonal
13297,Walton County,Georgia,25.263253863335915,0.5820921075158364,95453,Non-Seasonal
13299,Ware County,Georgia,25.973510984217622,1.0551438261524932,36084,Non-Seasonal
13301,Warren County,Georgia,22.015915119363395,18.97895557287607,5218,Non-Seasonal
13303,Washington County,Georgia,27.229051858131974,4.732080723729993,20052,Non-Seasonal
13305,Wayne County,Georgia,29.21700636355252,1.6747181964573268,30118,Non-Seasonal
13309,Wheeler County,Georgia,22.725700449671393,10.724519033974621,7568,Non-Seasonal
13311,White County,Georgia,32.47638603696099,16.021419784354872,27886,Mixed Seasonal
13313,Whitfield County,Georgia,22.746818398992314,0.2747393827350691,103076,Non-Seasonal
13315,Wilcox County,Georgia,26.159065209197134,8.047646717024985,8841,Non-Seasonal
13317,Wilkes County,Georgia,28.74875868917577,9.310878823073946,9643,Non-Seasonal
13319,Wilkinson County,Georgia,29.020516214427534,4.989556741703412,8931,Non-Seasonal
13321,Worth County,Georgia,25.746355010414256,3.405037293265593,20824,Non-Seasonal
15001,Hawaii County,Hawaii,36.94748990190421,8.69259792202495,200468,Non-Seasonal
15003,Honolulu County,Hawaii,26.355383901142865,3.584055610335416,1015167,Non-Seasonal
15007,Kauai County,Hawaii,41.325474410580796,12.193584767970279,73247,Agricultural/Extractive
15009,Maui County,Hawaii,40.360684850986125,9.04119577105359,164568,Agricultural/Extractive
16001,Ada County,Idaho,25.564788260574716,0.9889034622030687,485246,Non-Seasonal
16003,Adams County,Idaho,43.426042983565104,31.5052950075643,4321,Resort Economies
16005,Bannock County,Idaho,27.048063315687404,2.3495536999712066,86362,Non-Seasonal
16007,Bear Lake County,Idaho,36.2290611608882,35.05687693898656,6327,Resort Economies
16009,Benewah County,Idaho,38.37912087912088,14.720483488020722,9509,Non-Seasonal
16011,Bingham County,Idaho,29.852783464950765,1.2051053725140992,47540,Non-Seasonal
16013,Blaine County,Idaho,39.96249120887708,37.00460530583122,23868,Resort Economies
16015,Boise County,Idaho,28.990536277602523,35.98673300165838,7549,Vacation Destinations
16017,Bonner County,Idaho,29.97654334150762,22.42303568693521,46481,Mixed Seasonal
16019,Bonneville County,Idaho,27.84208579881657,1.9500920066424308,121771,Non-Seasonal
16021,Boundary County,Idaho,33.34056869980465,8.935537804198402,11966,Non-Seasonal
16023,Butte County,Idaho,43.2073544433095,3.2182103610675044,2573,Agricultural/Extractive
16027,Canyon County,Idaho,28.162371235742196,0.21120917251263482,227367,Non-Seasonal
16029,Caribou County,Idaho,42.276923076923076,12.831999999999999,7003,Agricultural/Extractive
16031,Cassia County,Idaho,35.910156954717664,3.270497388144447,24469,Non-Seasonal
16035,Clearwater County,Idaho,32.13815789473684,9.424428822495607,8719,Non-Seasonal
16037,Custer County,Idaho,48.56379425517702,27.255029201817,4273,Resort Economies
16039,Elmore County,Idaho,26.887199184761307,6.025789386675483,28396,Non-Seasonal
16041,Franklin County,Idaho,29.59135744480977,1.9663490776403811,14036,Non-Seasonal
16043,Fremont County,Idaho,31.4536799707067,44.18659441630346,13370,Vacation Destinations
16045,Gem County,Idaho,29.86901701554658,2.6505061267980823,18692,Non-Seasonal
16047,Gooding County,Idaho,37.386596429616624,3.51750456280073,15422,Non-Seasonal
16049,Idaho County,Idaho,33.10972688068999,12.255953052702855,16494,Non-Seasonal
16051,Jefferson County,Idaho,30.068589128991814,0.3114638802371144,30427,Non-Seasonal
16053,Jerome County,Idaho,37.91015095362921,2.89464432204383,24081,Non-Seasonal
16055,Kootenai County,Idaho,31.164064922981495,8.022758827212588,168317,Non-Seasonal
16057,Latah County,Idaho,29.66862002800394,1.3666627730405327,39464,Non-Seasonal
16059,Lemhi County,Idaho,34.22707712677921,14.052287581699346,7948,Non-Seasonal
16061,Lewis County,Idaho,32.108626198083066,2.4807056229327453,3613,Non-Seasonal
16063,Lincoln County,Idaho,30.316742081447963,1.2813941568426448,5184,Non-Seasonal
16065,Madison County,Idaho,30.638874071642526,0.9542258573683454,50979,Non-Seasonal
16067,Minidoka County,Idaho,41.935143128763066,1.0856306416199073,21393,Agricultural/Extractive
16069,Nez Perce County,Idaho,30.1065495127001,1.5985109760770788,41820,Non-Seasonal
16071,Oneida County,Idaho,23.872180451127818,6.15,4514,Non-Seasonal
16073,Owyhee County,Idaho,42.6766679826293,4.454815443360204,11815,Agricultural/Extractive
16075,Payette County,Idaho,28.46728971962617,1.6687396351575456,24928,Non-Seasonal
16077,Power County,Idaho,36.281179138321995,1.055139550714772,7854,Non-Seasonal
16079,Shoshone County,Idaho,48.47269950362734,2.58460659717264,13124,Agricultural/Extractive
16081,Teton County,Idaho,37.55722694571615,23.1811078312207,11490,Mixed Seasonal
16083,Twin Falls County,Idaho,34.421057820278996,1.490972626674432,89128,Non-Seasonal
16085,Valley County,Idaho,38.80659294804924,67.16000657786549,11476,Resort Economies
16087,Washington County,Idaho,28.278900984966306,4.1731066460587325,10425,Non-Seasonal
17001,Adams County,Illinois,30.51259186371883,0.32754342431761785,65878,Non-Seasonal
17003,Alexander County,Illinois,25.76312576312576,5.099705786204642,5488,Non-Seasonal
17005,Bond County,Illinois,26.8929889298893,0.8113590263691683,16804,Non-Seasonal
17007,Boone County,Illinois,25.83184965380811,0.47671069619624595,53592,Non-Seasonal
17009,Brown County,Illinois,25.42299349240781,4.3478260869565215,6330,Non-Seasonal
17011,Bureau County,Illinois,32.39021892203303,0.57636887608069165,33338,Non-Seasonal
17013,Calhoun County,Illinois,32.763532763532766,26.493174061433443,4537,Mixed Seasonal
17015,Carroll County,Illinois,25.980545967994978,12.300183038438071,15586,Non-Seasonal
17017,Cass County,Illinois,22.509612023767914,2.1746755524377415,13058,Non-Seasonal
17019,Champaign County,Illinois,24.25090014036087,0.538510516603175,206583,Non-Seasonal
17021,Christian County,Illinois,26.502086230876216,1.3843327647290382,34038,Non-Seasonal
17023,Clark County,Illinois,21.85179997198487,0.9216589861751152,15587,Non-Seasonal
17025,Clay County,Illinois,28.861020443222813,2.301085723545617,13313,Non-Seasonal
17027,Clinton County,Illinois,23.246760469384352,3.8651685393258424,37048,Non-Seasonal
17029,Coles County,Illinois,29.92889747191011,0.4551023980395589,47542,Non-Seasonal
17031,Cook County,Illinois,23.139163778366765,0.5578241795685415,5265398,Non-Seasonal
17033,Crawford County,Illinois,25.33635106249214,1.01212192538543,18825,Non-Seasonal
17035,Cumberland County,Illinois,29.591454272863565,3.526182432432432,10528,Non-Seasonal
17037,DeKalb County,Illinois,27.34851485148515,0.6926784373561965,100922,Non-Seasonal
17039,De Witt County,Illinois,29.023849863156524,0.9931972789115647,15653,Non-Seasonal
17041,Douglas County,Illinois,27.936810856658184,1.6306274370790501,19708,Non-Seasonal
17043,DuPage County,Illinois,22.755976732028312,0.506649604428859,934094,Non-Seasonal
17045,Edgar County,Illinois,27.03127044354311,0.7344088610642909,16998,Non-Seasonal
17047,Edwards County,Illinois,31.19642191576593,1.342941369145103,6233,Non-Seasonal
17049,Effingham County,Illinois,32.134237443971955,1.995143400931942,34576,Non-Seasonal
17051,Fayette County,Illinois,36.53823355068168,1.1364915044446944,21514,Non-Seasonal
17053,Ford County,Illinois,32.35201511335013,0.20697341187708965,13589,Non-Seasonal
17055,Franklin County,Illinois,31.337109399859987,1.2040386588197183,38068,Non-Seasonal
17057,Fulton County,Illinois,25.58550909219557,1.555023923444976,34022,Non-Seasonal
17059,Gallatin County,Illinois,32.974559686888455,3.5205696202531644,5038,Non-Seasonal
17061,Greene County,Illinois,31.293009779065557,4.899283031751451,12187,Non-Seasonal
17063,Grundy County,Illinois,26.01648138070435,0.34210776394564285,52364,Non-Seasonal
17065,Hamilton County,Illinois,32.99414122725871,3.5872108136210037,8021,Non-Seasonal
17067,Hancock County,Illinois,30.597292934310193,2.505567928730512,17750,Non-Seasonal
17069,Hardin County,Illinois,27.702161729383505,17.775792764627067,3700,Mixed Seasonal
17071,Henderson County,Illinois,25.406841580870143,5.755185509786736,6485,Non-Seasonal
17073,Henry County,Illinois,29.59293560198148,0.4323545307151865,49412,Non-Seasonal
17075,Iroquois County,Illinois,31.05788096795291,0.7228915662650602,27362,Non-Seasonal
17077,Jackson County,Illinois,29.28769489522251,1.5735895046239872,53676,Non-Seasonal
17079,Jasper County,Illinois,36.400268636668905,1.9598583234946871,9324,Non-Seasonal
17081,Jefferson County,Illinois,27.428607451301772,0.7564387344659903,37362,Non-Seasonal
17083,Jersey County,Illinois,29.30558295521799,7.660181318121626,21533,Non-Seasonal
17085,Jo Daviess County,Illinois,30.574387947269305,18.435754189944134,21995,Mixed Seasonal
17087,Johnson County,Illinois,24.08777120315582,15.702927358149621,13238,Non-Seasonal
17089,Kane County,Illinois,24.25256444734719,0.20281924067883228,518648,Non-Seasonal
17091,Kankakee County,Illinois,26.38023152270704,1.2784843667196608,108104,Non-Seasonal
17093,Kendall County,Illinois,25.966038641545662,0.15525504578898813,130757,Non-Seasonal
17095,Knox County,Illinois,29.989358614685113,2.1854943579848145,50193,Non-Seasonal
17097,Lake County,Illinois,23.864089862554945,1.2919540572347938,714484,Non-Seasonal
17099,LaSalle County,Illinois,28.985197144468867,1.896638233818364,109986,Non-Seasonal
17101,Lawrence County,Illinois,23.64465461915217,0.7231567363622072,15465,Non-Seasonal
17103,Lee County,Illinois,22.78169482506319,2.1668111207413827,34373,Non-Seasonal
17105,Livingston County,Illinois,28.007802668009063,0.5337519623233908,35902,Non-Seasonal
17107,Logan County,Illinois,25.92961487383798,0.41732743510558384,28238,Non-Seasonal
17109,McDonough County,Illinois,34.20763310821423,1.2469009771036896,27743,Non-Seasonal
17111,McHenry County,Illinois,25.195526597775615,0.8906374251872934,310749,Non-Seasonal
17113,McLean County,Illinois,25.15161986011653,0.28461342247640525,171455,Non-Seasonal
17115,Macon County,Illinois,27.881032547699213,0.5036924064857923,104331,Non-Seasonal
17117,Macoupin County,Illinois,26.056980634695325,2.9838022165387894,45152,Non-Seasonal
17119,Madison County,Illinois,25.721962635232565,0.19659461010141918,266112,Non-Seasonal
17121,Marion County,Illinois,25.924521145457994,1.602747567258157,37781,Non-Seasonal
17123,Marshall County,Illinois,28.43944567182165,4.67866323907455,11781,Non-Seasonal
17125,Mason County,Illinois,30.18836192398251,4.261363636363636,13225,Non-Seasonal
17127,Massac County,Illinois,35.29615517838587,3.0994152046783627,14280,Non-Seasonal
17129,Menard County,Illinois,27.66170817315728,2.7282453637660486,12343,Non-Seasonal
17131,Mercer County,Illinois,27.986206896551725,0.30141115221263187,15779,Non-Seasonal
17133,Monroe County,Illinois,26.35076723578993,0.5679456988502563,34732,Non-Seasonal
17135,Montgomery County,Illinois,27.591162205855934,2.161990302837612,28482,Non-Seasonal
17137,Morgan County,Illinois,28.681956341530814,1.319453653361623,33189,Non-Seasonal
17139,Moultrie County,Illinois,20.586036776797727,1.134154244977317,14634,Non-Seasonal
17141,Ogle County,Illinois,25.258266605816704,1.3031762159296727,51787,Non-Seasonal
17143,Peoria County,Illinois,24.99687022709632,0.5511458652283487,182439,Non-Seasonal
17145,Perry County,Illinois,30.520484411234218,0.7855116735762601,21158,Non-Seasonal
17147,Piatt County,Illinois,20.73170731707317,0.8560945780676722,16664,Non-Seasonal
17149,Pike County,Illinois,30.619853969240328,7.637752318603383,14923,Non-Seasonal
17151,Pope County,Illinois,37.87234042553192,20.464135021097047,3820,Mixed Seasonal
17153,Pulaski County,Illinois,24.061941631923762,4.7635605006954105,5279,Non-Seasonal
17155,Putnam County,Illinois,29.040989945862332,14.923427826653631,5638,Non-Seasonal
17157,Randolph County,Illinois,26.816761477445716,2.271880819366853,30632,Non-Seasonal
17159,Richland County,Illinois,36.44922663080027,1.2328952716434087,15876,Non-Seasonal
17161,Rock Island County,Illinois,25.848752399232243,0.42299788501057495,144694,Non-Seasonal
17163,St. Clair County,Illinois,26.339070356894652,0.26319218241042347,258597,Non-Seasonal
17165,Saline County,Illinois,30.858882822343553,2.182351418959717,23869,Non-Seasonal
17167,Sangamon County,Illinois,24.231287783238376,0.36568790317361005,196759,Non-Seasonal
17169,Schuyler County,Illinois,26.270897304674172,7.271095152603231,6953,Non-Seasonal
17171,Scott County,Illinois,26.85466377440347,5.493133583021224,4923,Non-Seasonal
17173,Shelby County,Illinois,29.32784085200442,4.248138957816377,21160,Non-Seasonal
17175,Stark County,Illinois,28.16139767054909,0.46367851622874806,5436,Non-Seasonal
17177,Stephenson County,Illinois,27.373308307813886,1.6970488134644972,44817,Non-Seasonal
17179,Tazewell County,Illinois,27.100079061799974,0.30201685834214925,131977,Non-Seasonal
17181,Union County,Illinois,28.857979502196194,2.9134860050890588,17259,Non-Seasonal
17183,Vermilion County,Illinois,27.21692133182091,0.3985444463697799,74953,Non-Seasonal
17185,Wabash County,Illinois,26.84893784421715,0.8490217792543374,11414,Non-Seasonal
17187,Warren County,Illinois,28.083744499266565,1.1033758045448574,16887,Non-Seasonal
17189,Washington County,Illinois,27.997592899052204,1.0112009956440573,13827,Non-Seasonal
17191,Wayne County,Illinois,30.186497036287406,1.920332165563773,16250,Non-Seasonal
17193,White County,Illinois,32.88976507310662,3.4386480529022774,13959,Non-Seasonal
17195,Whiteside County,Illinois,26.594606981895957,1.453308596165739,55932,Non-Seasonal
17197,Will County,Illinois,24.227393906108766,0.6367255945244806,696403,Non-Seasonal
17199,Williamson County,Illinois,27.395904436860068,1.5848961293174213,67271,Non-Seasonal
17201,Winnebago County,Illinois,24.432466856685746,0.5834818681011261,285471,Non-Seasonal
17203,Woodford County,Illinois,23.000761614623,0.23601454359890284,38571,Non-Seasonal
18001,Adams County,Indiana,24.754162842533106,0.2584961605717327,35685,Non-Seasonal
18003,Allen County,Indiana,24.79054873241887,0.2622654026672949,381839,Non-Seasonal
18005,Bartholomew County,Indiana,22.017288169665292,1.061015502773432,81759,Non-Seasonal
18007,Benton County,Indiana,31.16551900025504,0.9726603575184017,8687,Non-Seasonal
18009,Blackford County,Indiana,22.26178010471204,0.6796941376380629,12139,Non-Seasonal
18011,Boone County,Indiana,21.689134499986046,0.7675675675675676,69839,Non-Seasonal
18013,Brown County,Indiana,27.50352609308886,18.175355450236967,15444,Mixed Seasonal
18015,Carroll County,Indiana,24.716721380917082,8.700231725300188,20288,Non-Seasonal
18017,Cass County,Indiana,22.326539958781773,1.7819002868127174,37918,Non-Seasonal
18019,Clark County,Indiana,25.8739615675086,1.5331145008688936,120185,Non-Seasonal
18021,Clay County,Indiana,21.120543293718168,1.0808955992107747,26397,Non-Seasonal
18023,Clinton County,Indiana,22.72637471188673,0.9688478163660754,33010,Non-Seasonal
18025,Crawford County,Indiana,29.02305681007844,17.138445702521874,10511,Mixed Seasonal
18027,Daviess County,Indiana,26.529355412618038,1.0849909584086799,33281,Non-Seasonal
18029,Dearborn County,Indiana,25.086553384535797,0.9827062960643576,50494,Non-Seasonal
18031,Decatur County,Indiana,27.636748262314896,2.3848898946818697,26466,Non-Seasonal
18033,DeKalb County,Indiana,20.497909357427787,0.8318083513558475,43059,Non-Seasonal
18035,Delaware County,Indiana,28.800330292544825,0.2573380028249134,112480,Non-Seasonal
18037,Dubois County,Indiana,21.21103386409509,0.9847951950652021,43474,Non-Seasonal
18039,Elkhart County,Indiana,23.424107514354663,0.8374154714082432,206314,Non-Seasonal
18041,Fayette County,Indiana,20.112818517798097,0.027578599007170437,23393,Non-Seasonal
18043,Floyd County,Indiana,23.63169897377423,1.4364867638005336,79594,Non-Seasonal
18045,Fountain County,Indiana,24.535666218034994,3.200826019617966,16422,Non-Seasonal
18047,Franklin County,Indiana,21.23121231212312,4.138574836635204,22769,Non-Seasonal
18049,Fulton County,Indiana,24.666590675937535,9.947589098532495,20400,Non-Seasonal
18051,Gibson County,Indiana,25.899188653932153,1.365257958287596,33017,Non-Seasonal
18053,Grant County,Indiana,25.653346238938052,0.9840345416206446,66802,Non-Seasonal
18055,Greene County,Indiana,26.622158877803614,3.634224006645438,30924,Non-Seasonal
18057,Hamilton County,Indiana,23.185390789700573,0.31439918165954633,341616,Non-Seasonal
18059,Hancock County,Indiana,20.343720120620755,0.19255050505050506,78616,Non-Seasonal
18061,Harrison County,Indiana,25.897583429228998,2.2570795665449324,39516,Non-Seasonal
18063,Hendricks County,Indiana,23.488120950323975,0.08655773552815403,172100,Non-Seasonal
18065,Henry County,Indiana,23.609455701231624,0.17650987501192636,48857,Non-Seasonal
18067,Howard County,Indiana,26.892723017471287,0.8230973787514245,83349,Non-Seasonal
18069,Huntington County,Indiana,22.991705171741913,0.23503216229589313,36572,Non-Seasonal
18071,Jackson County,Indiana,25.88124410933082,1.0721606138645083,45948,Non-Seasonal
18073,Jasper County,Indiana,28.106143719144267,2.1051071084426654,33006,Non-Seasonal
18075,Jay County,Indiana,25.216426193118757,0,20570,Non-Seasonal
18077,Jefferson County,Indiana,24.6210033076075,3.113489471123775,33000,Non-Seasonal
18079,Jennings County,Indiana,24.174555529900715,2.412017167381974,27619,Non-Seasonal
18081,Johnson County,Indiana,22.820579527012796,0.659435179433268,159739,Non-Seasonal
18083,Knox County,Indiana,30.743243243243246,0.4369390647142183,36362,Non-Seasonal
18085,Kosciusko County,Indiana,21.021243921167134,11.494524541085639,80151,Non-Seasonal
18087,LaGrange County,Indiana,24.618621778011573,10.8087986463621,40085,Non-Seasonal
18089,Lake County,Indiana,25.8039219262211,0.492585537128343,495925,Non-Seasonal
18091,LaPorte County,Indiana,26.291881980330057,4.827211213146447,112184,Non-Seasonal
18093,Lawrence County,Indiana,23.385161723773876,0.7928015564202334,45133,Non-Seasonal
18095,Madison County,Indiana,25.518229803894148,0.35039376775356773,130037,Non-Seasonal
18097,Marion County,Indiana,25.561239625150193,0.23608132610516433,969542,Non-Seasonal
18099,Marshall County,Indiana,20.33954256071681,4.914876368058371,46175,Non-Seasonal
18101,Martin County,Indiana,24.813186813186814,3.1970421922575034,9885,Non-Seasonal
18103,Miami County,Indiana,26.694500619740364,1.3202868440453053,36100,Non-Seasonal
18105,Monroe County,Indiana,25.342557068155898,1.2445570421977674,140189,Non-Seasonal
18107,Montgomery County,Indiana,25.15186980995374,0.5707000182138304,37967,Non-Seasonal
18109,Morgan County,Indiana,22.46480553567168,0.5141388174807198,71394,Non-Seasonal
18111,Newton County,Indiana,27.547554347826086,1.7103952175357022,13865,Non-Seasonal
18113,Noble County,Indiana,19.393480584253652,5.192346023520032,47293,Non-Seasonal
18117,Orange County,Indiana,28.873788570792026,2.847682119205298,19752,Non-Seasonal
18119,Owen County,Indiana,21.57559293699718,3.830480847595762,21280,Non-Seasonal
18121,Parke County,Indiana,29.430485762144055,14.349540078843626,16316,Non-Seasonal
18123,Perry County,Indiana,18.563092633114515,2.725563909774436,19151,Non-Seasonal
18125,Pike County,Indiana,26.17009652158077,0.14295925661186562,12220,Non-Seasonal
18127,Porter County,Indiana,25.043728523402514,1.0811344158773117,172353,Non-Seasonal
18129,Posey County,Indiana,21.57253048021896,0.9755216330954747,25301,Non-Seasonal
18131,Pulaski County,Indiana,29.1399896175809,5.433111225012814,12496,Non-Seasonal
18133,Putnam County,Indiana,24.977856510186005,3.136333109469443,36838,Non-Seasonal
18135,Randolph County,Indiana,27.32832916319155,0.613228208497591,24681,Non-Seasonal
18137,Ripley County,Indiana,25.727178063172513,1.8132810585640775,28953,Non-Seasonal
18139,Rush County,Indiana,22.075419763281033,0.027159152634437803,16706,Non-Seasonal
18141,St. Joseph County,Indiana,23.630408122079576,0.7565786680479252,272049,Non-Seasonal
18143,Scott County,Indiana,25.031145184475324,0.5707335329341318,24290,Non-Seasonal
18145,Shelby County,Indiana,26.22133599202393,0.712258064516129,44825,Non-Seasonal
18147,Spencer County,Indiana,23.427803061646667,0.9391304347826087,19949,Non-Seasonal
18149,Starke County,Indiana,26.126609442060083,10.46427928738528,23275,Non-Seasonal
18151,Steuben County,Indiana,25.940104970669957,22.743606002959204,34379,Mixed Seasonal
18153,Sullivan County,Indiana,29.78187919463087,1.5365353972228546,20814,Non-Seasonal
18155,Switzerland County,Indiana,27.244801512287335,7.8707916287534125,9870,Non-Seasonal
18157,Tippecanoe County,Indiana,23.958859657987222,0.42217661271466056,185961,Non-Seasonal
18159,Tipton County,Indiana,27.227523182367964,0.10263929618768329,15290,Non-Seasonal
18161,Union County,Indiana,22.920834524149758,1.1444478812248686,7098,Non-Seasonal
18163,Vanderburgh County,Indiana,28.702136048426375,0.5659188453353307,179695,Non-Seasonal
18165,Vermillion County,Indiana,27.643756637839477,0.8211304228821678,15477,Non-Seasonal
18167,Vigo County,Indiana,29.1710169137607,0.2705581593523647,106523,Non-Seasonal
18169,Wabash County,Indiana,26.527026077177197,1.0821586216716503,31120,Non-Seasonal
18171,Warren County,Indiana,25.476131585456347,0.6261911244214539,8430,Non-Seasonal
18173,Warrick County,Indiana,22.79250326152671,0.053900053900053896,63575,Non-Seasonal
18175,Washington County,Indiana,26.270648030495554,1.7669886879696146,28025,Non-Seasonal
18177,Wayne County,Indiana,25.866881915716544,0.594194428209624,66588,Non-Seasonal
18179,Wells County,Indiana,25.494926559284753,0.0503651473180559,28103,Non-Seasonal
18181,White County,Indiana,25.584994992260768,17.9749980588555,24593,Mixed Seasonal
18183,Whitley County,Indiana,20.80544933078394,1.557421451787649,34048,Non-Seasonal
19001,Adair County,Iowa,32.60930103035366,1.2531328320802004,7439,Non-Seasonal
19003,Adams County,Iowa,32.25419664268585,2.6399155227032733,3697,Non-Seasonal
19005,Allamakee County,Iowa,35.353081986834226,17.34534064212999,14068,Mixed Seasonal
19007,Appanoose County,Iowa,27.605811749842076,5.649360896323182,12310,Non-Seasonal
19009,Audubon County,Iowa,31.96022727272727,0.8156028368794326,5657,Non-Seasonal
19011,Benton County,Iowa,21.11376047996308,1.58973895763707,25654,Non-Seasonal
19013,Black Hawk County,Iowa,28.933438792893647,1.4286203706875877,131396,Non-Seasonal
19015,Boone County,Iowa,28.217076492938563,0.6884392578288976,26721,Non-Seasonal
19017,Bremer County,Iowa,22.463426144407737,0.18213190184049077,24863,Non-Seasonal
19019,Buchanan County,Iowa,27.16350849775347,2.65466816647919,20598,Non-Seasonal
19021,Buena Vista County,Iowa,27.62872361412507,1.1256576532485012,20723,Non-Seasonal
19023,Butler County,Iowa,28.340323547034153,1.2221203788573174,14421,Non-Seasonal
19025,Calhoun County,Iowa,30.889799855317097,4.048162756902637,9962,Non-Seasonal
19027,Carroll County,Iowa,27.98839277356548,0.23172530018959345,20756,Non-Seasonal
19029,Cass County,Iowa,36.39344262295082,1.1079900124843944,13158,Non-Seasonal
19031,Cedar County,Iowa,27.819076536488325,1.3829396646677272,18494,Non-Seasonal
19033,Cerro Gordo County,Iowa,31.266772799636115,6.321660985435389,43185,Non-Seasonal
19035,Cherokee County,Iowa,33.63342959062341,0.3044957907934802,11606,Non-Seasonal
19037,Chickasaw County,Iowa,23.62154387086463,1.0057471264367817,12021,Non-Seasonal
19039,Clarke County,Iowa,26.246719160104988,1.2990080302314597,9736,Non-Seasonal
19041,Clay County,Iowa,29.13197072924552,1.543019380323417,16410,Non-Seasonal
19043,Clayton County,Iowa,32.540964689591505,7.187535539633799,17173,Non-Seasonal
19045,Clinton County,Iowa,25.53090633295411,0.9944700032529393,46589,Non-Seasonal
19047,Crawford County,Iowa,28.894806924101196,0.5523255813953488,16555,Non-Seasonal
19049,Dallas County,Iowa,21.101630640879787,0.7964074827569096,96604,Non-Seasonal
19051,Davis County,Iowa,35.069790628115655,6.056377337426738,9066,Non-Seasonal
19053,Decatur County,Iowa,29.544803893501285,3.629469122426869,7718,Non-Seasonal
19055,Delaware County,Iowa,27.124735729386888,6.696373313528903,17508,Non-Seasonal
19057,Des Moines County,Iowa,28.777368306958596,0.8736415938632005,39069,Non-Seasonal
19059,Dickinson County,Iowa,27.491785323110623,34.73005640612409,17536,Vacation Destinations
19061,Dubuque County,Iowa,26.698856215617205,0.7310286280243361,98687,Non-Seasonal
19063,Emmet County,Iowa,24.56549385332768,1.4598540145985401,9433,Non-Seasonal
19065,Fayette County,Iowa,27.46463780540077,3.840393667094566,19582,Non-Seasonal
19067,Floyd County,Iowa,24.786324786324787,0.7487067791995644,15672,Non-Seasonal
19069,Franklin County,Iowa,31.240428790199083,2.0085470085470085,10056,Non-Seasonal
19071,Fremont County,Iowa,29.812054439403756,0.8860759493670887,6702,Non-Seasonal
19073,Greene County,Iowa,30.084945729117507,0.6231248557581353,8831,Non-Seasonal
19075,Grundy County,Iowa,27.987524622455677,0.8771929824561403,12336,Non-Seasonal
19077,Guthrie County,Iowa,28.150856263228786,9.934233298719281,10599,Non-Seasonal
19079,Hamilton County,Iowa,27.79727642847115,1.194199601933466,15073,Non-Seasonal
19081,Hancock County,Iowa,29.25718290119131,2.1019852082522386,10837,Non-Seasonal
19083,Hardin County,Iowa,33.22455885907662,0.9534422981674097,16997,Non-Seasonal
19085,Harrison County,Iowa,24.510074523875243,1.4827018121911038,14589,Non-Seasonal
19087,Henry County,Iowa,25.416004239533653,1.1911852293031566,20488,Non-Seasonal
19089,Howard County,Iowa,26.488927112448934,2.8432732316227463,9456,Non-Seasonal
19091,Humboldt County,Iowa,29.7423887587822,1.1319111885067479,9622,Non-Seasonal
19093,Ida County,Iowa,30.213749277874065,0.5056513979773943,6979,Non-Seasonal
19095,Iowa County,Iowa,27.005410491649023,0.721481078137762,16596,Non-Seasonal
19097,Jackson County,Iowa,28.914100486223663,4.4895316209799265,19499,Non-Seasonal
19099,Jasper County,Iowa,25.033632286995516,1.018254066807401,37686,Non-Seasonal
19101,Jefferson County,Iowa,21.96132596685083,1.9087462413387373,15846,Non-Seasonal
19103,Johnson County,Iowa,25.26849605636893,0.49904797002641116,151833,Non-Seasonal
19105,Jones County,Iowa,29.12501288261363,1.766824217870808,20680,Non-Seasonal
19107,Keokuk County,Iowa,32.181616832779625,0.5555555555555556,10050,Non-Seasonal
19109,Kossuth County,Iowa,33.29484774137682,0.4406499586890664,14823,Non-Seasonal
19111,Lee County,Iowa,27.846194156950084,0.7792371017407151,33724,Non-Seasonal
19113,Linn County,Iowa,23.09383733519089,0.5278674156408111,228567,Non-Seasonal
19115,Louisa County,Iowa,22.77726001863933,3.8753159224936815,10891,Non-Seasonal
19117,Lucas County,Iowa,36.361336032388664,2.50061289531748,8650,Non-Seasonal
19119,Lyon County,Iowa,31.86406460296097,2.1048287247214197,11953,Non-Seasonal
19121,Madison County,Iowa,30.847919981814048,2.2948438634713146,16414,Non-Seasonal
19123,Mahaska County,Iowa,28.689492325855966,0.2680136068446552,22132,Non-Seasonal
19125,Marion County,Iowa,23.192660550458715,0.09240830253056583,33381,Non-Seasonal
19127,Marshall County,Iowa,25.748119699151868,0.9318996415770611,40137,Non-Seasonal
19129,Mills County,Iowa,25.01735388032764,1.436734693877551,14658,Non-Seasonal
19131,Mitchell County,Iowa,32.585070372349904,2.7852279760676706,10526,Non-Seasonal
19133,Monona County,Iowa,34.99876938222988,3.209764918625678,8732,Non-Seasonal
19135,Monroe County,Iowa,26.083356334529395,7.376156777354383,7589,Non-Seasonal
19137,Montgomery County,Iowa,33.36853220696938,1.1914217633042097,10327,Non-Seasonal
19139,Muscatine County,Iowa,20.740527853618815,1.2117242508596693,43145,Non-Seasonal
19141,O'Brien County,Iowa,28.186484174508124,0.1988984088127295,14139,Non-Seasonal
19143,Osceola County,Iowa,31.22934567085261,0.3794411866160745,6168,Non-Seasonal
19145,Page County,Iowa,32.98727884193596,1.4397719173200285,15250,Non-Seasonal
19147,Palo Alto County,Iowa,33.92817801277814,3.723404255319149,8996,Non-Seasonal
19149,Plymouth County,Iowa,29.10068718255154,0.3062076644706319,25543,Non-Seasonal
19151,Pocahontas County,Iowa,31.13487819370172,0.6525285481239804,7091,Non-Seasonal
19153,Polk County,Iowa,24.504175467609265,0.26819074765995143,488871,Non-Seasonal
19155,Pottawattamie County,Iowa,28.360253662416863,0.49189379109571857,93571,Non-Seasonal
19157,Poweshiek County,Iowa,26.794685720665402,6.481273828212604,18628,Non-Seasonal
19159,Ringgold County,Iowa,33.19502074688796,20.157362307980517,4739,Mixed Seasonal
19161,Sac County,Iowa,30.010319917440658,7.632700503680743,9829,Non-Seasonal
19163,Scott County,Iowa,26.54316639665657,1.1376903717925433,174170,Non-Seasonal
19165,Shelby County,Iowa,29.508737223870757,0.33185840707964603,11750,Non-Seasonal
19167,Sioux County,Iowa,27.139079851930198,0.216116085211485,35647,Non-Seasonal
19169,Story County,Iowa,24.131788066214295,0.5309647899385842,98106,Non-Seasonal
19171,Tama County,Iowa,30.54500918554807,0.5388355894335655,17079,Non-Seasonal
19173,Taylor County,Iowa,24.479717813051145,1.3031550068587106,5932,Non-Seasonal
19175,Union County,Iowa,30.15613652868555,1.2734469110308038,12193,Non-Seasonal
19177,Van Buren County,Iowa,29.53020134228188,3.618233618233618,7196,Non-Seasonal
19179,Wapello County,Iowa,24.622988214421493,0.59550205891669306,35343,Non-Seasonal
19181,Warren County,Iowa,26.938413823659722,0.541795665634675,51862,Non-Seasonal
19183,Washington County,Iowa,33.26722428214193,0.3644694366343851,22525,Non-Seasonal
19185,Wayne County,Iowa,35.208775654635524,4.1721419185282524,6504,Non-Seasonal
19187,Webster County,Iowa,30.938552677430597,0.7610619469026548,37114,Non-Seasonal
19189,Winnebago County,Iowa,29.81039984982166,1.942700156985871,10743,Non-Seasonal
19191,Winneshiek County,Iowa,27.218826963422423,2.9154518950437316,20100,Non-Seasonal
19193,Woodbury County,Iowa,29.15497828843715,0.7596539354294155,105102,Non-Seasonal
19195,Worth County,Iowa,29.958570688762297,2.0390580126364157,7450,Non-Seasonal
19197,Wright County,Iowa,32.711746253049846,4.78005399396538,12978,Non-Seasonal
20001,Allen County,Kansas,25.030001714383683,4.483494826736738,12557,Non-Seasonal
20003,Anderson County,Kansas,29.221777914487852,1.8166573504751256,7800,Non-Seasonal
20005,Atchison County,Kansas,29.743985591148846,1.2139827409682609,16382,Non-Seasonal
20007,Barber County,Kansas,42.30382293762575,8.090872857712236,4178,Agricultural/Extractive
20009,Barton County,Kansas,31.091217033631747,1.3539651837524178,25708,Non-Seasonal
20011,Bourbon County,Kansas,25.486443381180223,2.983539094650206,14410,Non-Seasonal
20013,Brown County,Kansas,33.166058394160586,1.9456113199204066,9532,Non-Seasonal
20015,Butler County,Kansas,21.90947251960561,1.0498492237816908,67404,Non-Seasonal
20017,Chase County,Kansas,32.29604709840202,12.553191489361701,2583,Non-Seasonal
20019,Chautauqua County,Kansas,25.214676034348166,10.225563909774436,3394,Non-Seasonal
20021,Cherokee County,Kansas,26.64355863662623,1.4043109079033311,19507,Non-Seasonal
20023,Cheyenne County,Kansas,42.214820982514574,6.258503401360545,2647,Agricultural/Extractive
20025,Clark County,Kansas,40.753045404208194,4.878048780487805,1994,Agricultural/Extractive
20027,Clay County,Kansas,29.613733905579398,1.624777862401625,8085,Non-Seasonal
20029,Cloud County,Kansas,29.96941896024465,1.9030759017481742,9037,Non-Seasonal
20031,Coffey County,Kansas,29.72972972972973,1.4672400708322793,8361,Non-Seasonal
20033,Comanche County,Kansas,39.682539682539684,7.4324324324324325,1809,Non-Seasonal
20035,Cowley County,Kansas,25.883065330014126,0.4742373750320431,34769,Non-Seasonal
20037,Crawford County,Kansas,31.435564541875067,1.6338779593197732,39018,Non-Seasonal
20039,Decatur County,Kansas,45.845697329376854,3.5456730769230766,2792,Agricultural/Extractive
20041,Dickinson County,Kansas,27.885586090858105,0.8928571428571428,18572,Non-Seasonal
20043,Doniphan County,Kansas,25.7196663976325,2.6923076923076925,7549,Non-Seasonal
20045,Douglas County,Kansas,28.37864655685652,0.21979702222816844,118690,Non-Seasonal
20047,Edwards County,Kansas,38.047655649500385,1.7374517374517375,2911,Non-Seasonal
20049,Elk County,Kansas,32.982086406743946,9.75130890052356,2466,Non-Seasonal
20051,Ellis County,Kansas,32.50839447829872,1.0777170613236187,28893,Non-Seasonal
20053,Ellsworth County,Kansas,27.864583333333332,13.688946015424165,6403,Non-Seasonal
20055,Finney County,Kansas,32.84856149225419,1.3353221109453797,38338,Non-Seasonal
20057,Ford County,Kansas,24.85105880965021,0.5355715427657874,34426,Non-Seasonal
20059,Franklin County,Kansas,25.554865745770606,0.9876099838391094,25953,Non-Seasonal
20061,Geary County,Kansas,19.964634076778278,0.037823866859988654,36514,Non-Seasonal
20063,Gove County,Kansas,44.30278884462152,2.666666666666667,2774,Agricultural/Extractive
20065,Graham County,Kansas,34.177215189873415,5.02092050209205,2444,Non-Seasonal
20067,Grant County,Kansas,45.25455688246386,0.13656538067599863,7430,Agricultural/Extractive
20069,Gray County,Kansas,39.306759098786834,2.2610921501706485,5720,Non-Seasonal
20073,Greenwood County,Kansas,27.549947423764458,12.987012987012985,6049,Non-Seasonal
20075,Hamilton County,Kansas,47.376916868442294,1.053639846743295,2572,Agricultural/Extractive
20077,Harper County,Kansas,30.89171974522293,3.209957418932198,5525,Non-Seasonal
20079,Harvey County,Kansas,26.01752911513987,0.3224478594950604,34006,Non-Seasonal
20081,Haskell County,Kansas,47.03929164360819,1.0296010296010296,3803,Agricultural/Extractive
20083,Hodgeman County,Kansas,44.15584415584416,4.157043879907621,1851,Agricultural/Extractive
20085,Jackson County,Kansas,29.122021429713733,0.392436674991081,13287,Non-Seasonal
20087,Jefferson County,Kansas,21.497797356828194,1.469295491648876,18391,Non-Seasonal
20089,Jewell County,Kansas,38.61955628594905,9.29326655537006,2927,Non-Seasonal
20091,Johnson County,Kansas,22.21323479848766,0.3761241531178924,605154,Non-Seasonal
20093,Kearny County,Kansas,48.33989870568374,0.38022813688212925,4019,Agricultural/Extractive
20095,Kingman County,Kansas,33.04176072234763,1.446111869031378,7495,Non-Seasonal
20097,Kiowa County,Kansas,36.043587594300085,6.083976006855185,2457,Non-Seasonal
20099,Labette County,Kansas,22.658908771544624,2.954070981210856,20222,Non-Seasonal
20103,Leavenworth County,Kansas,24.177965196968078,0.3327840780588673,81601,Non-Seasonal
20105,Lincoln County,Kansas,36.90736688548505,6.25,2952,Non-Seasonal
20107,Linn County,Kansas,26.446084265651038,9.252738654147105,9667,Non-Seasonal
20109,Logan County,Kansas,43.499308437067775,3.3381712626995643,2777,Agricultural/Extractive
20111,Lyon County,Kansas,28.007290400972053,0.34034034034034033,32318,Non-Seasonal
20113,McPherson County,Kansas,24.026711185308848,1.318512840168647,30059,Non-Seasonal
20115,Marion County,Kansas,29.721973094170405,4.586031857167862,11877,Non-Seasonal
20117,Marshall County,Kansas,23.972182450398854,1.7525558105570624,9995,Non-Seasonal
20119,Meade County,Kansas,37.45039682539682,1.3720316622691293,4089,Non-Seasonal
20121,Miami County,Kansas,25.626249558979186,0.05074670146440482,33968,Non-Seasonal
20123,Mitchell County,Kansas,31.821646341463417,5.781448538754765,5884,Non-Seasonal
20125,Montgomery County,Kansas,27.240325865580452,1.6833513996046674,31679,Non-Seasonal
20131,Nemaha County,Kansas,31.09447703823589,1.5127919911012235,10197,Non-Seasonal
20133,Neosho County,Kansas,28.782658627619867,6.432588122342614,15926,Non-Seasonal
20135,Ness County,Kansas,42.867182009838366,3.6399735274652545,2717,Agricultural/Extractive
20137,Norton County,Kansas,17.55343337880855,3.2022699635184435,5457,Non-Seasonal
20139,Osage County,Kansas,23.374676298214528,1.885494082025874,15811,Non-Seasonal
20141,Osborne County,Kansas,31.874999999999996,7.419980601357905,3512,Non-Seasonal
20143,Ottawa County,Kansas,29.46754194018964,0.5976839745984311,5778,Non-Seasonal
20145,Pawnee County,Kansas,31.464285714285715,1.4020215194000651,6356,Non-Seasonal
20147,Phillips County,Kansas,33.61702127659574,5.439773931472978,5022,Non-Seasonal
20149,Pottawatomie County,Kansas,20.87939910540974,0.6038894575230297,25082,Non-Seasonal
20151,Pratt County,Kansas,35.563538392456216,2.4562201501023426,9266,Non-Seasonal
20153,Rawlins County,Kansas,41.63568773234201,2.4070021881838075,2531,Agricultural/Extractive
20155,Reno County,Kansas,28.89280530789965,1.0421818695682894,62071,Non-Seasonal
20157,Republic County,Kansas,34.029712163416896,4.189840563589174,4707,Non-Seasonal
20159,Rice County,Kansas,26.768010575016522,3.7070730043211277,9464,Non-Seasonal
20161,Riley County,Kansas,23.40635532017333,1.8530037649369784,72602,Non-Seasonal
20163,Rooks County,Kansas,32.17612193056731,4.560874481718809,4975,Non-Seasonal
20165,Rush County,Kansas,23.938506588579795,4.4205495818399045,2883,Non-Seasonal
20167,Russell County,Kansas,31.110381077529563,4.809510942988381,6747,Non-Seasonal
20169,Saline County,Kansas,28.816822153117133,0.36941723393657644,54378,Non-Seasonal
20173,Sedgwick County,Kansas,24.978362820280577,0.22927840242405714,520467,Non-Seasonal
20175,Seward County,Kansas,31.210491555807153,0.5935796486977589,22223,Non-Seasonal
20177,Shawnee County,Kansas,22.813241575700047,0.12547986731435815,179053,Non-Seasonal
20179,Sheridan County,Kansas,51.10619469026548,2.493551160791058,2459,Agricultural/Extractive
20181,Sherman County,Kansas,35.944387928111226,1.6869095816464237,5965,Non-Seasonal
20183,Smith County,Kansas,35.639926515615436,4.912451361867705,3588,Non-Seasonal
20185,Stafford County,Kansas,38.49350649350649,4.411764705882353,4106,Non-Seasonal
20191,Sumner County,Kansas,26.364927948041405,0.49095109742010007,22603,Non-Seasonal
20193,Thomas County,Kansas,39.291861322842394,1.8217488789237668,7902,Non-Seasonal
20195,Trego County,Kansas,35.206499661475966,7.168458781362006,2825,Non-Seasonal
20197,Wabaunsee County,Kansas,21.79720704310868,6.036410092622165,6881,Non-Seasonal
20199,Wallace County,Kansas,37.74373259052925,2.2339027595269383,1529,Non-Seasonal
20201,Washington County,Kansas,34.492295535361514,3.7199124726477026,5531,Non-Seasonal
20205,Wilson County,Kansas,24.764150943396228,5.486450466459352,8713,Non-Seasonal
20207,Woodson County,Kansas,30.031948881789138,13.268608414239482,3162,Non-Seasonal
20209,Wyandotte County,Kansas,24.73937502458726,0.39359133806423297,168333,Non-Seasonal
21001,Adair County,Kentucky,27.719012747491185,3.617120260525704,18832,Non-Seasonal
21003,Allen County,Kentucky,29.30606454663672,5.8000867302688635,20604,Non-Seasonal
21005,Anderson County,Kentucky,24.96980956804459,0.8547008547008548,23646,Non-Seasonal
21007,Ballard County,Kentucky,26.356830941983784,2.1569156106767324,7814,Non-Seasonal
21009,Barren County,Kentucky,28.423142370958594,2.842953428267369,44277,Non-Seasonal
21011,Bath County,Kentucky,28.940455341506127,2.848741040249954,12680,Non-Seasonal
21013,Bell County,Kentucky,33.294613039059094,0.7347287483981205,24674,Non-Seasonal
21015,Boone County,Kentucky,24.298132268295547,0.8522059399733563,134599,Non-Seasonal
21017,Bourbon County,Kentucky,33.02752293577982,0.34043487810235007,20281,Non-Seasonal
21019,Boyd County,Kentucky,31.727611123275672,1.3335785891658236,48447,Non-Seasonal
21021,Boyle County,Kentucky,27.782264577612665,1.7159717369360974,30469,Non-Seasonal
21023,Bracken County,Kentucky,22.7791701475912,2.2170057381324986,8394,Non-Seasonal
21025,Breathitt County,Kentucky,25.738200418507322,0.7659313725490196,13652,Non-Seasonal
21027,Breckinridge County,Kentucky,26.07786778155213,16.887602688573562,20345,Mixed Seasonal
21029,Bullitt County,Kentucky,23.075378901937167,0.22209883398112162,81729,Non-Seasonal
21031,Butler County,Kentucky,15.71279916753382,3.9956212370005475,12413,Non-Seasonal
21033,Caldwell County,Kentucky,29.14705328563359,3.405927624037989,12641,Non-Seasonal
21035,Calloway County,Kentucky,30.916771320927044,3.2758620689655173,37291,Non-Seasonal
21037,Campbell County,Kentucky,21.19309596271309,0.1919106036681647,93023,Non-Seasonal
21039,Carlisle County,Kentucky,21.014084507042252,2.2020725388601035,4821,Non-Seasonal
21041,Carroll County,Kentucky,26.455942844771595,0.7489835223625081,10808,Non-Seasonal
21043,Carter County,Kentucky,30.551592962434615,2.043318348998774,26820,Non-Seasonal
21045,Casey County,Kentucky,24.620857517318854,2.138024357239513,15863,Non-Seasonal
21047,Christian County,Kentucky,19.982934593547963,0.4988042364195422,72377,Non-Seasonal
21049,Clark County,Kentucky,23.670596727622716,0.06848035858805951,36716,Non-Seasonal
21051,Clay County,Kentucky,33.10523395598299,0.7996291574921776,20484,Non-Seasonal
21053,Clinton County,Kentucky,26.936026936026934,10.040816326530612,9372,Non-Seasonal
21055,Crittenden County,Kentucky,33.283671036948746,4.970224461749885,8997,Non-Seasonal
21057,Cumberland County,Kentucky,27.28110599078341,10.697538100820633,6023,Non-Seasonal
21059,Daviess County,Kentucky,25.13440570009716,0.5970900439238652,102488,Non-Seasonal
21061,Edmonson County,Kentucky,28.10581010864431,13.837956433160947,12165,Non-Seasonal
21063,Elliott County,Kentucky,20.838117106773822,7.531790022823606,7414,Non-Seasonal
21065,Estill County,Kentucky,22.126857860581957,0.8489461358313818,14157,Non-Seasonal
21067,Fayette County,Kentucky,28.76521105817376,0.9773109475367353,321354,Non-Seasonal
21069,Fleming County,Kentucky,25.77231609489674,3.865021554927903,14996,Non-Seasonal
21071,Floyd County,Kentucky,30.76060549430013,1.9809916409023247,36127,Non-Seasonal
21073,Franklin County,Kentucky,25.439034540158133,0.790828068120005,51319,Non-Seasonal
21075,Fulton County,Kentucky,29.35614588023413,0,6507,Non-Seasonal
21077,Gallatin County,Kentucky,26.3733402759698,7.264380232244126,8694,Non-Seasonal
21079,Garrard County,Kentucky,27.603327965646805,2.129120879120879,17018,Non-Seasonal
21081,Grant County,Kentucky,25.17838030681413,3.084577114427861,24918,Non-Seasonal
21083,Graves County,Kentucky,28.338192419825077,0.8111380145278451,36796,Non-Seasonal
21085,Grayson County,Kentucky,25.167125442390876,15.806064244971479,26351,Mixed Seasonal
21087,Green County,Kentucky,25.248301097752226,0.6638846737481031,11141,Non-Seasonal
21089,Greenup County,Kentucky,26.607891313773667,0.47332185886402756,35996,Non-Seasonal
21091,Hancock County,Kentucky,24.12909836065574,2.5257731958762886,9050,Non-Seasonal
21093,Hardin County,Kentucky,24.775522447755225,0.37991800639635964,110134,Non-Seasonal
21095,Harlan County,Kentucky,36.50274847719507,2.095004220704474,26921,Non-Seasonal
21097,Harrison County,Kentucky,23.742405832320777,0.8670878236095627,18690,Non-Seasonal
21099,Hart County,Kentucky,28.278000258364557,5.0380120276863725,19194,Non-Seasonal
21101,Henderson County,Kentucky,25.42778569973518,0.40288485451380257,45102,Non-Seasonal
21103,Henry County,Kentucky,29.86561980975389,2.1581648053124054,15691,Non-Seasonal
21105,Hickman County,Kentucky,20.468839336763864,2.0708697653014267,4529,Non-Seasonal
21107,Hopkins County,Kentucky,26.384073369869142,0.6732881291185178,45432,Non-Seasonal
21109,Jackson County,Kentucky,16.79269882659713,2.0092992361341744,13029,Non-Seasonal
21111,Jefferson County,Kentucky,24.831584874966108,0.5535753625071315,780449,Non-Seasonal
21113,Jessamine County,Kentucky,27.934973997788788,0.9346704313114594,53016,Non-Seasonal
21115,Johnson County,Kentucky,29.49784791965567,1.9811410610534337,22794,Non-Seasonal
21117,Kenton County,Kentucky,24.603376503237744,0.30743664312422103,168264,Non-Seasonal
21119,Knott County,Kentucky,29.016846869499624,0.3112955825674474,14506,Non-Seasonal
21121,Knox County,Kentucky,23.197562901951933,1.192886061307114,30367,Non-Seasonal
21123,Larue County,Kentucky,22.880853586247778,0.17056908047759342,14768,Non-Seasonal
21125,Laurel County,Kentucky,32.12968276088204,1.1190926275992439,62090,Non-Seasonal
21127,Lawrence County,Kentucky,25.359835503769705,2.5173148641449123,16274,Non-Seasonal
21129,Lee County,Kentucky,21.479185119574844,1.9444444444444444,7263,Non-Seasonal
21131,Leslie County,Kentucky,26.431852986217457,3.3698741372310193,10622,Non-Seasonal
21133,Letcher County,Kentucky,31.025220116400536,1.5939990623534925,21784,Non-Seasonal
21135,Lewis County,Kentucky,20.24270591272915,7.540660423854114,13103,Non-Seasonal
21137,Lincoln County,Kentucky,25.169217952723105,1.001669449081803,24314,Non-Seasonal
21139,Livingston County,Kentucky,26.256352343308865,7.1382219338092145,8989,Non-Seasonal
21141,Logan County,Kentucky,24.451273046532044,2.3519023920372453,27319,Non-Seasonal
21143,Lyon County,Kentucky,28.738621586475944,21.249477643125783,8700,Mixed Seasonal
21145,McCracken County,Kentucky,32.16959326594681,1.0579203595056796,67394,Non-Seasonal
21147,McCreary County,Kentucky,29.8011887681902,3.215618719494689,17044,Non-Seasonal
21149,McLean County,Kentucky,28.872468527640944,2.7551509343555343,9182,Non-Seasonal
21151,Madison County,Kentucky,29.65132561613144,0.34206059359086466,92194,Non-Seasonal
21153,Magoffin County,Kentucky,26.94509936005389,3.5988308366824993,11818,Non-Seasonal
21155,Marion County,Kentucky,20.337154416722857,2.5204032645223235,19556,Non-Seasonal
21157,Marshall County,Kentucky,25.522792237099445,8.0100508671937245,31662,Non-Seasonal
21159,Martin County,Kentucky,30.946804951488794,3.5330578512396698,11394,Non-Seasonal
21161,Mason County,Kentucky,31.644144144144143,1.1866895033031564,17103,Non-Seasonal
21163,Meade County,Kentucky,27.69265266462366,2.490181331996323,29735,Non-Seasonal
21165,Menifee County,Kentucky,20.34912718204489,20.8,6149,Non-Seasonal
21167,Mercer County,Kentucky,23.820901724496157,4.2551129204226035,22470,Non-Seasonal
21169,Metcalfe County,Kentucky,27.520564042303175,0,10275,Non-Seasonal
21171,Monroe County,Kentucky,29.796511627906973,1.7396291340087937,11269,Non-Seasonal
21173,Montgomery County,Kentucky,28.772957146659568,1.3259302229220187,28084,Non-Seasonal
21175,Morgan County,Kentucky,23.706134814440798,7.787830406244456,13772,Non-Seasonal
21177,Muhlenberg County,Kentucky,26.64985653421442,1.8337769890564921,31011,Non-Seasonal
21179,Nelson County,Kentucky,22.661444576008744,1.202415063446582,46440,Non-Seasonal
21181,Nicholas County,Kentucky,31.48409893992933,2.0217260108630053,7517,Non-Seasonal
21183,Ohio County,Kentucky,26.813142101515613,1.2767629149479474,23861,Non-Seasonal
21185,Oldham County,Kentucky,23.029333005017083,0.9172709006726654,67586,Non-Seasonal
21187,Owen County,Kentucky,23.567544960267668,7.009694258016405,11160,Non-Seasonal
21189,Owsley County,Kentucky,21.183206106870227,0.6615776081424937,4094,Non-Seasonal
21191,Pendleton County,Kentucky,24.589409056024557,0.9891512444160817,14625,Non-Seasonal
21193,Perry County,Kentucky,25.695581014729953,1.1454145490404308,28421,Non-Seasonal
21195,Pike County,Kentucky,31.299318992541348,1.3340706435335592,58914,Non-Seasonal
21197,Powell County,Kentucky,30.917127071823202,1.536537430766482,13050,Non-Seasonal
21199,Pulaski County,Kentucky,28.6501805194301,8.851689810411514,64717,Non-Seasonal
21203,Rockcastle County,Kentucky,22.372475179732966,1.9116052060737527,16167,Non-Seasonal
21205,Rowan County,Kentucky,26.95515651064665,2.336448598130841,24654,Non-Seasonal
21207,Russell County,Kentucky,28.788316946211683,18.593563766388556,17909,Mixed Seasonal
21209,Scott County,Kentucky,22.90070871214833,0.8074175946053858,56267,Non-Seasonal
21211,Shelby County,Kentucky,25.188755705327814,1.3504061978802389,47523,Non-Seasonal
21213,Simpson County,Kentucky,29.298974108451393,1.2168141592920354,19324,Non-Seasonal
21215,Spencer County,Kentucky,23.16883116883117,0.6523511823865181,19256,Non-Seasonal
21217,Taylor County,Kentucky,27.93532768459277,1.2161316283644819,25948,Non-Seasonal
21219,Todd County,Kentucky,27.80477926285946,2.0038910505836576,12206,Non-Seasonal
21221,Trigg County,Kentucky,29.778172138420583,14.556962025316455,14067,Non-Seasonal
21223,Trimble County,Kentucky,19.852941176470587,3.8900414937759336,8502,Non-Seasonal
21225,Union County,Kentucky,34.239578184214864,0.42365700728690053,13786,Non-Seasonal
21227,Warren County,Kentucky,27.354384665246783,0.8474880597550903,133216,Non-Seasonal
21229,Washington County,Kentucky,27.335766423357665,1.6570327552986512,11957,Non-Seasonal
21231,Wayne County,Kentucky,27.12148748776737,12.234303065922225,19743,Non-Seasonal
21233,Webster County,Kentucky,25.37051482059282,0.889121338912134,12994,Non-Seasonal
21235,Whitley County,Kentucky,29.19283554314957,2.8029518384256864,36578,Non-Seasonal
21237,Wolfe County,Kentucky,35.01577287066246,4.361873990306947,6666,Non-Seasonal
21239,Woodford County,Kentucky,31.465581051073276,2.4313174756429388,26758,Non-Seasonal
22001,Acadia Parish,Louisiana,34.011098779134294,1.0625549253015898,58200,Non-Seasonal
22003,Allen Parish,Louisiana,30.71447403110994,1.531682752832564,23085,Non-Seasonal
22005,Ascension Parish,Louisiana,22.7853378693883,0.8424617016502458,125289,Non-Seasonal
22007,Assumption Parish,Louisiana,23.244693258689058,5.314057826520439,21366,Non-Seasonal
22009,Avoyelles Parish,Louisiana,28.435886702944046,5.176108577394363,39880,Non-Seasonal
22011,Beauregard Parish,Louisiana,31.20432827431141,3.0301097218678232,36417,Non-Seasonal
22013,Bienville Parish,Louisiana,33.13098295587205,5.525100980957876,13130,Non-Seasonal
22015,Bossier Parish,Louisiana,29.757537644551586,2.06174360460903,128508,Non-Seasonal
22017,Caddo Parish,Louisiana,31.008313748226985,1.286076399697603,239775,Non-Seasonal
22019,Calcasieu Parish,Louisiana,29.62607033721696,2.3068913906422854,212646,Non-Seasonal
22021,Caldwell Parish,Louisiana,29.85228443833734,8.987068965517242,9707,Non-Seasonal
22023,Cameron Parish,Louisiana,42.111553784860554,26.818791946308725,5650,Resort Economies
22025,Catahoula Parish,Louisiana,30.052005943536404,10.307898259705489,9117,Non-Seasonal
22027,Claiborne Parish,Louisiana,27.149321266968325,7.6911935110081115,14456,Non-Seasonal
22029,Concordia Parish,Louisiana,39.062204575534125,9.752579607233995,18989,Non-Seasonal
22031,De Soto Parish,Louisiana,31.82606920485863,3.491090865113279,26803,Non-Seasonal
22033,East Baton Rouge Parish,Louisiana,27.05898278501811,2.420826306082394,455447,Non-Seasonal
22037,East Feliciana Parish,Louisiana,24.13319077440049,4.205318491032776,19588,Non-Seasonal
22039,Evangeline Parish,Louisiana,31.82620981985164,1.5811641234550853,32538,Non-Seasonal
22041,Franklin Parish,Louisiana,32.4988620846609,3.227252353204841,19964,Non-Seasonal
22043,Grant Parish,Louisiana,31.483683445633503,3.045798132503335,22236,Non-Seasonal
22045,Iberia Parish,Louisiana,37.70803279265332,1.1157239231966787,70518,Non-Seasonal
22047,Iberville Parish,Louisiana,26.537024456521742,5.787756959720853,30651,Non-Seasonal
22049,Jackson Parish,Louisiana,28.114377124575086,7.4303832368348495,15214,Non-Seasonal
22051,Jefferson Parish,Louisiana,28.03099583608982,1.5000905539313343,439402,Non-Seasonal
22053,Jefferson Davis Parish,Louisiana,38.47971321492586,4.126161157917477,32270,Non-Seasonal
22055,Lafayette Parish,Louisiana,33.06454383072273,1.133877993606162,241173,Non-Seasonal
22057,Lafourche Parish,Louisiana,31.851994511182262,1.0726880877742948,97677,Non-Seasonal
22059,LaSalle Parish,Louisiana,34.866828087167065,6.387771520514883,14770,Non-Seasonal
22061,Lincoln Parish,Louisiana,33.80086827918515,0.9311720943981869,48415,Non-Seasonal
22063,Livingston Parish,Louisiana,26.7027507499881,2.714265675410296,141057,Non-Seasonal
22065,Madison Parish,Louisiana,27.774064171122998,4.334014068527343,10297,Non-Seasonal
22067,Morehouse Parish,Louisiana,24.373861566484518,1.931276649109606,25852,Non-Seasonal
22069,Natchitoches Parish,Louisiana,28.7568996346109,2.9473570774287405,37896,Non-Seasonal
22071,Orleans Parish,Louisiana,30.492238644995563,4.652593910309449,383974,Non-Seasonal
22073,Ouachita Parish,Louisiana,27.870628055660024,0.9199724438831162,160227,Non-Seasonal
22075,Plaquemines Parish,Louisiana,27.138877835256665,4.711326112104322,23536,Non-Seasonal
22077,Pointe Coupee Parish,Louisiana,21.269357109338337,10.434307566238733,20951,Non-Seasonal
22079,Rapides Parish,Louisiana,28.047238236935097,1.0641054431757329,130459,Non-Seasonal
22081,Red River Parish,Louisiana,33.582887700534755,0.8259911894273128,7787,Non-Seasonal
22083,Richland Parish,Louisiana,32.22846185454048,2.491349480968858,20110,Non-Seasonal
22085,Sabine Parish,Louisiana,42.07232267037552,17.706949977866312,22377,Agricultural/Extractive
22087,St. Bernard Parish,Louisiana,33.719169190826484,2.3675052769695935,43821,Non-Seasonal
22089,St. Charles Parish,Louisiana,21.884851501576243,0.5679036522079702,52411,Non-Seasonal
22091,St. Helena Parish,Louisiana,28.382268278641337,6.486796785304248,10881,Non-Seasonal
22093,St. James Parish,Louisiana,26.472642607683355,0.5006403539410874,20390,Non-Seasonal
22095,St. John the Baptist Parish,Louisiana,24.683294859523674,1.6848867350388819,42704,Non-Seasonal
22097,St. Landry Parish,Louisiana,32.376981912484,4.413928396272683,82999,Non-Seasonal
22099,St. Martin Parish,Louisiana,32.98940707112395,5.985388986200709,52222,Non-Seasonal
22101,St. Mary Parish,Louisiana,37.29472102781951,2.570808031558885,49818,Non-Seasonal
22103,St. Tammany Parish,Louisiana,27.373375318236636,1.4570376018594224,262799,Non-Seasonal
22105,Tangipahoa Parish,Louisiana,31.131484233709955,2.4150029386097707,132492,Non-Seasonal
22107,Tensas Parish,Louisiana,37.58802816901409,22.390158172231985,4269,Mixed Seasonal
22109,Terrebonne Parish,Louisiana,37.87842145762339,2.584924110369457,110100,Non-Seasonal
22111,Union Parish,Louisiana,26.546906187624753,8.09110835795292,21272,Non-Seasonal
22113,Vermilion Parish,Louisiana,38.58404015925221,4.650621118012423,57775,Non-Seasonal
22115,Vernon Parish,Louisiana,20.145021846239658,2.093954843408594,49064,Non-Seasonal
22117,Washington Parish,Louisiana,28.9736213966583,3.1235387636771716,45794,Non-Seasonal
22119,Webster Parish,Louisiana,32.39415052446214,1.8321609684279403,37356,Non-Seasonal
22121,West Baton Rouge Parish,Louisiana,24.6098537462211,1.538187961234107,27064,Non-Seasonal
22123,West Carroll Parish,Louisiana,35.55992141453831,3.5608308605341246,9959,Non-Seasonal
22125,West Feliciana Parish,Louisiana,20.632638389647738,15.408929276965628,15334,Non-Seasonal
22127,Winn Parish,Louisiana,22.212674543501613,7.564718648271586,13875,Non-Seasonal
23001,Androscoggin County,Maine,26.389947394836145,2.666318390966264,110378,Non-Seasonal
23003,Aroostook County,Maine,27.76507020445508,15.291672080031182,67272,Mixed Seasonal
23005,Cumberland County,Maine,24.755252414011306,10.31799592382135,300776,Non-Seasonal
23007,Franklin County,Maine,25.993995753093653,34.44396777730111,29487,Vacation Destinations
23009,Hancock County,Maine,31.48615530926515,33.325870089807694,55417,Vacation Destinations
23011,Kennebec County,Maine,27.64111924178235,9.931561610540792,123293,Non-Seasonal
23013,Knox County,Maine,32.7603219942872,20.633480430568728,40519,Mixed Seasonal
23015,Lincoln County,Maine,28.098762360843338,29.202526815618775,35065,Mixed Seasonal
23017,Oxford County,Maine,30.549898167006113,30.09453781512605,57807,Vacation Destinations
23019,Penobscot County,Maine,28.59731636464241,8.123731709922033,152211,Non-Seasonal
23021,Piscataquis County,Maine,28.08229463883466,44.162747904314045,16760,Vacation Destinations
23023,Sagadahoc County,Maine,27.059465357337697,9.348516949152543,36530,Non-Seasonal
23025,Somerset County,Maine,29.075238760773352,21.991034990299056,50424,Mixed Seasonal
23027,Waldo County,Maine,25.674259555457503,15.172382342210872,39618,Mixed Seasonal
23029,Washington County,Maine,32.36390753169277,26.58407891718284,31003,Mixed Seasonal
23031,York County,Maine,26.629526965409518,16.554611302352264,210486,Mixed Seasonal
24001,Allegany County,Maryland,28.786313009530375,3.422722993288183,68684,Non-Seasonal
24003,Anne Arundel County,Maryland,21.714492876692642,0.987419480351044,584064,Non-Seasonal
24005,Baltimore County,Maryland,22.826524952474863,0.2923279701584257,850702,Non-Seasonal
24009,Calvert County,Maryland,19.86152733285109,2.557674431706149,92515,Non-Seasonal
24011,Caroline County,Maryland,30.262238872309354,1.1436209713352146,33234,Non-Seasonal
24013,Carroll County,Maryland,22.10131961529859,0.35877862595419846,172148,Non-Seasonal
24015,Cecil County,Maryland,23.33502383608885,4.610957590152329,103370,Non-Seasonal
24017,Charles County,Maryland,20.002407173376664,0.6788943258044655,165209,Non-Seasonal
24019,Dorchester County,Maryland,28.4392984379282,8.05695855899714,32486,Non-Seasonal
24021,Frederick County,Maryland,23.641312153505876,0.3755638360462836,267498,Non-Seasonal
24023,Garrett County,Maryland,28.46948635991972,23.053649575882005,28955,Mixed Seasonal
24025,Harford County,Maryland,23.182143282870427,0.41290925734764233,259162,Non-Seasonal
24027,Howard County,Maryland,18.540757977945905,0.3960460853626604,329248,Non-Seasonal
24029,Kent County,Maryland,30.844484425952995,10.392498066511987,19335,Non-Seasonal
24031,Montgomery County,Maryland,22.177625574902187,0.46399729314179655,1057201,Non-Seasonal
24033,Prince George's County,Maryland,22.646215289216943,0.1715998101448909,957767,Non-Seasonal
24035,Queen Anne's County,Maryland,24.229513418810225,3.5943699225392027,49702,Non-Seasonal
24037,St. Mary's County,Maryland,20.501412429378533,3.0151978377420354,113209,Non-Seasonal
24039,Somerset County,Maryland,27.908796244551247,7.9992694731074785,24834,Non-Seasonal
24041,Talbot County,Maryland,28.189300411522634,9.481043016788284,37510,Non-Seasonal
24043,Washington County,Maryland,24.9863116336705,0.7614453272796066,153956,Non-Seasonal
24045,Wicomico County,Maryland,30.985887015245257,1.0966273536105937,103223,Non-Seasonal
24047,Worcester County,Maryland,35.414301929625424,55.44686527345487,52322,Resort Economies
24510,Baltimore city,Maryland,21.12331752716991,0.23083365677282291,592211,Non-Seasonal
25001,Barnstable County,Massachusetts,28.77933846850929,36.34385465861916,227942,Vacation Destinations
25003,Berkshire County,Massachusetts,27.121028377395103,13.1800215594682,129089,Non-Seasonal
25005,Bristol County,Massachusetts,25.873105393020797,1.0663937403017596,576070,Non-Seasonal
25007,Dukes County,Massachusetts,26.327367263273672,58.39466027725484,20277,Vacation Destinations
25009,Essex County,Massachusetts,23.80454415818994,1.6754399990160749,804598,Non-Seasonal
25011,Franklin County,Massachusetts,24.724236183598048,4.005709957466643,71085,Non-Seasonal
25013,Hampden County,Massachusetts,22.960173510975523,0.8199556450792489,466265,Non-Seasonal
25015,Hampshire County,Massachusetts,23.554042468595853,1.5915724188252462,161810,Non-Seasonal
25017,Middlesex County,Massachusetts,19.046104820126807,0.5653123140168385,1623411,Non-Seasonal
25019,Nantucket County,Massachusetts,19.152232079988735,63.25589059153073,13795,Vacation Destinations
25021,Norfolk County,Massachusetts,20.892499225536895,0.432448140818953,720403,Non-Seasonal
25023,Plymouth County,Massachusetts,25.005780001939097,4.384747399911845,527602,Non-Seasonal
25025,Suffolk County,Massachusetts,22.28456135176824,1.4947036129698723,792647,Non-Seasonal
25027,Worcester County,Massachusetts,22.957942138974612,0.9368976114982629,856858,Non-Seasonal
26001,Alcona County,Michigan,27.117629452259802,48.24857666698833,10138,Vacation Destinations
26003,Alger County,Michigan,36.080983369486624,42.78606965174129,8911,Resort Economies
26005,Allegan County,Michigan,26.912242686890576,9.160586774293696,119418,Non-Seasonal
26007,Alpena County,Michigan,31.506385858073248,11.274072184670322,28913,Non-Seasonal
26009,Antrim County,Michigan,29.988181997242464,38.72345271309002,23427,Vacation Destinations
26011,Arenac County,Michigan,30.81275720164609,27.848898216159494,15009,Mixed Seasonal
26013,Baraga County,Michigan,33.33333333333333,32.48720975993703,8249,Vacation Destinations
26015,Barry County,Michigan,24.108598568086766,7.816622691292877,62014,Non-Seasonal
26017,Bay County,Michigan,28.83592799026203,1.1101499423298733,104050,Non-Seasonal
26019,Benzie County,Michigan,33.13775510204081,39.36767376589071,17926,Vacation Destinations
26021,Berrien County,Michigan,26.637139247334723,10.467401632196175,154263,Non-Seasonal
26023,Branch County,Michigan,27.261139731265597,12.63996138996139,44677,Non-Seasonal
26025,Calhoun County,Michigan,28.25104430596453,1.6992894489878,134207,Non-Seasonal
26027,Cass County,Michigan,23.12566446948756,11.87487704111745,51632,Non-Seasonal
26029,Charlevoix County,Michigan,30.298362250689152,28.67377349839523,26109,Mixed Seasonal
26031,Cheboygan County,Michigan,34.33522616017231,33.66073948631104,25654,Vacation Destinations
26033,Chippewa County,Michigan,32.819083425163676,25.65486117924066,37091,Mixed Seasonal
26035,Clare County,Michigan,33.62797847809377,43.28772105287085,30827,Vacation Destinations
26037,Clinton County,Michigan,22.371521035598704,0.28511864614629956,78895,Non-Seasonal
26039,Crawford County,Michigan,31.831100284206254,41.17647058823529,13102,Vacation Destinations
26041,Delta County,Michigan,32.340169684013624,14.263409720473433,36836,Non-Seasonal
26043,Dickinson County,Michigan,23.453313385549592,11.460577337354588,25954,Non-Seasonal
26045,Eaton County,Michigan,21.70927850694181,0.2506582411795682,108972,Non-Seasonal
26047,Emmet County,Michigan,33.78564995496848,29.550163451355953,33946,Mixed Seasonal
26049,Genesee County,Michigan,28.101406848162323,0.7765291483719514,406400,Non-Seasonal
26051,Gladwin County,Michigan,23.84,33.70601388725433,25344,Vacation Destinations
26053,Gogebic County,Michigan,32.70379338175948,25.991189427312776,14858,Mixed Seasonal
26055,Grand Traverse County,Michigan,30.87921603412955,9.542835698991192,94562,Non-Seasonal
26057,Gratiot County,Michigan,25.38590403254756,1.706420875630566,41758,Non-Seasonal
26059,Hillsdale County,Michigan,25.077128753599343,11.073841136734218,45673,Non-Seasonal
26061,Houghton County,Michigan,28.07128014608652,14.8303264604811,37485,Non-Seasonal
26063,Huron County,Michigan,33.410881801125704,28.71887687717067,31542,Mixed Seasonal
26065,Ingham County,Michigan,24.846098265895954,0.3769960379397287,285660,Non-Seasonal
26067,Ionia County,Michigan,28.714960313473327,1.5437114072148195,66564,Non-Seasonal
26069,Iosco County,Michigan,30.566958837235102,37.89156626506024,25262,Vacation Destinations
26071,Iron County,Michigan,35.42857142857142,35.12091356918943,11580,Resort Economies
26073,Isabella County,Michigan,35.224147642556574,5.859894921190893,65623,Non-Seasonal
26075,Jackson County,Michigan,23.863669158177252,3.277119614865943,160765,Non-Seasonal
26077,Kalamazoo County,Michigan,26.867390589009542,1.0592586070265035,261280,Non-Seasonal
26079,Kalkaska County,Michigan,35.722130697419004,35.21586129945927,17813,Resort Economies
26081,Kent County,Michigan,24.18538793842047,0.8529864039828869,654958,Non-Seasonal
26085,Lake County,Michigan,36.139967195188625,62.32472324723247,12248,Resort Economies
26087,Lapeer County,Michigan,23.6918275402079,2.52194776160096,88644,Non-Seasonal
26089,Leelanau County,Michigan,29.838283479547616,32.69093039911453,22251,Vacation Destinations
26091,Lenawee County,Michigan,27.30111008325624,5.350426566370057,99346,Non-Seasonal
26093,Livingston County,Michigan,24.367483870967742,1.9280915618697734,193234,Non-Seasonal
26095,Luce County,Michigan,28.013208585580628,39.36117936117936,5520,Vacation Destinations
26097,Mackinac County,Michigan,38.59115375614323,43.66370342349158,10814,Resort Economies
26099,Macomb County,Michigan,25.473440943814772,0.43750543147649257,879123,Non-Seasonal
26101,Manistee County,Michigan,34.5810866860224,30.514587492754558,24939,Vacation Destinations
26103,Marquette County,Michigan,33.77191517782601,13.763159459941713,66380,Non-Seasonal
26105,Mason County,Michigan,32.24003887269193,24.02369586472652,29103,Mixed Seasonal
26107,Mecosta County,Michigan,29.38961433343456,18.805055534278054,40051,Mixed Seasonal
26109,Menominee County,Michigan,25.56053811659193,18.34759117514633,23477,Mixed Seasonal
26111,Midland County,Michigan,25.141675395482505,3.0512799630805985,83467,Non-Seasonal
26113,Missaukee County,Michigan,30.096153846153843,28.650264428604277,15038,Mixed Seasonal
26115,Monroe County,Michigan,23.694991221433977,0.6137591987541604,154068,Non-Seasonal
26117,Montcalm County,Michigan,26.32765075787867,11.959014044138721,66430,Non-Seasonal
26119,Montmorency County,Michigan,31.717495987158912,47.85698423273374,9164,Vacation Destinations
26121,Muskegon County,Michigan,25.722359309082226,3.2560076295888347,175633,Non-Seasonal
26123,Newaygo County,Michigan,25.81605222734255,18.511434849841297,49653,Mixed Seasonal
26125,Oakland County,Michigan,21.36728738793109,0.7432356492072758,1271983,Non-Seasonal
26127,Oceana County,Michigan,31.71169553900009,30.581745879032773,26555,Vacation Destinations
26129,Ogemaw County,Michigan,34.747279988982235,37.05487923963284,20745,Vacation Destinations
26131,Ontonagon County,Michigan,37.38693467336683,42.6628895184136,5891,Resort Economies
26133,Osceola County,Michigan,28.802992518703242,24.68339495005113,22917,Mixed Seasonal
26135,Oscoda County,Michigan,33.825701624815366,54.14534288638689,8206,Vacation Destinations
26137,Otsego County,Michigan,40.14849692140528,27.127552051748534,25016,Resort Economies
26139,Ottawa County,Michigan,24.502328813808496,2.6544060490424704,293713,Non-Seasonal
26141,Presque Isle County,Michigan,36.39000446229362,33.921330089213306,12976,Resort Economies
26143,Roscommon County,Michigan,32.694813656502475,48.04027018887407,23458,Vacation Destinations
26145,Saginaw County,Michigan,27.25569778332813,0.4471804402113944,190540,Non-Seasonal
26147,St. Clair County,Michigan,25.30289039984331,4.000945324121057,160067,Non-Seasonal
26149,St. Joseph County,Michigan,24.13830755232029,6.453631778522255,60828,Non-Seasonal
26151,Sanilac County,Michigan,29.61558653677886,14.583428754637476,40829,Non-Seasonal
26153,Schoolcraft County,Michigan,36.27951499680918,32.05192211682476,8004,Resort Economies
26155,Shiawassee County,Michigan,27.084791043826726,1.4789571201694018,68203,Non-Seasonal
26157,Tuscola County,Michigan,27.989375112551773,4.001000250062516,53288,Non-Seasonal
26159,Van Buren County,Michigan,27.869289565681104,13.39053702901689,75550,Non-Seasonal
26161,Washtenaw County,Michigan,21.94737772634489,1.0299691522314929,372428,Non-Seasonal
26163,Wayne County,Michigan,24.495865537142663,0.3952310052735289,1789781,Non-Seasonal
26165,Wexford County,Michigan,27.659268835739425,15.77093581101597,33552,Mixed Seasonal
27001,Aitkin County,Minnesota,30.19311502938707,51.16965226554267,15747,Vacation Destinations
27003,Anoka County,Minnesota,23.564200289131293,0.31507229849262397,360773,Non-Seasonal
27005,Becker County,Minnesota,29.34836471754212,25.56186965647878,34995,Mixed Seasonal
27007,Beltrami County,Minnesota,27.277565436160433,11.904873807397658,46033,Non-Seasonal
27009,Benton County,Minnesota,23.52696327814263,0.8315887415678064,41087,Non-Seasonal
27011,Big Stone County,Minnesota,31.996434937611408,15.289806795469687,5155,Mixed Seasonal
27013,Blue Earth County,Minnesota,27.776439412189834,1.6027633851468048,68575,Non-Seasonal
27015,Brown County,Minnesota,30.020253544370263,0.7323511879417526,25894,Non-Seasonal
27017,Carlton County,Minnesota,22.541367467998754,8.030972035579447,36145,Non-Seasonal
27019,Carver County,Minnesota,23.154999216560178,0.823810121813387,105694,Non-Seasonal
27021,Cass County,Minnesota,32.770051746442434,45.68532136773443,29917,Vacation Destinations
27023,Chippewa County,Minnesota,31.751199451679234,1.204605845881311,12509,Non-Seasonal
27025,Chisago County,Minnesota,22.53400192334112,4.230942715381146,56328,Non-Seasonal
27027,Clay County,Minnesota,24.34279234923761,0.6177230354535584,64975,Non-Seasonal
27029,Clearwater County,Minnesota,29.0893760539629,19.30216953701633,8525,Mixed Seasonal
27031,Cook County,Minnesota,45.444763271162124,54.9983113812901,5574,Resort Economies
27033,Cottonwood County,Minnesota,31.60865475070555,0.9872241579558653,11484,Non-Seasonal
27035,Crow Wing County,Minnesota,29.303716360529684,29.911145451033416,65879,Mixed Seasonal
27037,Dakota County,Minnesota,23.663136471885995,0.3533198679852619,435863,Non-Seasonal
27039,Dodge County,Minnesota,23.763440860215056,1.3448025199903078,20798,Non-Seasonal
27041,Douglas County,Minnesota,25.95213319458897,17.59704251386322,38742,Mixed Seasonal
27043,Faribault County,Minnesota,32.204886664704155,1.2131715771230502,13933,Non-Seasonal
27045,Fillmore County,Minnesota,28.851834206765126,5.10713542750156,21179,Non-Seasonal
27047,Freeborn County,Minnesota,28.376712328767123,0.9335879482283047,30882,Non-Seasonal
27049,Goodhue County,Minnesota,26.794678714859437,2.4764377764954797,47503,Non-Seasonal
27051,Grant County,Minnesota,33.80671977831659,13.922061596480201,6045,Non-Seasonal
27053,Hennepin County,Minnesota,23.0824097443213,0.715306022309697,1270283,Non-Seasonal
27055,Houston County,Minnesota,25.349421820010054,2.675086107921929,18806,Non-Seasonal
27057,Hubbard County,Minnesota,29.450897571277718,39.20593843639335,21219,Vacation Destinations
27059,Isanti County,Minnesota,22.86888899895983,3.5836385836385833,40604,Non-Seasonal
27061,Itasca County,Minnesota,29.834018252655177,24.85190958690569,44969,Mixed Seasonal
27063,Jackson County,Minnesota,28.781925343811395,3.0204743563754306,10016,Non-Seasonal
27065,Kanabec County,Minnesota,27.57466184545333,11.615573664467728,16004,Non-Seasonal
27067,Kandiyohi County,Minnesota,29.785306640094213,8.957695588899483,43504,Non-Seasonal
27069,Kittson County,Minnesota,32.36151603498542,8.584987057808457,4213,Non-Seasonal
27071,Koochiching County,Minnesota,29.942487419122934,16.905751441211958,12203,Mixed Seasonal
27073,Lac qui Parle County,Minnesota,33.567550303417434,5.936334958416977,6753,Non-Seasonal
27075,Lake County,Minnesota,32.5,28.68930068984174,10835,Mixed Seasonal
27077,Lake of the Woods County,Minnesota,36.67638483965015,55.18453427065027,3757,Resort Economies
27079,Le Sueur County,Minnesota,21.845864913810452,8.197492163009404,28567,Non-Seasonal
27081,Lincoln County,Minnesota,32.9654157468727,7.599478147423352,5655,Non-Seasonal
27083,Lyon County,Minnesota,30.10989010989011,0.3860657209552882,25477,Non-Seasonal
27085,McLeod County,Minnesota,23.107950323744824,1.274329550497686,36662,Non-Seasonal
27087,Mahnomen County,Minnesota,39.30399181166837,18.938807126258713,5429,Mixed Seasonal
27089,Marshall County,Minnesota,31.738326398520574,7.836990595611286,9082,Non-Seasonal
27091,Martin County,Minnesota,34.29012345679012,1.122792691640298,20070,Non-Seasonal
27093,Meeker County,Minnesota,26.212054553453584,9.604306355652092,23268,Non-Seasonal
27095,Mille Lacs County,Minnesota,26.96058676553558,12.874392347498823,26397,Non-Seasonal
27097,Morrison County,Minnesota,29.162615459406904,10.735413163957904,33876,Non-Seasonal
27099,Mower County,Minnesota,22.160635850240535,0.6156396140413188,39985,Non-Seasonal
27101,Murray County,Minnesota,30.826693227091635,12.037247331364979,8224,Non-Seasonal
27103,Nicollet County,Minnesota,22.815072830905635,0.3892798323102261,34295,Non-Seasonal
27105,Nobles County,Minnesota,26.330907698199923,0.35629453681710216,22223,Non-Seasonal
27107,Norman County,Minnesota,33.6630398944939,2.430769230769231,6500,Non-Seasonal
27109,Olmsted County,Minnesota,20.11463075217586,0.7301517484055421,160928,Non-Seasonal
27111,Otter Tail County,Minnesota,26.190897195600666,26.88679245283019,59728,Mixed Seasonal
27113,Pennington County,Minnesota,25.443298969072163,2.8394502341036096,14063,Non-Seasonal
27115,Pine County,Minnesota,30.751268218052985,29.775912020339383,28997,Mixed Seasonal
27117,Pipestone County,Minnesota,28.388321860906718,1.0347206254311336,9370,Non-Seasonal
27119,Polk County,Minnesota,29.8107794248241,7.514845403044161,31303,Non-Seasonal
27121,Pope County,Minnesota,26.601941747572816,19.448362325654287,11216,Mixed Seasonal
27123,Ramsey County,Minnesota,23.12580830579106,0.5161057554811487,549377,Non-Seasonal
27125,Red Lake County,Minnesota,26.529535864978904,3.349282296650718,3921,Non-Seasonal
27127,Redwood County,Minnesota,32.45964960684232,0.7020499859590003,15435,Non-Seasonal
27129,Renville County,Minnesota,31.20424860054543,0.5579399141630901,14768,Non-Seasonal
27131,Rice County,Minnesota,23.87112747980564,3.0164460489370235,66795,Non-Seasonal
27133,Rock County,Minnesota,30.160016204172575,0.42603550295857984,9718,Non-Seasonal
27135,Roseau County,Minnesota,25.165648954137975,9.622615234646984,15321,Non-Seasonal
27137,St. Louis County,Minnesota,29.698882699081285,11.006863000608114,200311,Non-Seasonal
27139,Scott County,Minnesota,24.68875902871039,0.4269281679375081,149568,Non-Seasonal
27141,Sherburne County,Minnesota,22.5433189905803,2.113211800174692,96295,Non-Seasonal
27143,Sibley County,Minnesota,25.842842323651453,1.1314321140731556,14948,Non-Seasonal
27145,Stearns County,Minnesota,26.382654357584485,4.015670910871695,157638,Non-Seasonal
27147,Steele County,Minnesota,26.7054013341941,1.098129349422205,37363,Non-Seasonal
27149,Stevens County,Minnesota,34.11996066863324,4.600426843727769,9669,Non-Seasonal
27151,Swift County,Minnesota,33.16604843988654,3.487877498936623,9810,Non-Seasonal
27153,Todd County,Minnesota,28.69260556887332,19.154423257267897,25121,Mixed Seasonal
27155,Traverse County,Minnesota,34.885164494103044,13.655462184873949,3362,Non-Seasonal
27157,Wabasha County,Minnesota,27.05510388437218,6.799173472399882,21425,Non-Seasonal
27159,Wadena County,Minnesota,29.342919244273535,13.232323232323232,14009,Non-Seasonal
27161,Waseca County,Minnesota,24.654353562005277,1.0630220197418374,18972,Non-Seasonal
27163,Washington County,Minnesota,21.52568251718621,1.0291027935569217,264818,Non-Seasonal
27165,Watonwan County,Minnesota,28.11023622047244,2.1011831905344756,11223,Non-Seasonal
27167,Wilkin County,Minnesota,32.72903852379411,1.5703307718008688,6495,Non-Seasonal
27169,Winona County,Minnesota,25.65974376756579,1.3962735216607334,49889,Non-Seasonal
27171,Wright County,Minnesota,23.480883407040746,4.2134779298434575,139890,Non-Seasonal
27173,Yellow Medicine County,Minnesota,32.70399305555556,2.8301886792452833,9616,Non-Seasonal
28001,Adams County,Mississippi,32.32952225398122,5.098883357998116,29927,Non-Seasonal
28003,Alcorn County,Mississippi,23.00194931773879,0.3010937692024087,34964,Non-Seasonal
28005,Amite County,Mississippi,29.71898197242842,5.441607367099205,12718,Non-Seasonal
28007,Attala County,Mississippi,27.939020815010263,7.695979000119317,18025,Non-Seasonal
28009,Benton County,Mississippi,27.408328154133,6.162533758900074,7687,Non-Seasonal
28011,Bolivar County,Mississippi,31.17158849642926,1.3850415512465373,31301,Non-Seasonal
28013,Calhoun County,Mississippi,28.05728975394785,1.3611480988311881,13420,Non-Seasonal
28015,Carroll County,Mississippi,21.327849588719154,7.151539708265803,10053,Non-Seasonal
28017,Chickasaw County,Mississippi,24.6733515648739,1.5210105697344676,17100,Non-Seasonal
28019,Choctaw County,Mississippi,25.250166777851902,3.4395198522622343,8264,Non-Seasonal
28021,Claiborne County,Mississippi,23.6014699877501,14.379746835443038,9115,Non-Seasonal
28023,Clarke County,Mississippi,24.92512479201331,2.599448601811737,15678,Non-Seasonal
28025,Clay County,Mississippi,25.913669064748202,3.4746891651865006,18768,Non-Seasonal
28027,Coahoma County,Mississippi,34.07285675157491,3.0202326263317367,21839,Non-Seasonal
28029,Copiah County,Mississippi,27.344041837878226,5.3163125151490664,28453,Non-Seasonal
28031,Covington County,Mississippi,28.916801728795242,3.664984378755107,18491,Non-Seasonal
28033,DeSoto County,Mississippi,24.964969382688807,0.8570139828597204,183220,Non-Seasonal
28035,Forrest County,Mississippi,32.668760263908496,0.42205459770114945,77743,Non-Seasonal
28037,Franklin County,Mississippi,36.5625,12.11340206185567,7705,Non-Seasonal
28039,George County,Mississippi,26.4669472641743,2.5093485534343634,24260,Non-Seasonal
28041,Greene County,Mississippi,32.313260941099045,3.794249951105026,13653,Non-Seasonal
28043,Grenada County,Mississippi,23.305380852550662,3.6237471087124136,21621,Non-Seasonal
28045,Hancock County,Mississippi,28.5931790499391,6.721457130164371,45911,Non-Seasonal
28047,Harrison County,Mississippi,32.55175120180516,3.2394597254880515,207382,Non-Seasonal
28049,Hinds County,Mississippi,27.287160351505225,0.37592919685277365,230772,Non-Seasonal
28051,Holmes County,Mississippi,26.055633380028016,7.81188249242524,17243,Non-Seasonal
28053,Humphreys County,Mississippi,25.9273570324575,3.58945597307908,7916,Non-Seasonal
28055,Issaquena County,Mississippi,21.428571428571427,3.938730853391685,1111,Non-Seasonal
28057,Itawamba County,Mississippi,18.80871670702179,2.3501199040767387,23863,Non-Seasonal
28059,Jackson County,Mississippi,29.617724715876477,1.0971307051602197,142993,Non-Seasonal
28061,Jasper County,Mississippi,22.16008947116153,3.202979515828678,16406,Non-Seasonal
28063,Jefferson County,Mississippi,23.612374886260238,11.075110456553755,7286,Non-Seasonal
28065,Jefferson Davis County,Mississippi,22.03235361130098,2.6339048965882976,11372,Non-Seasonal
28067,Jones County,Mississippi,30.6860524585373,1.2543358676990994,67374,Non-Seasonal
28069,Kemper County,Mississippi,26.243567753001717,1.5,9211,Non-Seasonal
28071,Lafayette County,Mississippi,27.68313458262351,13.852033458321314,55727,Non-Seasonal
28073,Lamar County,Mississippi,25.923997917751173,0.828034895756321,63610,Non-Seasonal
28075,Lauderdale County,Mississippi,27.325562305040226,1.2088630153261257,73756,Non-Seasonal
28077,Lawrence County,Mississippi,27.654973570398845,6.369316209649427,12055,Non-Seasonal
28079,Leake County,Mississippi,25.49535991973915,3.1053155044756324,21452,Non-Seasonal
28081,Lee County,Mississippi,23.80465823050119,0.3202971496245256,83388,Non-Seasonal
28083,Leflore County,Mississippi,31.719771241830063,4.157152980080308,28555,Non-Seasonal
28085,Lincoln County,Mississippi,27.31794224630688,3.6452700553470323,34910,Non-Seasonal
28087,Lowndes County,Mississippi,25.35319909061384,1.0443379046344818,58904,Non-Seasonal
28089,Madison County,Mississippi,20.757376433001316,0.6313659062410629,108248,Non-Seasonal
28091,Marion County,Mississippi,33.478825056033976,2.3164296574546106,24609,Non-Seasonal
28093,Marshall County,Mississippi,24.3114130029111,6.200053276505061,34031,Non-Seasonal
28095,Monroe County,Mississippi,23.824543387368884,2.1291909074551674,34448,Non-Seasonal
28097,Montgomery County,Mississippi,20.296888381387383,6.610461774286263,9948,Non-Seasonal
28099,Neshoba County,Mississippi,32.950941988435,3.034574247574828,29153,Non-Seasonal
28101,Newton County,Mississippi,26.328444337581146,3.2215647600262987,21385,Non-Seasonal
28103,Noxubee County,Mississippi,34.8761230601688,9.140575751208237,10410,Non-Seasonal
28105,Oktibbeha County,Mississippi,24.83307897748951,4.076381909547739,51339,Non-Seasonal
28107,Panola County,Mississippi,21.34967207455989,3.9056087551299594,33300,Non-Seasonal
28109,Pearl River County,Mississippi,32.078567196828146,3.9334280495230365,55972,Non-Seasonal
28111,Perry County,Mississippi,23.769633507853403,0.5882352941176471,11611,Non-Seasonal
28113,Pike County,Mississippi,30.1320361362057,2.5791759347526746,40262,Non-Seasonal
28115,Pontotoc County,Mississippi,23.539317616049203,0.9730593275724349,31136,Non-Seasonal
28117,Prentiss County,Mississippi,22.292130481076374,0.7913407313079861,25022,Non-Seasonal
28119,Quitman County,Mississippi,25.819265143992055,2.4587512131996117,6327,Non-Seasonal
28121,Rankin County,Mississippi,24.241544491217883,0.5445222333349209,156052,Non-Seasonal
28123,Scott County,Mississippi,27.771826459560796,0.32601991364877964,28062,Non-Seasonal
28125,Sharkey County,Mississippi,37.67670559311617,5.861868833430064,4160,Non-Seasonal
28127,Simpson County,Mississippi,26.902583693575956,2.1948700292649335,26064,Non-Seasonal
28129,Smith County,Mississippi,18.118793329585912,2.20763723150358,14483,Non-Seasonal
28131,Stone County,Mississippi,33.20803816683534,4.0491781371107844,18356,Non-Seasonal
28133,Sunflower County,Mississippi,31.900588305919076,1.681294279369779,26295,Non-Seasonal
28135,Tallahatchie County,Mississippi,24.02512998266898,3.1827327601975495,12917,Non-Seasonal
28137,Tate County,Mississippi,28.36282425700051,0.9744861800141743,28123,Non-Seasonal
28139,Tippah County,Mississippi,26.08249772105743,3.1326034063260346,21877,Non-Seasonal
28141,Tishomingo County,Mississippi,20.687734929695115,8.300771943200228,18945,Non-Seasonal
28143,Tunica County,Mississippi,53.39705502454146,3.16110747765424,9949,Agricultural/Extractive
28145,Union County,Mississippi,24.477958236658935,0.57913460742946965,27775,Non-Seasonal
28147,Walthall County,Mississippi,24.38328236493374,3.6643885415151956,13981,Non-Seasonal
28149,Warren County,Mississippi,28.291169200021038,1.1203570266375342,45141,Non-Seasonal
28151,Washington County,Mississippi,36.08603915133044,0.724603136768842,45616,Non-Seasonal
28153,Wayne County,Mississippi,30.575681728362536,1.0045258858593664,19824,Non-Seasonal
28155,Webster County,Mississippi,23.871641012261936,6.73554540035764,9938,Non-Seasonal
28157,Wilkinson County,Mississippi,18.291839557399722,10.930735930735931,8706,Non-Seasonal
28159,Winston County,Mississippi,27.679137603043753,3.0843958712811173,17846,Non-Seasonal
28161,Yalobusha County,Mississippi,16.676130986182095,9.870373262533187,12586,Non-Seasonal
28163,Yazoo County,Mississippi,26.036838978015446,3.234501347708895,27924,Non-Seasonal
29001,Adair County,Missouri,27.5390625,4.11998235553595,25339,Non-Seasonal
29003,Andrew County,Missouri,22.23003869152304,0.411522633744856,18023,Non-Seasonal
29005,Atchison County,Missouri,31.909055272442178,1.2690355329949239,5312,Non-Seasonal
29007,Audrain County,Missouri,29.909976116112436,0.8417667643998865,25223,Non-Seasonal
29009,Barry County,Missouri,29.779184150787646,10.041055718475073,34648,Non-Seasonal
29011,Barton County,Missouri,32.018464120856066,1.3508442776735459,11712,Non-Seasonal
29013,Bates County,Missouri,33.67860739461948,1.1671014691747905,16100,Non-Seasonal
29015,Benton County,Missouri,29.119905493207327,33.53864202962311,19351,Vacation Destinations
29017,Bollinger County,Missouri,28.210429588789342,12.01323987538941,10758,Non-Seasonal
29019,Boone County,Missouri,24.848242138099653,0.23330306698950767,182170,Non-Seasonal
29021,Buchanan County,Missouri,26.171040094764763,0.5033907146583203,85545,Non-Seasonal
29023,Butler County,Missouri,30.74872645421159,2.5961290322580646,42314,Non-Seasonal
29025,Caldwell County,Missouri,28.950972336346208,2.801120448179272,8856,Non-Seasonal
29027,Callaway County,Missouri,29.008739076154804,3.9149165320409263,44449,Non-Seasonal
29029,Camden County,Missouri,38.06716082659479,53.863012318311206,43053,Resort Economies
29031,Cape Girardeau County,Missouri,30.01359790491539,2.6132404181184667,81086,Non-Seasonal
29033,Carroll County,Missouri,29.794062583578494,4.138244656662119,8564,Non-Seasonal
29035,Carter County,Missouri,24.290627687016336,17.952468007312614,5365,Non-Seasonal
29037,Cass County,Missouri,24.580813107725287,0.34303727053587985,106966,Non-Seasonal
29039,Cedar County,Missouri,34.02638944422231,4.504375268971454,14184,Non-Seasonal
29041,Chariton County,Missouri,33.439389118676424,6.070870244919229,7432,Non-Seasonal
29043,Christian County,Missouri,27.507746162397407,0.9713760202322106,87824,Non-Seasonal
29045,Clark County,Missouri,25.471374700034282,5.64937058642923,6649,Non-Seasonal
29047,Clay County,Missouri,24.34666584872094,0.38910132926981206,250134,Non-Seasonal
29049,Clinton County,Missouri,20.61168760240306,1.9396793362484583,21095,Non-Seasonal
29051,Cole County,Missouri,22.533252879292704,0.8917005573128483,77412,Non-Seasonal
29053,Cooper County,Missouri,28.725436681222703,1.0132822127892647,17397,Non-Seasonal
29055,Crawford County,Missouri,31.311992786293956,7.590960649158014,23204,Non-Seasonal
29057,Dade County,Missouri,30.669761273209552,3.421052631578948,7584,Non-Seasonal
29059,Dallas County,Missouri,26.799738219895286,3.780295047418335,16946,Non-Seasonal
29061,Daviess County,Missouri,28.77422877422877,11.875908870576831,8427,Non-Seasonal
29063,DeKalb County,Missouri,26.98212937326957,0.32863849765258213,11639,Non-Seasonal
29065,Dent County,Missouri,24.445959768155472,5.074149462052922,14585,Non-Seasonal
29067,Douglas County,Missouri,30.358874878758485,4.2541537337958735,11808,Non-Seasonal
29069,Dunklin County,Missouri,31.63872363439697,0.442837109749797,28592,Non-Seasonal
29071,Franklin County,Missouri,24.984230980527805,1.9565699091513407,104331,Non-Seasonal
29073,Gasconade County,Missouri,25.981094242337438,9.887669801462904,14803,Non-Seasonal
29075,Gentry County,Missouri,27.63010108573568,2.1981738248224554,6231,Non-Seasonal
29077,Greene County,Missouri,30.28317656391659,0.2695775145837016,296875,Non-Seasonal
29079,Grundy County,Missouri,36.51551312649165,2.551440329218107,9901,Non-Seasonal
29081,Harrison County,Missouri,32.26846424384525,3.7647637795275593,8229,Non-Seasonal
29083,Henry County,Missouri,29.74786278541283,3.4379949687878506,21884,Non-Seasonal
29085,Hickory County,Missouri,28.964974419519873,28.718861209964412,8429,Mixed Seasonal
29087,Holt County,Missouri,32.119372787051084,10.19082419813236,4295,Non-Seasonal
29089,Howard County,Missouri,30.528511821974963,1.593444115638516,10147,Non-Seasonal
29091,Howell County,Missouri,27.377672832218288,1.95470402569356,39753,Non-Seasonal
29093,Iron County,Missouri,27.538209606986904,10.155266470835082,9606,Non-Seasonal
29095,Jackson County,Missouri,25.400071549497323,0.4678155696584702,713229,Non-Seasonal
29097,Jasper County,Missouri,27.737475309750405,0.8224719958780985,122059,Non-Seasonal
29099,Jefferson County,Missouri,25.233454235875243,1.2031300945549397,225913,Non-Seasonal
29101,Johnson County,Missouri,24.258341347932234,0.5146863075694383,53889,Non-Seasonal
29103,Knox County,Missouri,47.60170006071645,16.641298833079652,3782,Agricultural/Extractive
29105,Laclede County,Missouri,25.630169999348663,1.256281407035176,35898,Non-Seasonal
29107,Lafayette County,Missouri,23.908646003262643,0.6149713720223369,32752,Non-Seasonal
29109,Lawrence County,Missouri,26.685323383084576,0.46685914368204434,38123,Non-Seasonal
29111,Lewis County,Missouri,27.495749332037896,4.952775858097213,10031,Non-Seasonal
29113,Lincoln County,Missouri,25.800938215935126,1.0348560294436027,58689,Non-Seasonal
29115,Linn County,Missouri,26.946438431805632,2.1979838043298625,11962,Non-Seasonal
29117,Livingston County,Missouri,29.522184300341298,0.18729514593413454,15001,Non-Seasonal
29119,McDonald County,Missouri,29.84020002174149,0.8077709611451943,23267,Non-Seasonal
29121,Macon County,Missouri,27.738598965679362,4.71253534401508,15222,Non-Seasonal
29123,Madison County,Missouri,29.26070038910506,8.2365003417635,12597,Non-Seasonal
29125,Maries County,Missouri,22.410913140311802,5.216581276199348,8457,Non-Seasonal
29127,Marion County,Missouri,28.72332169188979,0.7309486780715396,28564,Non-Seasonal
29129,Mercer County,Missouri,40.1838476690742,12.894873122734335,3561,Agricultural/Extractive
29131,Miller County,Missouri,29.245626822157433,10.306562350311351,24643,Non-Seasonal
29133,Mississippi County,Missouri,36,0.9739651620153587,12976,Non-Seasonal
29135,Moniteau County,Missouri,27.15635476988723,1.4091350826044704,15723,Non-Seasonal
29137,Monroe County,Missouri,27.69567597153804,7.111209570225964,8643,Non-Seasonal
29139,Montgomery County,Missouri,28.903456495828365,6.60588336487184,11384,Non-Seasonal
29141,Morgan County,Missouri,30.632674853176724,41.277268832795095,20883,Vacation Destinations
29143,New Madrid County,Missouri,28.054941585096305,0.050276520864756154,16658,Non-Seasonal
29145,Newton County,Missouri,27.15102974828375,0.3336995889797746,58634,Non-Seasonal
29147,Nodaway County,Missouri,38.26807659331237,0.6231516687790452,21571,Non-Seasonal
29149,Oregon County,Missouri,34.11069651741293,7.155715571557156,8891,Non-Seasonal
29151,Osage County,Missouri,23.527666518320725,9.32594644506002,13372,Non-Seasonal
29153,Ozark County,Missouri,31.025824964131992,13.99765074393109,8664,Non-Seasonal
29155,Pemiscot County,Missouri,30.208721580320535,0.3836993913733792,15949,Non-Seasonal
29157,Perry County,Missouri,27.5276505418389,5.0649350649350655,19007,Non-Seasonal
29159,Pettis County,Missouri,28.50610548194336,0.4209617356576178,42919,Non-Seasonal
29161,Phelps County,Missouri,28.235678145911542,1.4185804275581568,44692,Non-Seasonal
29163,Pike County,Missouri,26.29429779787079,2.9538622402300354,18052,Non-Seasonal
29165,Platte County,Missouri,20.770537424554554,0.43458781362007165,105189,Non-Seasonal
29167,Polk County,Missouri,27.86198931716472,2.327142537480421,31541,Non-Seasonal
29169,Pulaski County,Missouri,20.020732550103663,1.270746887966805,53460,Non-Seasonal
29171,Putnam County,Missouri,23.65225837785333,16.74255691768827,4715,Non-Seasonal
29173,Ralls County,Missouri,28.75489769264258,10.291493158834028,10318,Non-Seasonal
29175,Randolph County,Missouri,29.29924590766967,1.7556897352531353,24880,Non-Seasonal
29177,Ray County,Missouri,27.94929832503395,0.5584323281551427,23080,Non-Seasonal
29179,Reynolds County,Missouri,39.21832884097035,24.015859529878224,6138,Mixed Seasonal
29181,Ripley County,Missouri,22.568762278978387,3.5411565266528533,11032,Non-Seasonal
29183,St. Charles County,Missouri,24.59422723274966,0.46369110652989864,402377,Non-Seasonal
29185,St. Clair County,Missouri,29.17239483090459,9.778528528528527,9235,Non-Seasonal
29186,Ste. Genevieve County,Missouri,22.31424514907714,6.036965914546327,18406,Non-Seasonal
29187,St. Francois County,Missouri,27.056342271768607,5.840634125990822,67168,Non-Seasonal
29189,St. Louis County,Missouri,23.265047073112868,0.3922133712788137,1001982,Non-Seasonal
29195,Saline County,Missouri,28.609986504723345,0.9721518987341773,23278,Non-Seasonal
29197,Schuyler County,Missouri,31.25689084895259,1.7214397496087637,4094,Non-Seasonal
29199,Scotland County,Missouri,33.13953488372093,4.0358744394618835,4760,Non-Seasonal
29201,Scott County,Missouri,26.29060838747785,1.8076945947553071,38161,Non-Seasonal
29203,Shannon County,Missouri,32.51439539347409,8.591352859135286,7185,Non-Seasonal
29205,Shelby County,Missouri,34.0958605664488,4.939516129032258,6087,Non-Seasonal
29207,Stoddard County,Missouri,28.51126009970775,1.5476190476190477,28812,Non-Seasonal
29209,Stone County,Missouri,36.42028734637355,32.18849840255591,31018,Resort Economies
29211,Sullivan County,Missouri,30.119047619047617,5.515665796344647,6045,Non-Seasonal
29213,Taney County,Missouri,42.89837642814191,20.32421066910842,55854,Agricultural/Extractive
29215,Texas County,Missouri,31.765339074273413,2.7027027027027026,24866,Non-Seasonal
29217,Vernon County,Missouri,28.427612655800576,1.3448927420251193,19831,Non-Seasonal
29219,Warren County,Missouri,25.075292133477895,11.347517730496454,35033,Non-Seasonal
29221,Washington County,Missouri,26.583135794107687,5.079394558454824,23791,Non-Seasonal
29223,Wayne County,Missouri,27.3763201778766,20.268774703557312,11298,Mixed Seasonal
29225,Webster County,Missouri,28.143338743913098,0.9621721365493607,38978,Non-Seasonal
29227,Worth County,Missouri,46.127167630057805,4.085257548845471,2004,Agricultural/Extractive
29229,Wright County,Missouri,29.934759520558334,2.8042959427207634,18244,Non-Seasonal
29510,St. Louis city,Missouri,25.99544454814225,0.3503422884427314,302787,Non-Seasonal
30001,Beaverhead County,Montana,41.797497155858935,13.90901771336554,9391,Agricultural/Extractive
30003,Big Horn County,Montana,35.09891512444161,6.3544415127528575,13198,Non-Seasonal
30005,Blaine County,Montana,38.859895624247294,4.455445544554455,7051,Non-Seasonal
30007,Broadwater County,Montana,34.34782608695652,8.611825192802057,6641,Non-Seasonal
30009,Carbon County,Montana,37.26829268292683,21.185510428100987,10488,Mixed Seasonal
30013,Cascade County,Montana,31.266111069399606,3.1966875835819355,84178,Non-Seasonal
30015,Chouteau County,Montana,40.90196078431372,5.714285714285714,5896,Agricultural/Extractive
30017,Custer County,Montana,38.52912463390823,1.32104988701547,11968,Non-Seasonal
30021,Dawson County,Montana,31.768796175575837,4.424173318129989,9003,Non-Seasonal
30023,Deer Lodge County,Montana,35.3116463868885,12.871287128712872,9380,Non-Seasonal
30027,Fergus County,Montana,46.10027855153203,7.556296914095078,11464,Agricultural/Extractive
30029,Flathead County,Montana,34.35358519968833,12.704909769129952,103400,Non-Seasonal
30031,Gallatin County,Montana,35.2860453769212,5.489522633427237,116725,Non-Seasonal
30035,Glacier County,Montana,36.37615581349597,15.511119416931415,13827,Mixed Seasonal
30039,Granite County,Montana,54.136546184738954,41.94899124476589,3333,Resort Economies
30041,Hill County,Montana,33.92832433928324,3.34577630305544,16297,Non-Seasonal
30043,Jefferson County,Montana,27.058823529411764,7.245834113461899,12057,Non-Seasonal
30047,Lake County,Montana,31.734693877551017,20.87644552647596,31030,Mixed Seasonal
30049,Lewis and Clark County,Montana,27.55980592870965,6.883089582269737,70340,Non-Seasonal
30053,Lincoln County,Montana,41.020083802918656,14.862784168100715,19674,Agricultural/Extractive
30055,McCone County,Montana,53.70985603543743,18.394950405770967,1805,Agricultural/Extractive
30057,Madison County,Montana,46.377973803795776,37.099023709902376,8499,Resort Economies
30061,Mineral County,Montana,32.24699828473413,12.832550860719873,4490,Non-Seasonal
30063,Missoula County,Montana,34.16900093370682,3.826991917924494,117379,Non-Seasonal
30067,Park County,Montana,35.749231994538626,10.622250157133879,17072,Non-Seasonal
30071,Phillips County,Montana,53.23863636363636,11.639271434917815,4233,Agricultural/Extractive
30073,Pondera County,Montana,42.1654593976363,5.777616279069767,5974,Agricultural/Extractive
30075,Powder River County,Montana,56.874265569917746,11.776447105788424,1759,Agricultural/Extractive
30081,Ravalli County,Montana,28.775808811575352,5.536960887443818,43790,Non-Seasonal
30083,Richland County,Montana,43.663551401869164,5.663108377058078,11375,Agricultural/Extractive
30085,Roosevelt County,Montana,35.24096385542169,8.42544829280275,10884,Non-Seasonal
30087,Rosebud County,Montana,35.851851851851855,3.323737241559801,8464,Non-Seasonal
30089,Sanders County,Montana,32.070526566595184,9.333137052848521,12298,Non-Seasonal
30091,Sheridan County,Montana,46.94362017804154,17.116233447768515,3522,Agricultural/Extractive
30093,Silver Bow County,Montana,31.78600513687903,2.126794119356151,35017,Non-Seasonal
30095,Stillwater County,Montana,43.9513242662849,11.277231952157198,8916,Agricultural/Extractive
30097,Sweet Grass County,Montana,35.38732394366197,17.09899417681313,3690,Mixed Seasonal
30099,Teton County,Montana,40.9534127843987,5.864302761677463,6173,Agricultural/Extractive
30101,Toole County,Montana,35.51614370168259,6.48068669527897,5013,Non-Seasonal
30105,Valley County,Montana,38.09104258443465,6.971880083662561,7553,Non-Seasonal
30109,Wibaux County,Montana,37.63213530655391,5.9459459459459465,1018,Non-Seasonal
30111,Yellowstone County,Montana,31.107056111063162,0.8247307001795332,163593,Non-Seasonal
31001,Adams County,Nebraska,29.26733962878541,0.8929219600725952,31284,Non-Seasonal
31003,Antelope County,Nebraska,44.086687306501545,2.526383114806524,6310,Agricultural/Extractive
31011,Boone County,Nebraska,41.24864669794298,0.779423226812159,5413,Agricultural/Extractive
31013,Box Butte County,Nebraska,30.45141545524101,3.730491054434716,10821,Non-Seasonal
31017,Brown County,Nebraska,37.47980613893376,12.38832638475283,2752,Non-Seasonal
31019,Buffalo County,Nebraska,33.329654157468724,0.7484168105929765,49840,Non-Seasonal
31021,Burt County,Nebraska,30.723314606741575,3.5129502828222683,6705,Non-Seasonal
31023,Butler County,Nebraska,26.88570106432207,6.785980611483968,8354,Non-Seasonal
31025,Cass County,Nebraska,25.084011649615412,6.922478610318901,26546,Non-Seasonal
31027,Cedar County,Nebraska,37.54313319530711,3.6187563710499493,8401,Non-Seasonal
31029,Chase County,Nebraska,43.684820393974505,4.81283422459893,3694,Agricultural/Extractive
31031,Cherry County,Nebraska,44.37062937062937,12.416777629826898,5505,Agricultural/Extractive
31033,Cheyenne County,Nebraska,36.24595469255664,0.20403999183840035,9575,Non-Seasonal
31035,Clay County,Nebraska,30.679933665008292,0.9180790960451978,6104,Non-Seasonal
31037,Colfax County,Nebraska,24.310540234227425,2.7263631815907954,10608,Non-Seasonal
31039,Cuming County,Nebraska,31.219833260201842,0.1454898157129001,9035,Non-Seasonal
31041,Custer County,Nebraska,42.02870813397129,1.5327102803738317,10625,Agricultural/Extractive
31043,Dakota County,Nebraska,20.952834683182466,0.6307929969104016,21284,Non-Seasonal
31045,Dawes County,Nebraska,32.27412852738914,1.5170355632927133,8383,Non-Seasonal
31047,Dawson County,Nebraska,26.238441215323643,3.3844902937290375,24031,Non-Seasonal
31049,Deuel County,Nebraska,33.60849056603774,3.137651821862348,1878,Non-Seasonal
31051,Dixon County,Nebraska,28.42395044735031,2.8638681836014124,5632,Non-Seasonal
31053,Dodge County,Nebraska,27.39787103605863,3.0215562242829943,37249,Non-Seasonal
31055,Douglas County,Nebraska,23.563591356124974,0.4101094448699261,578771,Non-Seasonal
31057,Dundy County,Nebraska,43.967280163599185,5.237154150197629,1900,Agricultural/Extractive
31059,Fillmore County,Nebraska,33.57462943812479,0.7296607077708865,5561,Non-Seasonal
31061,Franklin County,Nebraska,34.63268365817092,4.3984476067270375,2914,Non-Seasonal
31063,Frontier County,Nebraska,38.772077375946175,11.5,2512,Non-Seasonal
31065,Furnas County,Nebraska,33.318928262748486,5.505308690523004,4655,Non-Seasonal
31067,Gage County,Nebraska,26.822673876561627,5.241740141459161,21706,Non-Seasonal
31069,Garden County,Nebraska,36.9826435246996,10.464135021097047,1726,Non-Seasonal
31071,Garfield County,Nebraska,42.231491136600624,11.208576998050681,1889,Agricultural/Extractive
31073,Gosper County,Nebraska,40.85648148148148,24.680851063829788,1811,Agricultural/Extractive
31077,Greeley County,Nebraska,51.83349851337958,4.813278008298756,2219,Agricultural/Extractive
31079,Hall County,Nebraska,27.18117555921371,0.4338826526550434,62616,Non-Seasonal
31081,Hamilton County,Nebraska,27.53317884979987,2.3039215686274512,9376,Non-Seasonal
31083,Harlan County,Nebraska,38.320209973753286,27.94871794871795,3216,Resort Economies
31087,Hitchcock County,Nebraska,41.097046413502106,15.205047318611985,2630,Agricultural/Extractive
31089,Holt County,Nebraska,38.055130168453296,3.1389226407452413,10175,Non-Seasonal
31093,Howard County,Nebraska,31.928838951310862,1.4873746108612937,6461,Non-Seasonal
31095,Jefferson County,Nebraska,36.1800346220427,5.401026194977045,7213,Non-Seasonal
31097,Johnson County,Nebraska,24.71688823239783,2.911694510739857,5298,Non-Seasonal
31099,Kearney County,Nebraska,36.14914069327119,1.0118043844856661,6639,Non-Seasonal
31101,Keith County,Nebraska,46.7778620166793,24.093457943925234,8312,Agricultural/Extractive
31105,Kimball County,Nebraska,35.746352413019075,3.4653465346534658,3583,Non-Seasonal
31107,Knox County,Nebraska,38.35480673934589,16.043956043956044,8434,Mixed Seasonal
31109,Lancaster County,Nebraska,24.92581775360418,0.576690956234074,320301,Non-Seasonal
31111,Lincoln County,Nebraska,30.58837429111531,2.542577605991062,34906,Non-Seasonal
31119,Madison County,Nebraska,26.956569664902997,0.8412267337881698,35553,Non-Seasonal
31121,Merrick County,Nebraska,30.789268038551704,4.735219949565705,7687,Non-Seasonal
31123,Morrill County,Nebraska,38.66862457170827,5.010893246187364,4595,Non-Seasonal
31125,Nance County,Nebraska,39.51462352209085,4.834761321909425,3389,Non-Seasonal
31127,Nemaha County,Nebraska,32.4913167035049,3.9532794249775383,7025,Non-Seasonal
31129,Nuckolls County,Nebraska,40.58713886300093,2.0453534904401955,4125,Agricultural/Extractive
31131,Otoe County,Nebraska,27.130912267565204,1.4209846418831633,15916,Non-Seasonal
31133,Pawnee County,Nebraska,28.040854224698236,6.5918653576437585,2564,Non-Seasonal
31135,Perkins County,Nebraska,43.791329904482,5.216752387950037,2865,Agricultural/Extractive
31137,Phelps County,Nebraska,27.82258064516129,1.0817307692307692,8972,Non-Seasonal
31139,Pierce County,Nebraska,32.928176795580114,0.47831632653061223,7266,Non-Seasonal
31141,Platte County,Nebraska,30.66048534798535,0.6291556445270609,34123,Non-Seasonal
31143,Polk County,Nebraska,36.34637295860235,12.578616352201259,5223,Non-Seasonal
31145,Red Willow County,Nebraska,32.730356133408705,1.1385565418757235,10724,Non-Seasonal
31147,Richardson County,Nebraska,33.33333333333333,1.4303030303030304,7893,Non-Seasonal
31149,Rock County,Nebraska,53.48484848484848,7.637231503579953,1321,Agricultural/Extractive
31151,Saline County,Nebraska,21.798480157613284,1.02984814103683,14395,Non-Seasonal
31153,Sarpy County,Nebraska,21.624062239510973,0.55449277773157,188464,Non-Seasonal
31155,Saunders County,Nebraska,24.916681283985266,6.275896917635169,22008,Non-Seasonal
31157,Scotts Bluff County,Nebraska,28.46204071941592,0.9816991879772148,36229,Non-Seasonal
31159,Seward County,Nebraska,23.168080017395084,0.7687927107061504,17605,Non-Seasonal
31161,Sheridan County,Nebraska,42.55405956752346,3.8560411311053984,5150,Agricultural/Extractive
31163,Sherman County,Nebraska,40.96796182685753,14.380899500277625,2986,Agricultural/Extractive
31167,Stanton County,Nebraska,30.942687128092704,2.891566265060241,5877,Non-Seasonal
31169,Thayer County,Nebraska,38.76451077943615,7.080696202531646,5053,Non-Seasonal
31173,Thurston County,Nebraska,27.44133232399697,0.5219660722053067,6806,Non-Seasonal
31175,Valley County,Nebraska,37.282051282051285,3.0849549121974373,4031,Non-Seasonal
31177,Washington County,Nebraska,22.649812734082396,0.09356725146198831,20699,Non-Seasonal
31179,Wayne County,Nebraska,35.35255161667316,1.7974683544303798,9590,Non-Seasonal
31181,Webster County,Nebraska,34.34049970947124,5.804311774461028,3442,Non-Seasonal
31185,York County,Nebraska,32.97369198935856,1.65710643722116,14164,Non-Seasonal
32001,Churchill County,Nevada,25.62299750800997,0.30646359583952454,25077,Non-Seasonal
32003,Clark County,Nevada,40.80609083048124,3.0787324016352846,2231147,Agricultural/Extractive
32005,Douglas County,Nevada,32.63162919471097,8.553744584278936,49158,Non-Seasonal
32007,Elko County,Nevada,52.86291097865795,3.442706170104758,53420,Agricultural/Extractive
32013,Humboldt County,Nevada,48.92988929889299,2.465897166841553,17218,Agricultural/Extractive
32017,Lincoln County,Nevada,30.101735487731894,14.23076923076923,4600,Non-Seasonal
32019,Lyon County,Nevada,32.463007746854124,0.9701492537313432,58029,Non-Seasonal
32021,Mineral County,Nevada,25.5,2.788339670468948,4552,Non-Seasonal
32023,Nye County,Nevada,43.02029669170132,6.526035574557334,50096,Agricultural/Extractive
32027,Pershing County,Nevada,48.04947668886774,4.780530204259017,6668,Agricultural/Extractive
32029,Storey County,Nevada,31.751570132588974,3.9058319957196366,4047,Non-Seasonal
32031,Washoe County,Nevada,30.387342245878123,2.2259593934015505,479758,Non-Seasonal
32033,White Pine County,Nevada,49.825783972125436,4.646706586826347,9192,Agricultural/Extractive
32510,Carson City,Nevada,30.678301077674607,0.6815009442482962,57957,Non-Seasonal
33001,Belknap County,New Hampshire,29.324443326204552,29.665246818407503,63395,Mixed Seasonal
33003,Carroll County,New Hampshire,30.891210817455438,41.342693943282754,49961,Vacation Destinations
33005,Cheshire County,New Hampshire,23.7177831723568,9.46868590373971,76473,Non-Seasonal
33007,Coos County,New Hampshire,30.70280137611458,25.338002139869666,31360,Mixed Seasonal
33009,Grafton County,New Hampshire,28.655174668206683,27.427260607011217,91025,Mixed Seasonal
33011,Hillsborough County,New Hampshire,24.41918915965468,1.3115054798917778,420504,Non-Seasonal
33013,Merrimack County,New Hampshire,25.229895931882684,5.1662153686110726,152983,Non-Seasonal
33015,Rockingham County,New Hampshire,23.284712221860918,4.141967825187984,312771,Non-Seasonal
33017,Strafford County,New Hampshire,26.236148482481266,3.006509873610532,130598,Non-Seasonal
33019,Sullivan County,New Hampshire,25.93484916930181,20.12607345148913,43105,Mixed Seasonal
34001,Atlantic County,New Jersey,36.681803078967775,12.693053496064788,273865,Non-Seasonal
34003,Bergen County,New Jersey,21.89658079976349,0.3063381918935256,952979,Non-Seasonal
34005,Burlington County,New Jersey,21.740687370028734,0.3129720389910999,460102,Non-Seasonal
34007,Camden County,New Jersey,24.852882775551464,0.21809941934570173,521194,Non-Seasonal
34009,Cape May County,New Jersey,30.716641965865087,50.73869856478552,95488,Vacation Destinations
34011,Cumberland County,New Jersey,22.946927145594184,0.5819354612539658,154921,Non-Seasonal
34013,Essex County,New Jersey,21.59188445071556,0.20342390110468805,852720,Non-Seasonal
34015,Gloucester County,New Jersey,22.905284452755357,0.25579399141630904,300821,Non-Seasonal
34017,Hudson County,New Jersey,21.734111460270633,0.8910771952532253,713264,Non-Seasonal
34019,Hunterdon County,New Jersey,21.376287796935156,0.31079427361550865,128807,Non-Seasonal
34021,Mercer County,New Jersey,20.94539482386138,0.8103066729957947,384951,Non-Seasonal
34023,Middlesex County,New Jersey,19.897104225784922,0.37354055788441953,858770,Non-Seasonal
34025,Monmouth County,New Jersey,22.620506535947712,4.324138626357828,642160,Non-Seasonal
34027,Morris County,New Jersey,19.94672821837609,0.8257062764869582,508347,Non-Seasonal
34029,Ocean County,New Jersey,26.446529193367347,13.50932844749202,630057,Non-Seasonal
34031,Passaic County,New Jersey,23.6614530182105,0.38737609661615585,521067,Non-Seasonal
34033,Salem County,New Jersey,21.175317629764447,0.5301691492047462,64752,Non-Seasonal
34035,Somerset County,New Jersey,20.207349551283485,0.4320823013907411,343950,Non-Seasonal
34037,Sussex County,New Jersey,24.299040617826194,4.454940005105948,144492,Non-Seasonal
34039,Union County,New Jersey,21.55390856003017,0.1655811371499945,571963,Non-Seasonal
34041,Warren County,New Jersey,26.067641681901282,0.5069571782979182,109354,Non-Seasonal
35001,Bernalillo County,New Mexico,26.91916177071224,0.6703262433227257,674919,Non-Seasonal
35003,Catron County,New Mexico,33.41869398207427,36.47836538461539,3581,Vacation Destinations
35005,Chaves County,New Mexico,34.72937407025975,0.3818651491894725,65014,Non-Seasonal
35006,Cibola County,New Mexico,36.50092936802974,5.026978417266187,27284,Non-Seasonal
35007,Colfax County,New Mexico,41.27857747671465,28.58186371699885,12406,Resort Economies
35009,Curry County,New Mexico,30.729950303196098,1.110900113938473,48716,Non-Seasonal
35011,De Baca County,New Mexico,23.076923076923077,19.959473150962513,1873,Non-Seasonal
35013,Doña Ana County,New Mexico,28.89672830725462,2.027625983235898,218157,Non-Seasonal
35015,Eddy County,New Mexico,40.91396854764107,1.4604744610153775,61096,Agricultural/Extractive
35017,Grant County,New Mexico,40.8058294042006,5.325403336067815,28178,Agricultural/Extractive
35023,Hidalgo County,New Mexico,43.63177805800756,5.5906221821460775,4214,Agricultural/Extractive
35025,Lea County,New Mexico,43.070841994070946,0.6521739130434783,72743,Agricultural/Extractive
35027,Lincoln County,New Mexico,36.17685305591677,36.739549110683136,20084,Resort Economies
35028,Los Alamos County,New Mexico,14.275821131776812,2.4205748865355523,19169,Non-Seasonal
35029,Luna County,New Mexico,39.37666286583048,1.7448961786773687,25282,Non-Seasonal
35031,McKinley County,New Mexico,32.54617525512356,4.468253968253968,72946,Non-Seasonal
35035,Otero County,New Mexico,27.52721008534962,11.242953688996854,67298,Non-Seasonal
35039,Rio Arriba County,New Mexico,30.810846043540607,11.907071738575441,40347,Non-Seasonal
35041,Roosevelt County,New Mexico,36.88133224641901,2.088495575221239,19223,Non-Seasonal
35043,Sandoval County,New Mexico,27.936003984187757,2.1172891784917987,147327,Non-Seasonal
35045,San Juan County,New Mexico,38.787351319988396,2.4796139124646364,122912,Non-Seasonal
35047,San Miguel County,New Mexico,22.349570200573066,9.58232608111738,27357,Non-Seasonal
35049,Santa Fe County,New Mexico,31.89256163037441,6.4764241800575215,153632,Non-Seasonal
35051,Sierra County,New Mexico,37.23732137853741,17.235852545925287,11512,Mixed Seasonal
35053,Socorro County,New Mexico,28.311195445920305,14.998036906164113,16605,Non-Seasonal
35055,Taos County,New Mexico,35.46051142792487,17.332310495277365,34322,Mixed Seasonal
35057,Torrance County,New Mexico,34.163124873507385,5.116918844566713,15150,Non-Seasonal
35061,Valencia County,New Mexico,26.326206043470577,2.8753460755862434,75992,Non-Seasonal
36001,Albany County,New York,22.274274374850854,1.1548408396841556,314679,Non-Seasonal
36003,Allegany County,New York,27.28736248993829,21.927133672311637,46654,Mixed Seasonal
36005,Bronx County,New York,26.442940483623527,0.1950673718536185,1468262,Non-Seasonal
36007,Broome County,New York,26.469360245261186,1.9564911063659127,198591,Non-Seasonal
36009,Cattaraugus County,New York,27.85875653761644,13.344414398769505,77211,Non-Seasonal
36011,Cayuga County,New York,27.282876953813613,8.36789261159009,76644,Non-Seasonal
36013,Chautauqua County,New York,26.596297258190184,11.482597559138165,128042,Non-Seasonal
36015,Chemung County,New York,26.37353503449422,1.3344989843408501,84456,Non-Seasonal
36017,Chenango County,New York,21.7910733059352,8.068429493769791,47407,Non-Seasonal
36019,Clinton County,New York,28.697158106918774,5.504019789734076,80095,Non-Seasonal
36021,Columbia County,New York,27.410122164048868,12.937210282343026,61587,Non-Seasonal
36023,Cortland County,New York,28.08504971590909,3.3512837772862776,46984,Non-Seasonal
36025,Delaware County,New York,30.206477308458236,30.82107639695873,44644,Vacation Destinations
36027,Dutchess County,New York,27.093619905121503,2.6538126469089534,296012,Non-Seasonal
36029,Erie County,New York,24.345092483412824,0.6668405852819084,949715,Non-Seasonal
36031,Essex County,New York,32.19305065486514,28.84623011938286,37501,Mixed Seasonal
36033,Franklin County,New York,30.733743409490334,17.406237662850373,47996,Mixed Seasonal
36035,Fulton County,New York,26.994686414794362,13.792124866974104,53588,Non-Seasonal
36037,Genesee County,New York,26.827207435572454,1.182861986591662,58387,Non-Seasonal
36039,Greene County,New York,29.96937573616019,31.3894540814567,48026,Vacation Destinations
36041,Hamilton County,New York,26.65732959850607,78.71939736346516,5068,Vacation Destinations
36043,Herkimer County,New York,25.851900393184795,15.062336462982914,60596,Mixed Seasonal
36045,Jefferson County,New York,24.08314773570898,17.331550889320006,117634,Non-Seasonal
36047,Kings County,New York,23.117186194996243,0.8344102938697534,2712360,Non-Seasonal
36049,Lewis County,New York,27.733016707658383,25.1324802895179,26681,Mixed Seasonal
36051,Livingston County,New York,26.72432201580184,5.305881484761272,62253,Non-Seasonal
36053,Madison County,New York,27.763721292331645,9.532643363926315,68466,Non-Seasonal
36055,Monroe County,New York,23.272921400607768,0.4527792462241018,757332,Non-Seasonal
36057,Montgomery County,New York,26.310583580613255,1.7376118751364331,49539,Non-Seasonal
36059,Nassau County,New York,19.509252570239152,0.8635186493122121,1391678,Non-Seasonal
36061,New York County,New York,20.425609640597305,5.431204231889555,1669127,Non-Seasonal
36063,Niagara County,New York,27.017415884015684,1.1116993118051879,212808,Non-Seasonal
36065,Oneida County,New York,25.91862411951773,3.8751704865184506,232034,Non-Seasonal
36067,Onondaga County,New York,23.44301326911869,1.4446220316716545,474621,Non-Seasonal
36069,Ontario County,New York,26.660829593958628,4.075259134366678,112060,Non-Seasonal
36071,Orange County,New York,24.634901498753322,1.5279519277545959,398277,Non-Seasonal
36073,Orleans County,New York,27.57914447890456,3.635466359598618,40588,Non-Seasonal
36075,Oswego County,New York,27.804469273743017,6.507006556594244,118019,Non-Seasonal
36077,Otsego County,New York,30.619921757448086,12.004397947624442,58952,Non-Seasonal
36079,Putnam County,New York,21.814675733279206,4.883459922219612,97960,Non-Seasonal
36081,Queens County,New York,26.199031609460814,1.7202701001636425,2393104,Non-Seasonal
36083,Rensselaer County,New York,20.980680866187708,1.9595124192545745,161125,Non-Seasonal
36085,Richmond County,New York,19.893342320146097,0.4305752113260951,493194,Non-Seasonal
36087,Rockland County,New York,22.7066359001586,0.8049466618388436,336485,Non-Seasonal
36089,St. Lawrence County,New York,28.17005035293036,12.891009911702763,108836,Non-Seasonal
36091,Saratoga County,New York,23.50932514234832,5.036399977994976,235010,Non-Seasonal
36093,Schenectady County,New York,24.660090276729733,0.3723735628929037,157515,Non-Seasonal
36095,Schoharie County,New York,27.008236983299327,16.342200725513905,29936,Mixed Seasonal
36097,Schuyler County,New York,28.14824152275306,13.852544132917966,17920,Non-Seasonal
36099,Seneca County,New York,27.74020756611985,8.300272749814035,33900,Non-Seasonal
36101,Steuben County,New York,26.633358954650273,10.064982860507666,94153,Non-Seasonal
36103,Suffolk County,New York,22.07354607077055,7.985717867362905,1522998,Non-Seasonal
36105,Sullivan County,New York,27.137370939309996,32.30484857102232,78230,Vacation Destinations
36107,Tioga County,New York,24.585131467722558,1.6623281728090604,48567,Non-Seasonal
36109,Tompkins County,New York,23.917968519138707,1.0446075663466967,105638,Non-Seasonal
36111,Ulster County,New York,26.58254518213316,8.088604490944547,181862,Non-Seasonal
36113,Warren County,New York,28.166369354990138,20.407498371008973,65692,Mixed Seasonal
36115,Washington County,New York,30.25999563032554,9.235591994212685,61504,Non-Seasonal
36117,Wayne County,New York,25.506670975485896,4.502645126088297,91332,Non-Seasonal
36119,Westchester County,New York,21.16689001558296,1.1956035314537887,999723,Non-Seasonal
36121,Wyoming County,New York,31.422031154039416,7.203319502074688,40679,Non-Seasonal
36123,Yates County,New York,29.40957347737009,25.679181929181926,24808,Mixed Seasonal
37001,Alamance County,North Carolina,25.56357251791001,0.3468637733823347,169185,Non-Seasonal
37003,Alexander County,North Carolina,26.751070798689845,2.3379383634431457,36491,Non-Seasonal
37005,Alleghany County,North Carolina,26.72757085968611,31.278331822302814,10910,Vacation Destinations
37007,Anson County,North Carolina,20.31042128603104,0.957414979555201,22388,Non-Seasonal
37009,Ashe County,North Carolina,30.75444899323252,24.350229330824416,26598,Mixed Seasonal
37011,Avery County,North Carolina,33.56111197390899,42.989236437188474,17747,Vacation Destinations
37013,Beaufort County,North Carolina,27.582639002341665,10.073275152313519,44898,Non-Seasonal
37015,Bertie County,North Carolina,25.45229627338797,3.881455269269048,18105,Non-Seasonal
37017,Bladen County,North Carolina,32.4021336226381,8.881557668671972,30105,Non-Seasonal
37019,Brunswick County,North Carolina,29.639455652472655,26.849384015282368,133789,Mixed Seasonal
37021,Buncombe County,North Carolina,31.890243902439025,4.757437160392479,266981,Non-Seasonal
37023,Burke County,North Carolina,26.34106867837845,2.7773573482669898,87829,Non-Seasonal
37025,Cabarrus County,North Carolina,26.97442009718529,1.7451151939340916,221200,Non-Seasonal
37027,Caldwell County,North Carolina,25.813953488372093,3.068743083857386,80705,Non-Seasonal
37029,Camden County,North Carolina,31.166943521594686,0.21834061135371177,10353,Non-Seasonal
37031,Carteret County,North Carolina,31.908568408535377,33.82765293629794,67944,Vacation Destinations
37033,Caswell County,North Carolina,26.1615284411637,2.8140799389487743,22785,Non-Seasonal
37035,Catawba County,North Carolina,25.435312376621788,1.9892144168243715,159852,Non-Seasonal
37037,Chatham County,North Carolina,22.53657109420714,0.6590378048049848,75070,Non-Seasonal
37039,Cherokee County,North Carolina,35.93591750299236,19.94734483531257,28515,Mixed Seasonal
37041,Chowan County,North Carolina,26.90540022979701,5.185909980430528,13796,Non-Seasonal
37043,Clay County,North Carolina,35.49955791335101,21.242457487657706,10997,Mixed Seasonal
37045,Cleveland County,North Carolina,28.510321293826447,0.550547106186773,98898,Non-Seasonal
37047,Columbus County,North Carolina,32.190425247392355,2.8952573328283466,51474,Non-Seasonal
37049,Craven County,North Carolina,27.45124054663659,1.6779599427142338,101405,Non-Seasonal
37051,Cumberland County,North Carolina,24.797517962116263,0.36271538418364485,333582,Non-Seasonal
37053,Currituck County,North Carolina,23.939720129171153,22.91232721075554,27575,Non-Seasonal
37055,Dare County,North Carolina,38.69128427912028,31.7187956737796,36718,Resort Economies
37057,Davidson County,North Carolina,25.728887741093637,2.303360971873194,168002,Non-Seasonal
37059,Davie County,North Carolina,28.109531332280145,1.8856774470828408,42543,Non-Seasonal
37061,Duplin County,North Carolina,29.956427015250547,2.165658251616941,49836,Non-Seasonal
37063,Durham County,North Carolina,21.725261300393647,0.4450256258831966,320146,Non-Seasonal
37065,Edgecombe County,North Carolina,26.46297518144445,0.5452281801399562,49609,Non-Seasonal
37067,Forsyth County,North Carolina,24.572110389239675,0.9995378544597046,380583,Non-Seasonal
37069,Franklin County,North Carolina,26.92496161510568,3.6690597818583464,67598,Non-Seasonal
37071,Gaston County,North Carolina,26.234817044796248,0.7043631383290941,226097,Non-Seasonal
37073,Gates County,North Carolina,20.190779014308426,1.2250830564784054,10584,Non-Seasonal
37075,Graham County,North Carolina,30.27287319422151,23.578154425612052,8089,Mixed Seasonal
37077,Granville County,North Carolina,21.877444589308993,1.852158780144195,60854,Non-Seasonal
37079,Greene County,North Carolina,28.939147819567662,2.494302355026589,20524,Non-Seasonal
37081,Guilford County,North Carolina,25.521839780450577,0.5977102898657205,537113,Non-Seasonal
37083,Halifax County,North Carolina,27.98039662639617,3.4434208938412647,49291,Non-Seasonal
37085,Harnett County,North Carolina,26.333496880913998,0.6126098702484685,133074,Non-Seasonal
37087,Haywood County,North Carolina,29.898138129174285,14.305380291384651,61695,Non-Seasonal
37089,Henderson County,North Carolina,33.2442755272912,7.117361888018753,115613,Non-Seasonal
37091,Hertford County,North Carolina,21.193920078450603,1.4851485148514851,22010,Non-Seasonal
37093,Hoke County,North Carolina,24.538719267613608,0.12926319976136025,52169,Non-Seasonal
37097,Iredell County,North Carolina,29.05381085215513,2.8794940079893476,183965,Non-Seasonal
37099,Jackson County,North Carolina,34.60103569241049,25.854226966883438,42983,Mixed Seasonal
37101,Johnston County,North Carolina,24.166558826164426,1.2634062112405458,211320,Non-Seasonal
37103,Jones County,North Carolina,25.61851556264964,1.7090365306558428,9326,Non-Seasonal
37105,Lee County,North Carolina,24.998217468805702,0.3803582975162603,62676,Non-Seasonal
37107,Lenoir County,North Carolina,23.915793277918322,1.9441114773748875,55344,Non-Seasonal
37109,Lincoln County,North Carolina,26.51840452729033,1.5681052288292208,85670,Non-Seasonal
37111,McDowell County,North Carolina,25.022840866340623,4.1040380719031235,44527,Non-Seasonal
37113,Macon County,North Carolina,32.94315506222671,28.479097396047372,36532,Mixed Seasonal
37115,Madison County,North Carolina,25.39269851587044,9.158708503865395,21269,Non-Seasonal
37117,Martin County,North Carolina,28.5490896906065,2.7291498339168685,22213,Non-Seasonal
37119,Mecklenburg County,North Carolina,24.54731086038624,0.7106358859402768,1100984,Non-Seasonal
37121,Mitchell County,North Carolina,31.177419354838708,11.162414867828696,14951,Non-Seasonal
37123,Montgomery County,North Carolina,22.788255881781062,22.23263912140896,25891,Non-Seasonal
37125,Moore County,North Carolina,28.375159014687174,5.568552092906676,98618,Non-Seasonal
37127,Nash County,North Carolina,27.259870076947045,0.7050583296611546,94628,Non-Seasonal
37129,New Hanover County,North Carolina,30.769093105453894,6.0967363063672275,225175,Non-Seasonal
37131,Northampton County,North Carolina,27.141512394101035,11.141253507951356,17917,Non-Seasonal
37133,Onslow County,North Carolina,19.956878214796767,5.216125850912852,201597,Non-Seasonal
37135,Orange County,North Carolina,21.42765748731145,0.787545180223497,147376,Non-Seasonal
37137,Pamlico County,North Carolina,35.913879981676594,13.686258163123524,12293,Non-Seasonal
37139,Pasquotank County,North Carolina,24.183968176121194,1.56844654595779,40240,Non-Seasonal
37141,Pender County,North Carolina,27.443271175016847,12.536246543934181,59964,Non-Seasonal
37143,Perquimans County,North Carolina,28.261711188540456,7.395591647331787,13002,Non-Seasonal
37145,Person County,North Carolina,23.720878999834774,2.3184601924759405,38999,Non-Seasonal
37147,Pitt County,North Carolina,27.122189515876492,1.0411192031433791,170600,Non-Seasonal
37149,Polk County,North Carolina,28.944232602478554,10.677825807044975,19413,Non-Seasonal
37151,Randolph County,North Carolina,24.336676597669594,0.5259506638917122,143735,Non-Seasonal
37153,Richmond County,North Carolina,30.326849129156297,1.745333130975869,43301,Non-Seasonal
37155,Robeson County,North Carolina,24.0312051483865,0.38842096655491043,118836,Non-Seasonal
37157,Rockingham County,North Carolina,26.22024802937325,0.966316951960243,90903,Non-Seasonal
37159,Rowan County,North Carolina,27.361206734681105,2.2438853726026524,145784,Non-Seasonal
37161,Rutherford County,North Carolina,28.282986382845515,6.3367550176191205,64592,Non-Seasonal
37163,Sampson County,North Carolina,33.20822454308094,1.4506280869599035,59468,Non-Seasonal
37165,Scotland County,North Carolina,29.27533839551007,0.4222914503288335,34345,Non-Seasonal
37167,Stanly County,North Carolina,29.13238053991627,3.028985507246377,62148,Non-Seasonal
37169,Stokes County,North Carolina,25.882712589799766,4.299205939012357,44588,Non-Seasonal
37171,Surry County,North Carolina,28.225213415608913,2.308427402496566,71439,Non-Seasonal
37173,Swain County,North Carolina,35.64588979223126,19.96190929651232,14166,Mixed Seasonal
37175,Transylvania County,North Carolina,32.437760093451125,18.854741266088784,32979,Mixed Seasonal
37177,Tyrrell County,North Carolina,38.437253354380424,13.766233766233766,3436,Non-Seasonal
37179,Union County,North Carolina,26.235800746895876,0.48316745788852206,235699,Non-Seasonal
37181,Vance County,North Carolina,29.343499467399226,4.710070160957491,42650,Non-Seasonal
37183,Wake County,North Carolina,21.78000718817821,0.4603318436147376,1112883,Non-Seasonal
37185,Warren County,North Carolina,30.726015557476234,17.62431910033386,18889,Mixed Seasonal
37187,Washington County,North Carolina,34.91109441522664,6.535303776683087,11183,Non-Seasonal
37189,Watauga County,North Carolina,39.86371379897785,28.234464143304095,54077,Resort Economies
37191,Wayne County,North Carolina,29.23807012918534,1.4573608106569509,117692,Non-Seasonal
37193,Wilkes County,North Carolina,30.939886359523722,3.196677469087248,66335,Non-Seasonal
37195,Wilson County,North Carolina,27.577909153025757,0.6299212598425197,78844,Non-Seasonal
37197,Yadkin County,North Carolina,21.68782942022041,1.4753423852348204,37198,Non-Seasonal
37199,Yancey County,North Carolina,28.172757475083053,17.302209550962225,18357,Mixed Seasonal
38001,Adams County,North Dakota,43.04388422035481,11.55261221486387,2237,Agricultural/Extractive
38003,Barnes County,North Dakota,31.83042931560984,6.134969325153374,10869,Non-Seasonal
38005,Benson County,North Dakota,39.70362800204394,9.50191570881226,6090,Non-Seasonal
38009,Bottineau County,North Dakota,43.45670852610707,22.233325006245316,6442,Agricultural/Extractive
38013,Burke County,North Dakota,37.75023832221163,6.657018813314037,2177,Non-Seasonal
38015,Burleigh County,North Dakota,27.222927913623373,1.052334867988349,97895,Non-Seasonal
38017,Cass County,North Dakota,25.7734970643395,0.794647086688773,182992,Non-Seasonal
38019,Cavalier County,North Dakota,45.621862799776906,4.323308270676692,3725,Agricultural/Extractive
38021,Dickey County,North Dakota,37.12974551522737,3.605470368835474,5013,Non-Seasonal
38023,Divide County,North Dakota,54.276985743380855,10.23288637967537,2196,Agricultural/Extractive
38025,Dunn County,North Dakota,38.517279821627646,22.116689280868385,4054,Mixed Seasonal
38027,Eddy County,North Dakota,38.88888888888889,3.135048231511254,2378,Non-Seasonal
38029,Emmons County,North Dakota,43.91534391534391,12.140115163147792,3316,Agricultural/Extractive
38031,Foster County,North Dakota,37.045327364297705,3.549295774647887,3396,Non-Seasonal
38033,Golden Valley County,North Dakota,36.67745415318231,7.238883143743537,1812,Non-Seasonal
38035,Grand Forks County,North Dakota,30.27857589006871,0.7762858170483156,73101,Non-Seasonal
38039,Griggs County,North Dakota,42.067089755213054,12.629246676514033,2242,Agricultural/Extractive
38043,Kidder County,North Dakota,42.857142857142854,23.252937538651825,2397,Agricultural/Extractive
38045,LaMoure County,North Dakota,37.95150915388422,7.352941176470589,4173,Non-Seasonal
38047,Logan County,North Dakota,46.61308840413318,15.370196813495781,1814,Agricultural/Extractive
38049,McHenry County,North Dakota,38.266871165644176,6.180167597765363,5420,Non-Seasonal
38051,McIntosh County,North Dakota,36.47234678624813,13.449275362318842,2568,Non-Seasonal
38053,McKenzie County,North Dakota,40.103374885983584,13.69118621603711,13762,Agricultural/Extractive
38055,McLean County,North Dakota,40.21281312347595,19.806429312132735,9788,Agricultural/Extractive
38057,Mercer County,North Dakota,39.10470800102907,10.709705002137666,8405,Non-Seasonal
38059,Morton County,North Dakota,31.56627854903717,3.1759770956788067,32916,Non-Seasonal
38061,Mountrail County,North Dakota,43.04818999308277,14.183266932270916,9717,Agricultural/Extractive
38063,Nelson County,North Dakota,38.96648044692738,7.087912087912088,3035,Non-Seasonal
38065,Oliver County,North Dakota,33.92857142857143,6.256742179072276,1850,Non-Seasonal
38067,Pembina County,North Dakota,29.636308987075445,2.113271344040575,6912,Non-Seasonal
38071,Ramsey County,North Dakota,39.34043970686209,4.118954024953,11638,Non-Seasonal
38073,Ransom County,North Dakota,32.193308550185876,0.9758001561280251,5679,Non-Seasonal
38075,Renville County,North Dakota,40.0352733686067,7.835218093699516,2328,Agricultural/Extractive
38077,Richland County,North Dakota,35.0224814679791,0.7713791727623354,16546,Non-Seasonal
38079,Rolette County,North Dakota,27.575896964121434,2.02991452991453,12508,Non-Seasonal
38081,Sargent County,North Dakota,27.245804540967423,1.5492253873063468,3839,Non-Seasonal
38083,Sheridan County,North Dakota,43.84,13.613861386138614,1328,Agricultural/Extractive
38085,Sioux County,North Dakota,39.09006499535748,2.6500389711613406,3993,Non-Seasonal
38089,Stark County,North Dakota,39.57679768715015,2.7765044856263508,32710,Non-Seasonal
38093,Stutsman County,North Dakota,35.21113689095128,2.633609878448775,21678,Non-Seasonal
38097,Traill County,North Dakota,27.94191286930396,1.609383524277141,8008,Non-Seasonal
38099,Walsh County,North Dakota,30.427218248598493,1.5264262545315779,10631,Non-Seasonal
38101,Ward County,North Dakota,30.8188913877497,1.125511596180082,69686,Non-Seasonal
38103,Wells County,North Dakota,35.53038105046344,7.263513513513513,4031,Non-Seasonal
38105,Williams County,North Dakota,45.50370518726217,4.093829373972807,38460,Agricultural/Extractive
39001,Adams County,Ohio,24.869211393140862,3.2016991818753935,27564,Non-Seasonal
39003,Allen County,Ohio,26.390594841200212,0.11207244362756086,102462,Non-Seasonal
39005,Ashland County,Ohio,25.230521441513993,1.6625066856837227,52658,Non-Seasonal
39007,Ashtabula County,Ohio,26.855458995105387,7.45790589966671,97869,Non-Seasonal
39009,Athens County,Ohio,29.440102772722405,3.0741273567047775,62933,Non-Seasonal
39011,Auglaize County,Ohio,20.58509045806424,0.5291271920983672,46282,Non-Seasonal
39013,Belmont County,Ohio,34.672519754170324,2.669696109059926,67077,Non-Seasonal
39015,Brown County,Ohio,24.511907316026605,3.802517743355955,43694,Non-Seasonal
39017,Butler County,Ohio,25.443616070455388,0.4373728946133389,387830,Non-Seasonal
39019,Carroll County,Ohio,25.698039548502077,4.609427358701318,26866,Non-Seasonal
39021,Champaign County,Ohio,22.693238754714855,0.47520047520047515,38678,Non-Seasonal
39023,Clark County,Ohio,25.813718897108274,0.1032211554215683,136032,Non-Seasonal
39025,Clermont County,Ohio,26.395393173841203,0.24921683028799685,207650,Non-Seasonal
39027,Clinton County,Ohio,23.63504255760847,1.1369969903020845,42046,Non-Seasonal
39029,Columbiana County,Ohio,27.473008781727,0.9377368706009745,102331,Non-Seasonal
39031,Coshocton County,Ohio,29.145237940238268,2.509794319294809,36621,Non-Seasonal
39033,Crawford County,Ohio,23.22935583805149,0,41939,Non-Seasonal
39035,Cuyahoga County,Ohio,24.07569234506586,0.5298301169325009,1263667,Non-Seasonal
39037,Darke County,Ohio,23.85417935290058,1.1378730186841408,51839,Non-Seasonal
39039,Defiance County,Ohio,25.816818425281202,0.4105288577638252,38329,Non-Seasonal
39041,Delaware County,Ohio,21.394714688334982,0.7572917447701882,211121,Non-Seasonal
39043,Erie County,Ohio,29.400485026225255,8.143884892086332,75560,Non-Seasonal
39045,Fairfield County,Ohio,25.472163354525705,0.7912718365242054,157622,Non-Seasonal
39047,Fayette County,Ohio,26.072821846553968,0.5459292665558984,28897,Non-Seasonal
39049,Franklin County,Ohio,24.669150162933303,0.5552299470433398,1313598,Non-Seasonal
39051,Fulton County,Ohio,24.48748832407453,0.5884682849544502,42709,Non-Seasonal
39053,Gallia County,Ohio,26.61802575107296,2.285035981897767,29369,Non-Seasonal
39055,Geauga County,Ohio,22.50163360806054,0.4446349172336208,95408,Non-Seasonal
39057,Greene County,Ohio,23.186935667681055,0.2802777425670061,167043,Non-Seasonal
39059,Guernsey County,Ohio,30.577395577395578,4.7524024575959665,38542,Non-Seasonal
39061,Hamilton County,Ohio,24.405176594545228,0.36806543854970597,826790,Non-Seasonal
39063,Hancock County,Ohio,26.950373969536496,1.0502514057897712,75139,Non-Seasonal
39065,Hardin County,Ohio,25.15885916949904,0.20888132446232402,30738,Non-Seasonal
39067,Harrison County,Ohio,29.829195280859306,8.021963305209589,14623,Non-Seasonal
39069,Henry County,Ohio,26.06544901065449,0.19943493435266743,27618,Non-Seasonal
39071,Highland County,Ohio,23.944199226200208,2.5348409150670523,43162,Non-Seasonal
39073,Hocking County,Ohio,26.55435218612114,5.860693464252838,28180,Non-Seasonal
39075,Holmes County,Ohio,25.626127028651574,2.2239104910560124,44166,Non-Seasonal
39077,Huron County,Ohio,24.910367493277562,0.49884127420558544,58583,Non-Seasonal
39079,Jackson County,Ohio,25.057883337067743,2.5448997989043756,32531,Non-Seasonal
39081,Jefferson County,Ohio,27.399537438566057,1.088205259126883,65620,Non-Seasonal
39083,Knox County,Ohio,26.256276995470028,3.252979309809402,62399,Non-Seasonal
39085,Lake County,Ohio,22.930630668994592,0.8571346939552957,232202,Non-Seasonal
39087,Lawrence County,Ohio,27.01619851800793,1.4571128135796907,58570,Non-Seasonal
39089,Licking County,Ohio,24.731272393967167,1.096200574331787,177454,Non-Seasonal
39091,Logan County,Ohio,24.315774337343623,11.601929423711601,45997,Non-Seasonal
39093,Lorain County,Ohio,25.658714928070154,0.4603327869220578,311737,Non-Seasonal
39095,Lucas County,Ohio,26.319776816564715,0.5708525863015339,431212,Non-Seasonal
39097,Madison County,Ohio,24.075888023921223,0.4573547589616811,43947,Non-Seasonal
39099,Mahoning County,Ohio,28.234865922996715,0.7690321628799056,229044,Non-Seasonal
39101,Marion County,Ohio,24.44964332285035,0,65515,Non-Seasonal
39103,Medina County,Ohio,24.622701331642357,0.9944914288777794,181448,Non-Seasonal
39105,Meigs County,Ohio,29.987608426270135,2.5226571989161917,22361,Non-Seasonal
39107,Mercer County,Ohio,25.828460038986357,4.897730456710563,42154,Non-Seasonal
39109,Miami County,Ohio,24.36173021080816,0.6600731025585895,107899,Non-Seasonal
39111,Monroe County,Ohio,30.671296296296298,7.148817802503476,13514,Non-Seasonal
39113,Montgomery County,Ohio,24.445978598550226,0.38373777257485264,536136,Non-Seasonal
39115,Morgan County,Ohio,23.906221155621193,12.032231630701993,13955,Non-Seasonal
39117,Morrow County,Ohio,27.2996343798967,1.7059639389736476,34892,Non-Seasonal
39119,Muskingum County,Ohio,29.184649784202588,0.8226476195450628,86346,Non-Seasonal
39121,Noble County,Ohio,30.64716092239028,9.805608119731636,14166,Non-Seasonal
39123,Ottawa County,Ohio,25.039301783487826,32.165381920112125,40479,Vacation Destinations
39125,Paulding County,Ohio,20.617542133103704,1.996476805637111,18858,Non-Seasonal
39127,Perry County,Ohio,21.79716526764827,1.4857752015457393,35439,Non-Seasonal
39129,Pickaway County,Ohio,21.977041333711924,0.12162162162162161,58458,Non-Seasonal
39131,Pike County,Ohio,26.774096687018318,2.715270281491323,27271,Non-Seasonal
39133,Portage County,Ohio,25.84690272046651,4.095063465665998,161897,Non-Seasonal
39135,Preble County,Ohio,24.839968774395004,1.149615873542254,41027,Non-Seasonal
39137,Putnam County,Ohio,20.30385936317597,0.09407337723424271,34395,Non-Seasonal
39139,Richland County,Ohio,27.169675636804058,0.9109571465229664,124504,Non-Seasonal
39141,Ross County,Ohio,25.227834917328472,0.9601296798528632,77205,Non-Seasonal
39143,Sandusky County,Ohio,24.86294265817158,0.9901738473167044,59013,Non-Seasonal
39145,Scioto County,Ohio,27.105702696253875,1.221341975753211,74392,Non-Seasonal
39147,Seneca County,Ohio,24.441904761904762,0.5846487931178485,55166,Non-Seasonal
39149,Shelby County,Ohio,22.633571729070255,0.7463800567248843,48307,Non-Seasonal
39151,Stark County,Ohio,26.838869930324904,0.304662292643725,374712,Non-Seasonal
39153,Summit County,Ohio,26.12120913708275,0.28774934556301873,540567,Non-Seasonal
39155,Trumbull County,Ohio,26.354256743150238,0.6531664834700263,202199,Non-Seasonal
39157,Tuscarawas County,Ohio,26.57359149116808,1.484771885046752,93025,Non-Seasonal
39159,Union County,Ohio,19.839438359281047,1.1913691920751888,61769,Non-Seasonal
39161,Van Wert County,Ohio,22.8440433738447,0.7953551260637876,28808,Non-Seasonal
39163,Vinton County,Ohio,17.628083491461098,5.870513250587051,12853,Non-Seasonal
39165,Warren County,Ohio,21.330385300973536,0.5360501908251694,239556,Non-Seasonal
39167,Washington County,Ohio,26.46027601641179,1.6636915387361655,59942,Non-Seasonal
39169,Wayne County,Ohio,25.453802277836612,0.6152787040423381,116858,Non-Seasonal
39171,Williams County,Ohio,24.47958596894767,1.286387244836333,37026,Non-Seasonal
39173,Wood County,Ohio,23.700648554947847,0.7838626913208883,131930,Non-Seasonal
39175,Wyandot County,Ohio,22.628269388499042,0.33512744998476696,21933,Non-Seasonal
40001,Adair County,Oklahoma,27.81560283687943,1.7531044558071585,19839,Non-Seasonal
40003,Alfalfa County,Oklahoma,37.27615457115928,7.179690598968663,5744,Non-Seasonal
40005,Atoka County,Oklahoma,32.29892336922103,1.9383697813121274,14080,Non-Seasonal
40007,Beaver County,Oklahoma,44.30650684931507,1.3671089666264575,5100,Agricultural/Extractive
40009,Beckham County,Oklahoma,41.94126074498568,1.2965162311955662,22349,Agricultural/Extractive
40011,Blaine County,Oklahoma,35.64356435643564,3.9181916038751345,8799,Non-Seasonal
40013,Bryan County,Oklahoma,36.51312429782453,3.1038736738218606,45809,Non-Seasonal
40015,Caddo County,Oklahoma,37.87924604374559,2.844974446337308,27253,Non-Seasonal
40017,Canadian County,Oklahoma,30.473780143983003,0.5326959194126686,151174,Non-Seasonal
40019,Carter County,Oklahoma,38.0497865605065,1.6239038648911983,48102,Non-Seasonal
40021,Cherokee County,Oklahoma,28.848114169215087,7.789550270565231,47307,Non-Seasonal
40023,Choctaw County,Oklahoma,33.969961060634155,3.310886644219978,14307,Non-Seasonal
40025,Cimarron County,Oklahoma,57.26179463459759,2.51979841612671,2271,Agricultural/Extractive
40027,Cleveland County,Oklahoma,28.268186233599213,0.4159851208515655,292110,Non-Seasonal
40029,Coal County,Oklahoma,31.759443339960235,3.5851966075558983,5294,Non-Seasonal
40031,Comanche County,Oklahoma,23.60006581473153,0.845118678264842,121502,Non-Seasonal
40033,Cotton County,Oklahoma,28.31858407079646,1.5762463343108504,5603,Non-Seasonal
40035,Craig County,Oklahoma,33.994334277620396,3.3411397345823572,14172,Non-Seasonal
40037,Creek County,Oklahoma,26.615957061477165,1.160910619583495,71879,Non-Seasonal
40039,Custer County,Oklahoma,40.65660063720737,1.5618929209728805,28564,Agricultural/Extractive
40041,Delaware County,Oklahoma,29.203482328482327,21.633781887228597,40688,Mixed Seasonal
40043,Dewey County,Oklahoma,44.1747572815534,2.9024943310657596,4548,Agricultural/Extractive
40045,Ellis County,Oklahoma,41.97452229299363,1.9453450671607224,3813,Agricultural/Extractive
40047,Garfield County,Oklahoma,35.83661349354326,1.4426371406931873,62628,Non-Seasonal
40049,Garvin County,Oklahoma,33.215052759361285,0.5594405594405595,25949,Non-Seasonal
40051,Grady County,Oklahoma,31.485660361875844,0.42653203342618384,54739,Non-Seasonal
40053,Grant County,Oklahoma,34.291799787007456,5.034013605442176,4166,Non-Seasonal
40055,Greer County,Oklahoma,40.839086563993625,0.7601672367920942,5548,Agricultural/Extractive
40057,Harmon County,Oklahoma,43.00091491308326,2.483564645726808,2540,Agricultural/Extractive
40061,Haskell County,Oklahoma,35.426513616925504,6.31246712256707,11711,Non-Seasonal
40063,Hughes County,Oklahoma,33.019551049963795,5.334476843910807,13406,Non-Seasonal
40065,Jackson County,Oklahoma,26.581062194269737,1.2365145228215768,24960,Non-Seasonal
40067,Jefferson County,Oklahoma,44.42778610694653,4.262877442273535,5491,Agricultural/Extractive
40069,Johnston County,Oklahoma,31.386113246220855,4.204521445172195,10446,Non-Seasonal
40071,Kay County,Oklahoma,30.83741163675911,2.812217946890884,44019,Non-Seasonal
40073,Kingfisher County,Oklahoma,35.988641458675836,1.8587941268353638,15272,Non-Seasonal
40075,Kiowa County,Oklahoma,37.707261292166955,4.4266441821247895,8518,Non-Seasonal
40077,Latimer County,Oklahoma,29.838243789716927,3.7816018695559803,9555,Non-Seasonal
40079,Le Flore County,Oklahoma,31.400306077831218,2.3907588884154714,48436,Non-Seasonal
40081,Lincoln County,Oklahoma,30.23922074201404,0.8235536339304097,33650,Non-Seasonal
40083,Logan County,Oklahoma,31.899561364246708,1.4314928425357873,49005,Non-Seasonal
40085,Love County,Oklahoma,41.43426294820717,6.707968382824182,10105,Agricultural/Extractive
40087,McClain County,Oklahoma,28.72177378154695,0.48874041078940855,41258,Non-Seasonal
40089,McCurtain County,Oklahoma,29.080267558528426,3.9622239579635026,31112,Non-Seasonal
40091,McIntosh County,Oklahoma,33.198380566801625,26.82437515673326,19105,Mixed Seasonal
40093,Major County,Oklahoma,38.16568047337278,2.5592672413793105,7753,Non-Seasonal
40095,Marshall County,Oklahoma,30.006882312456984,27.183590668319624,15361,Mixed Seasonal
40097,Mayes County,Oklahoma,28.30063386658618,6.374307140528203,39303,Non-Seasonal
40099,Murray County,Oklahoma,38.51763907734057,9.07282741738066,13874,Non-Seasonal
40101,Muskogee County,Oklahoma,26.03354594849988,0.47457627118644063,66881,Non-Seasonal
40103,Noble County,Oklahoma,19.33725746675387,4.117647058823529,11020,Non-Seasonal
40105,Nowata County,Oklahoma,25.247524752475247,1.6976007243096423,9484,Non-Seasonal
40107,Okfuskee County,Oklahoma,27.23620782003214,2.8636176349402556,11444,Non-Seasonal
40109,Oklahoma County,Oklahoma,29.494747452890678,0.31052437444778985,790938,Non-Seasonal
40111,Okmulgee County,Oklahoma,31.886351128233354,0.7329281372899535,37046,Non-Seasonal
40113,Osage County,Oklahoma,30.43686224489796,2.3957230039844655,46140,Non-Seasonal
40115,Ottawa County,Oklahoma,33.91783979583437,1.606805293005671,30568,Non-Seasonal
40117,Pawnee County,Oklahoma,28.522867737948083,1.6047871617027063,15687,Non-Seasonal
40119,Payne County,Oklahoma,31.540757372470633,1.1117484771504273,81817,Non-Seasonal
40121,Pittsburg County,Oklahoma,29.333021570117495,6.703658591600126,43836,Non-Seasonal
40123,Pontotoc County,Oklahoma,23.41417910447761,0.8409169450524133,38102,Non-Seasonal
40125,Pottawatomie County,Oklahoma,31.661337596589394,0.7880062773381414,72331,Non-Seasonal
40127,Pushmataha County,Oklahoma,29.13234486545854,9.373363588758945,10891,Non-Seasonal
40129,Roger Mills County,Oklahoma,41.49008885850991,3.6118598382749325,3477,Agricultural/Extractive
40131,Rogers County,Oklahoma,25.633234313703255,0.48637873754152827,94637,Non-Seasonal
40133,Seminole County,Oklahoma,34.37871228320266,2.280701754385965,23798,Non-Seasonal
40135,Sequoyah County,Oklahoma,29.355545231300194,4.562234833875144,39652,Non-Seasonal
40137,Stephens County,Oklahoma,37.58369723435225,1.4238719497225905,42983,Non-Seasonal
40139,Texas County,Oklahoma,36.58626066220306,1.8043684710351375,21448,Non-Seasonal
40141,Tillman County,Oklahoma,33.63957597173145,1.1000523834468308,7070,Non-Seasonal
40143,Tulsa County,Oklahoma,28.248542677151338,0.6565303967727181,664084,Non-Seasonal
40145,Wagoner County,Oklahoma,25.720758380754603,1.579256420558148,80509,Non-Seasonal
40147,Washington County,Oklahoma,33.288686489865164,0.2193630035857414,52382,Non-Seasonal
40149,Washita County,Oklahoma,41.515719342077865,1.3152804642166345,11014,Agricultural/Extractive
40151,Woods County,Oklahoma,39.4617766134794,5.056179775280898,8731,Non-Seasonal
40153,Woodward County,Oklahoma,43.38630136986301,1.0829937808277932,20591,Agricultural/Extractive
41001,Baker County,Oregon,34.74493132766514,10.896695169863648,16539,Non-Seasonal
41003,Benton County,Oregon,26.862822538177987,1.0016146937127863,94667,Non-Seasonal
41005,Clackamas County,Oregon,24.93057545780668,1.9702802268305806,418577,Non-Seasonal
41007,Clatsop County,Oregon,36.67044656838922,22.213967310549776,40720,Mixed Seasonal
41009,Columbia County,Oregon,25.945969162049565,1.3527286204021125,52381,Non-Seasonal
41011,Coos County,Oregon,37.54664549424375,4.5487964709267015,64619,Non-Seasonal
41013,Crook County,Oregon,31.67429628908152,7.019143117593436,24300,Non-Seasonal
41015,Curry County,Oregon,33.991858237547895,9.899083275556583,23234,Non-Seasonal
41017,Deschutes County,Oregon,32.01535508637236,10.91589551111974,194964,Non-Seasonal
41019,Douglas County,Oregon,33.80515446807502,1.6501318093091584,110680,Non-Seasonal
41021,Gilliam County,Oregon,32.635467980295566,6.1607142857142865,1954,Non-Seasonal
41023,Grant County,Oregon,43.411394617266694,10.17645636934977,7225,Agricultural/Extractive
41025,Harney County,Oregon,41.94194194194194,4.452239611440906,7454,Agricultural/Extractive
41027,Hood River County,Oregon,37.70212074429187,4.686100885484032,23915,Non-Seasonal
41029,Jackson County,Oregon,32.8408996597228,1.952949298632831,221662,Non-Seasonal
41031,Jefferson County,Oregon,31.289826411777632,14.139626352015732,24232,Non-Seasonal
41033,Josephine County,Oregon,31.719491655182974,2.066969822240595,87686,Non-Seasonal
41035,Klamath County,Oregon,31.740893700933885,7.180599248648484,68899,Non-Seasonal
41037,Lake County,Oregon,43.04249108011677,12.172063341999527,8119,Agricultural/Extractive
41039,Lane County,Oregon,29.12775330396476,1.709313793708515,380532,Non-Seasonal
41041,Lincoln County,Oregon,38.855823499230375,24.154164835854623,49866,Mixed Seasonal
41043,Linn County,Oregon,28.691538736165654,0.6658254877220227,127200,Non-Seasonal
41045,Malheur County,Oregon,38.84911401467693,2.8671989011932357,31313,Non-Seasonal
41047,Marion County,Oregon,29.8056352726324,0.7507260671817634,344037,Non-Seasonal
41049,Morrow County,Oregon,40.76669414674361,4.453007921216014,11964,Agricultural/Extractive
41051,Multnomah County,Oregon,26.00366403414276,0.7650379870356172,810011,Non-Seasonal
41053,Polk County,Oregon,27.071823204419886,0.4160929174399809,86347,Non-Seasonal
41055,Sherman County,Oregon,34.852546916890084,1.1098779134295227,1784,Non-Seasonal
41057,Tillamook County,Oregon,38.244660921693516,35.4770243022392,27129,Resort Economies
41059,Umatilla County,Oregon,32.56319236183365,3.4497251859036537,79509,Non-Seasonal
41061,Union County,Oregon,32.88916899252723,2.6458208057727,26255,Non-Seasonal
41063,Wallowa County,Oregon,39.635058330840565,14.728501514798415,7330,Non-Seasonal
41065,Wasco County,Oregon,36.70733803058945,6.547370181453299,26603,Non-Seasonal
41067,Washington County,Oregon,24.497841186408863,0.19246163541294092,596969,Non-Seasonal
41069,Wheeler County,Oregon,37.16475095785441,20.74866310160428,1477,Mixed Seasonal
41071,Yamhill County,Oregon,28.659076403615323,0.5988626641839867,107024,Non-Seasonal
42001,Adams County,Pennsylvania,26.792789223454832,2.326829723674384,103782,Non-Seasonal
42003,Allegheny County,Pennsylvania,23.850685055918216,0.24083760925428496,1246116,Non-Seasonal
42005,Armstrong County,Pennsylvania,25.732899022801302,3.8203503540812527,65967,Non-Seasonal
42007,Beaver County,Pennsylvania,24.964533617064397,0.373559579587185,168260,Non-Seasonal
42009,Bedford County,Pennsylvania,29.714312432786272,8.560641411784669,47729,Non-Seasonal
42011,Berks County,Pennsylvania,25.431002879055242,0.3985351774892284,426967,Non-Seasonal
42013,Blair County,Pennsylvania,29.75319762205008,0.668482741316893,123132,Non-Seasonal
42015,Bradford County,Pennsylvania,27.563676200164327,9.238854043058145,60233,Non-Seasonal
42017,Bucks County,Pennsylvania,22.208527807288743,0.30305409437073094,643872,Non-Seasonal
42019,Butler County,Pennsylvania,24.529888152223652,1.240113962808403,192561,Non-Seasonal
42021,Cambria County,Pennsylvania,26.5329856216521,1.2039418637082029,134048,Non-Seasonal
42023,Cameron County,Pennsylvania,26.432943795214246,39.282128514056225,4596,Vacation Destinations
42025,Carbon County,Pennsylvania,24.122615162017564,14.68868751826951,64792,Non-Seasonal
42027,Centre County,Pennsylvania,24.26883489469319,4.5827089513440775,158879,Non-Seasonal
42029,Chester County,Pennsylvania,21.916212142175745,0.29758592491157104,531704,Non-Seasonal
42031,Clarion County,Pennsylvania,29.200456538715684,11.558687421119057,37571,Non-Seasonal
42033,Clearfield County,Pennsylvania,27.031296572280176,9.333822335158358,80667,Non-Seasonal
42035,Clinton County,Pennsylvania,28.052518942680315,13.803073298709641,37824,Non-Seasonal
42037,Columbia County,Pennsylvania,26.10469978257234,4.065396932411933,65013,Non-Seasonal
42039,Crawford County,Pennsylvania,25.34026996625422,13.119320193556003,84495,Non-Seasonal
42041,Cumberland County,Pennsylvania,23.999024589777072,0.4934620893591461,257333,Non-Seasonal
42043,Dauphin County,Pennsylvania,24.91788360089297,0.5421452441241139,284199,Non-Seasonal
42045,Delaware County,Pennsylvania,22.51034512485991,0.2524943112200245,573883,Non-Seasonal
42047,Elk County,Pennsylvania,18.26942247624111,15.19584709768759,31037,Non-Seasonal
42049,Erie County,Pennsylvania,26.297040332484773,1.5907821345494868,271903,Non-Seasonal
42051,Fayette County,Pennsylvania,29.785597719044848,1.7688260546786743,129443,Non-Seasonal
42053,Forest County,Pennsylvania,31.554677206851117,71.38259165966974,7121,Vacation Destinations
42055,Franklin County,Pennsylvania,25.720693170234455,1.3338979462206226,155592,Non-Seasonal
42057,Fulton County,Pennsylvania,21.907332433648225,7.857443524624667,14529,Non-Seasonal
42059,Greene County,Pennsylvania,31.392719048661267,3.0439614719683874,36248,Non-Seasonal
42061,Huntingdon County,Pennsylvania,27.200447928331467,16.405359179019385,44458,Mixed Seasonal
42063,Indiana County,Pennsylvania,34.659283534862695,2.048269291838679,83620,Non-Seasonal
42065,Jefferson County,Pennsylvania,28.882735989334975,10.780669144981413,44491,Non-Seasonal
42067,Juniata County,Pennsylvania,25.580319985202998,9.9562154959071,23607,Non-Seasonal
42069,Lackawanna County,Pennsylvania,26.59922851287821,2.5390625,215529,Non-Seasonal
42071,Lancaster County,Pennsylvania,27.054421221276876,0.24618185871948273,550480,Non-Seasonal
42073,Lawrence County,Pennsylvania,26.91331814415907,0.6525244381739393,86311,Non-Seasonal
42075,Lebanon County,Pennsylvania,27.763173440453688,1.4202371030564864,142486,Non-Seasonal
42077,Lehigh County,Pennsylvania,24.595351237930668,0.4779461053760558,372492,Non-Seasonal
42079,Luzerne County,Pennsylvania,25.4015684243378,2.639707201073419,324825,Non-Seasonal
42081,Lycoming County,Pennsylvania,26.140627126222277,4.710440844080609,114274,Non-Seasonal
42083,McKean County,Pennsylvania,23.620167675826735,10.84024632296809,40652,Non-Seasonal
42085,Mercer County,Pennsylvania,25.627904993390473,1.558696505692972,111216,Non-Seasonal
42087,Mifflin County,Pennsylvania,24.030496987951807,6.79252353960744,46156,Non-Seasonal
42089,Monroe County,Pennsylvania,28.904614515238304,18.67895041968089,168128,Mixed Seasonal
42091,Montgomery County,Pennsylvania,21.048450252821326,0.17909182737521626,850890,Non-Seasonal
42093,Montour County,Pennsylvania,21.68563872599747,0.7917852282568354,18198,Non-Seasonal
42095,Northampton County,Pennsylvania,23.636244211632565,0.6469967059120211,311359,Non-Seasonal
42097,Northumberland County,Pennsylvania,28.816432836187623,1.8594281511446171,91853,Non-Seasonal
42099,Perry County,Pennsylvania,23.26839826839827,6.185359975901195,45879,Non-Seasonal
42101,Philadelphia County,Pennsylvania,22.529270117755612,0.4506804608929245,1596865,Non-Seasonal
42103,Pike County,Pennsylvania,33.75093566560296,37.42922143579373,58345,Vacation Destinations
42105,Potter County,Pennsylvania,28.414968055978097,41.158046900096366,16478,Vacation Destinations
42107,Schuylkill County,Pennsylvania,24.06091856771124,1.9742794844030436,143308,Non-Seasonal
42109,Snyder County,Pennsylvania,27.036016839041633,3.064153769345981,39877,Non-Seasonal
42111,Somerset County,Pennsylvania,29.355794727811574,13.884402552357752,74331,Non-Seasonal
42113,Sullivan County,Pennsylvania,26.05940594059406,50.58303886925795,5935,Vacation Destinations
42115,Susquehanna County,Pennsylvania,30.72997958938648,18.762800223422083,38892,Mixed Seasonal
42117,Tioga County,Pennsylvania,28.83645331240892,16.032697041475082,41089,Mixed Seasonal
42119,Union County,Pennsylvania,25.305997552019583,7.1106999691643535,43094,Non-Seasonal
42121,Venango County,Pennsylvania,25.636773985537285,10.783494186488335,50810,Non-Seasonal
42123,Warren County,Pennsylvania,25.08833922261484,18.100604727872458,38791,Mixed Seasonal
42125,Washington County,Pennsylvania,27.527590511860172,1.0995610038929844,209090,Non-Seasonal
42127,Wayne County,Pennsylvania,31.95750694410604,34.44907160973166,51244,Vacation Destinations
42129,Westmoreland County,Pennsylvania,26.00103820108067,1.3160165945466558,355107,Non-Seasonal
42131,Wyoming County,Pennsylvania,29.033336118305623,9.889854173130622,26389,Non-Seasonal
42133,York County,Pennsylvania,23.932182008777072,0.32293711845676826,454605,Non-Seasonal
44001,Bristol County,Rhode Island,22.8359863783955,2.4855167258456365,50672,Non-Seasonal
44003,Kent County,Rhode Island,24.630307963641297,0.5696502980114985,169345,Non-Seasonal
44005,Newport County,Rhode Island,24.028616141292197,10.394505596152067,85525,Non-Seasonal
44007,Providence County,Rhode Island,26.24510193650974,0.39331473895232283,656672,Non-Seasonal
44009,Washington County,Rhode Island,26.57228631078466,17.003918447315254,129735,Mixed Seasonal
45001,Abbeville County,South Carolina,24.593848983345254,5.786120199758912,24374,Non-Seasonal
45003,Aiken County,South Carolina,25.526413511394736,1.5930220411574219,168045,Non-Seasonal
45005,Allendale County,South Carolina,34.08736349453978,5.990220048899755,8304,Non-Seasonal
45007,Anderson County,South Carolina,24.713757462354096,2.505638249887235,202223,Non-Seasonal
45011,Barnwell County,South Carolina,29.647571757296838,2.5166096235152002,20801,Non-Seasonal
45013,Beaufort County,South Carolina,32.52444987775061,17.489718265079023,186007,Mixed Seasonal
45015,Berkeley County,South Carolina,24.47292118285176,1.6429413562726518,224806,Non-Seasonal
45017,Calhoun County,South Carolina,23.686679174484052,4.569246003678031,14198,Non-Seasonal
45019,Charleston County,South Carolina,26.701730130569505,5.9722893021009416,404946,Non-Seasonal
45021,Cherokee County,South Carolina,26.689811838326687,0.06494824436776944,56204,Non-Seasonal
45023,Chester County,South Carolina,26.705237515225335,1.012104219380428,32273,Non-Seasonal
45025,Chesterfield County,South Carolina,29.03371039450729,2.7129706297793583,43655,Non-Seasonal
45027,Clarendon County,South Carolina,27.550374988705162,15.099519560741248,31613,Mixed Seasonal
45029,Colleton County,South Carolina,28.60503560528993,10.409315455187015,38520,Non-Seasonal
45031,Darlington County,South Carolina,27.222444889779556,1.270884874775477,63433,Non-Seasonal
45033,Dillon County,South Carolina,36.34255129348796,1.6051488833746896,28527,Non-Seasonal
45035,Dorchester County,South Carolina,24.747716167410243,0.5400413249013838,160180,Non-Seasonal
45037,Edgefield County,South Carolina,30.610283517539642,2.1780734530210517,25938,Non-Seasonal
45039,Fairfield County,South Carolina,19.056500274273176,6.229448301059555,21186,Non-Seasonal
45041,Florence County,South Carolina,25.666314429963606,1.7625308815970555,137276,Non-Seasonal
45043,Georgetown County,South Carolina,31.614835836190924,23.51378558246183,62992,Mixed Seasonal
45045,Greenville County,South Carolina,24.66131499676692,0.6284286592176265,519178,Non-Seasonal
45047,Greenwood County,South Carolina,25.12995283830769,2.6293929712460065,69338,Non-Seasonal
45049,Hampton County,South Carolina,26.178234790059985,4.721675731975465,19227,Non-Seasonal
45051,Horry County,South Carolina,40.31937083262096,21.60828347997056,344865,Agricultural/Extractive
45053,Jasper County,South Carolina,35.540782408591156,3.8498250079541836,28363,Non-Seasonal
45055,Kershaw County,South Carolina,24.137069427092626,3.6864921102826425,64989,Non-Seasonal
45057,Lancaster County,South Carolina,23.252427184466022,0.38094763837362744,94653,Non-Seasonal
45059,Laurens County,South Carolina,22.16206525636429,5.714468753002979,67148,Non-Seasonal
45061,Lee County,South Carolina,29.346383543463833,2.3878627968337733,16730,Non-Seasonal
45063,Lexington County,South Carolina,25.34169777310984,1.9089991164962767,291723,Non-Seasonal
45067,Marion County,South Carolina,26.477065977209612,1.9218673562093787,29585,Non-Seasonal
45069,Marlboro County,South Carolina,21.96586227192466,2.7913932042867824,26912,Non-Seasonal
45071,Newberry County,South Carolina,23.947492904446545,5.107644991212654,37842,Non-Seasonal
45073,Oconee County,South Carolina,24.760589029482873,8.539142878290692,77932,Non-Seasonal
45075,Orangeburg County,South Carolina,26.52176644261574,3.687415426251692,84909,Non-Seasonal
45077,Pickens County,South Carolina,27.543199315654405,2.4726895639269815,129617,Non-Seasonal
45079,Richland County,South Carolina,25.770456180534147,0.7850529467206299,414719,Non-Seasonal
45081,Saluda County,South Carolina,29.56031278041277,7.259801809564843,19008,Non-Seasonal
45083,Spartanburg County,South Carolina,24.836579238810405,0.7455559092894638,322864,Non-Seasonal
45085,Sumter County,South Carolina,24.52560522438928,2.3634151027989496,105537,Non-Seasonal
45087,Union County,South Carolina,24.189176558556873,1.9347216068527544,27306,Non-Seasonal
45089,Williamsburg County,South Carolina,21.21713390214174,8.539386569382517,31279,Non-Seasonal
45091,York County,South Carolina,24.951269945970783,0.24058094527893187,276569,Non-Seasonal
46003,Aurora County,South Dakota,41.61490683229814,3.915171288743882,2649,Agricultural/Extractive
46005,Beadle County,South Dakota,23.93013100436681,2.843883864826273,18959,Non-Seasonal
46007,Bennett County,South Dakota,41.73003802281369,2.0408163265306123,3411,Agricultural/Extractive
46009,Bon Homme County,South Dakota,25.136215038140207,3.9250353606789252,7020,Non-Seasonal
46011,Brookings County,South Dakota,28.602150537634408,2.000544365813827,34315,Non-Seasonal
46013,Brown County,South Dakota,33.25295394260912,1.2643356643356645,38471,Non-Seasonal
46017,Buffalo County,South Dakota,39.89983305509182,0.4878048780487805,1974,Non-Seasonal
46019,Butte County,South Dakota,39.11542610571737,4.726421119863742,10167,Non-Seasonal
46021,Campbell County,South Dakota,44.8871181938911,12.189859762675297,1548,Agricultural/Extractive
46023,Charles Mix County,South Dakota,38.89772125066243,6.366120218579235,9346,Non-Seasonal
46025,Clark County,South Dakota,52.160300563556675,3.9901780233271946,3791,Agricultural/Extractive
46027,Clay County,South Dakota,33.225589225589225,2.988015104252175,14816,Non-Seasonal
46029,Codington County,South Dakota,34.30125852123754,2.448855426268157,28289,Non-Seasonal
46031,Corson County,South Dakota,50.26223776223776,6.3721940622737145,3965,Agricultural/Extractive
46033,Custer County,South Dakota,34.10614525139665,13.609346177495388,8360,Non-Seasonal
46035,Davison County,South Dakota,30.538332841255784,0,19944,Non-Seasonal
46037,Day County,South Dakota,34.18043202033037,21.909460243760883,5487,Mixed Seasonal
46039,Deuel County,South Dakota,30.614115490375802,3.499766682221185,4283,Non-Seasonal
46041,Dewey County,South Dakota,27.739905610907183,2.1638330757341575,5343,Non-Seasonal
46043,Douglas County,South Dakota,43.09234073013601,3.2640949554896146,2838,Agricultural/Extractive
46045,Edmunds County,South Dakota,43.01133297355639,7.866323907455013,4005,Agricultural/Extractive
46047,Fall River County,South Dakota,32.328190743338006,10.51732552464617,6979,Non-Seasonal
46051,Grant County,South Dakota,29.292149292149293,1.0452961672473868,7550,Non-Seasonal
46053,Gregory County,South Dakota,41.25068568294021,10.955816050495942,4004,Agricultural/Extractive
46055,Haakon County,South Dakota,50.42839657282742,5.888767720828789,1868,Agricultural/Extractive
46057,Hamlin County,South Dakota,34.883720930232556,16.509775524981897,6127,Mixed Seasonal
46059,Hand County,South Dakota,42.07119741100323,3.859857482185273,3061,Agricultural/Extractive
46061,Hanson County,South Dakota,35.13976041072448,3.011093502377179,3429,Non-Seasonal
46065,Hughes County,South Dakota,28.189589871226055,0.9595959595959596,17829,Non-Seasonal
46067,Hutchinson County,South Dakota,37.93386171084996,1.0825858335910918,7412,Non-Seasonal
46069,Hyde County,South Dakota,41.30434782608695,2.6627218934911245,1381,Agricultural/Extractive
46071,Jackson County,South Dakota,38.64491844416562,5.338417540514776,2868,Non-Seasonal
46073,Jerauld County,South Dakota,41.56142365097589,2.4703557312252964,1811,Agricultural/Extractive
46077,Kingsbury County,South Dakota,33.99840383080607,10.022865853658537,5131,Non-Seasonal
46079,Lake County,South Dakota,30.514285714285716,11.395307814429351,11358,Non-Seasonal
46081,Lawrence County,South Dakota,42.73938323397365,13.123135918193437,25687,Agricultural/Extractive
46083,Lincoln County,South Dakota,25.313095169388816,0.4220074935910077,63233,Non-Seasonal
46085,Lyman County,South Dakota,39.66555183946488,4.9013367281986,3746,Non-Seasonal
46087,McCook County,South Dakota,33.845616486203284,1.0586319218241043,5676,Non-Seasonal
46091,Marshall County,South Dakota,29.008620689655174,14.462299134734241,4373,Non-Seasonal
46093,Meade County,South Dakota,32.83325916979213,2.830804372654593,29561,Non-Seasonal
46095,Mellette County,South Dakota,37.87575150300601,2.8187919463087248,1916,Non-Seasonal
46099,Minnehaha County,South Dakota,26.90055191671586,0.45205231752154784,194884,Non-Seasonal
46101,Moody County,South Dakota,37.93873643905552,1.3523391812865497,6335,Non-Seasonal
46102,Oglala Lakota County,South Dakota,26.233683540273802,2.4684270952927667,13835,Non-Seasonal
46103,Pennington County,South Dakota,29.2365094392159,3.1293349653202776,108707,Non-Seasonal
46105,Perkins County,South Dakota,53.93824826717076,9.855072463768117,2977,Agricultural/Extractive
46107,Potter County,South Dakota,53.2590051457976,22.408441961514587,2613,Agricultural/Extractive
46109,Roberts County,South Dakota,34.889604415823364,14.122533748701974,10254,Non-Seasonal
46111,Sanborn County,South Dakota,32.992930086410055,4.847396768402154,2371,Non-Seasonal
46115,Spink County,South Dakota,42.059219380888294,6.64451827242525,6408,Agricultural/Extractive
46117,Stanley County,South Dakota,26.472303206997083,5.220338983050848,2963,Non-Seasonal
46119,Sully County,South Dakota,56.086956521739125,10.859188544152746,1279,Agricultural/Extractive
46121,Todd County,South Dakota,25.468354430379748,1.1712022046159145,9434,Non-Seasonal
46123,Tripp County,South Dakota,43.17230886268543,8.05416963649323,5615,Agricultural/Extractive
46125,Turner County,South Dakota,35.22884882108183,0.9523809523809524,8621,Non-Seasonal
46127,Union County,South Dakota,22.75075075075075,1.24597508049839,16424,Non-Seasonal
46129,Walworth County,South Dakota,40.99874108266891,7.545887151597553,5355,Agricultural/Extractive
46135,Yankton County,South Dakota,29.081081081081084,2.1150674299020085,23213,Non-Seasonal
46137,Ziebach County,South Dakota,42.11180124223603,5.543237250554324,2479,Agricultural/Extractive
47001,Anderson County,Tennessee,24.744439625797657,0.8196021514556475,76683,Non-Seasonal
47003,Bedford County,Tennessee,25.439470822761873,0.7329574577139928,49754,Non-Seasonal
47005,Benton County,Tennessee,31.954887218045116,9.638976515948125,15872,Non-Seasonal
47007,Bledsoe County,Tennessee,28.787339971550495,3.8941076003415884,14863,Non-Seasonal
47009,Blount County,Tennessee,26.819667968130016,4.11777616450845,134042,Non-Seasonal
47011,Bradley County,Tennessee,28.15821145176754,0.6297087596986394,107845,Non-Seasonal
47013,Campbell County,Tennessee,24.125992804290274,8.012210989890901,39388,Non-Seasonal
47015,Cannon County,Tennessee,27.047431478746102,1.4088966281462718,14309,Non-Seasonal
47017,Carroll County,Tennessee,28.931658201906796,1.6489808382319262,28370,Non-Seasonal
47019,Carter County,Tennessee,27.474196863410928,2.8468727534148095,56314,Non-Seasonal
47021,Cheatham County,Tennessee,24.576060470436122,0.5003013863773357,40878,Non-Seasonal
47023,Chester County,Tennessee,32.360097323600975,2.5448477263245723,17278,Non-Seasonal
47025,Claiborne County,Tennessee,21.50007821054278,1.8697698744769873,31958,Non-Seasonal
47027,Clay County,Tennessee,25.41856925418569,10.2235619191158,7568,Non-Seasonal
47029,Cocke County,Tennessee,29.266750948166877,3.3625730994152043,35896,Non-Seasonal
47031,Coffee County,Tennessee,25.249354261871648,1.3766854273798437,57227,Non-Seasonal
47033,Crockett County,Tennessee,26.941906005221934,1.164316169235815,14012,Non-Seasonal
47035,Cumberland County,Tennessee,30.716348136944866,3.462254120148857,60568,Non-Seasonal
47037,Davidson County,Tennessee,26.94220815817912,1.2502810052752005,708490,Non-Seasonal
47039,Decatur County,Tennessee,26.212443813579373,16.42651296829971,11460,Mixed Seasonal
47041,DeKalb County,Tennessee,22.588323728388875,10.171393593144257,19875,Non-Seasonal
47043,Dickson County,Tennessee,25.58731955844891,1.9942765158290108,54000,Non-Seasonal
47045,Dyer County,Tennessee,26.32986996826977,1.9021905872246427,36975,Non-Seasonal
47047,Fayette County,Tennessee,22.895282965954344,1.495628163828808,41584,Non-Seasonal
47049,Fentress County,Tennessee,32.14131218457102,5.803571428571429,18385,Non-Seasonal
47051,Franklin County,Tennessee,26.28640245237574,4.897347054868904,42528,Non-Seasonal
47053,Gibson County,Tennessee,29.28567964696184,0.6545617574534858,50278,Non-Seasonal
47055,Giles County,Tennessee,24.24768975594345,1.8417266187050358,30197,Non-Seasonal
47057,Grainger County,Tennessee,23.328348643452255,8.233157485081726,23377,Non-Seasonal
47059,Greene County,Tennessee,25.726941487461595,1.7468063282876947,69926,Non-Seasonal
47061,Grundy County,Tennessee,22.438830316292023,8.16326530612245,13471,Non-Seasonal
47063,Hamblen County,Tennessee,30.677186553490632,0.548305735277991,64184,Non-Seasonal
47065,Hamilton County,Tennessee,25.56147468285621,1.1454278801230204,363790,Non-Seasonal
47067,Hancock County,Tennessee,17.644341801385682,4.833424358274168,6695,Non-Seasonal
47069,Hardeman County,Tennessee,20.846625766871167,2.0310745039311118,25612,Non-Seasonal
47071,Hardin County,Tennessee,31.27962085308057,16.35998661759786,26722,Mixed Seasonal
47073,Hawkins County,Tennessee,24.18743861946406,2.5182117368635137,56803,Non-Seasonal
47075,Haywood County,Tennessee,24.13085135505064,3.314382484577235,17912,Non-Seasonal
47077,Henderson County,Tennessee,26.613184513428674,1.9650485436893204,27800,Non-Seasonal
47079,Henry County,Tennessee,29.448923613997174,10.722927117143701,32298,Non-Seasonal
47081,Hickman County,Tennessee,29.262086513994912,3.4198678034294474,24848,Non-Seasonal
47083,Houston County,Tennessee,30.646193218170186,10.990673052684647,8238,Non-Seasonal
47085,Humphreys County,Tennessee,25.022665457842248,10.207534401082787,18956,Non-Seasonal
47087,Jackson County,Tennessee,22.73827867048206,7.2727272727272725,11626,Non-Seasonal
47089,Jefferson County,Tennessee,34.57415128052412,7.6234455381374815,54358,Non-Seasonal
47091,Johnson County,Tennessee,31.513937573026208,5.95700891836268,17912,Non-Seasonal
47093,Knox County,Tennessee,27.154341110409447,0.9082275007278229,475286,Non-Seasonal
47095,Lake County,Tennessee,31.19007332205302,4.619673436877738,7187,Non-Seasonal
47097,Lauderdale County,Tennessee,21.44466982195177,2.9548844146159583,25406,Non-Seasonal
47099,Lawrence County,Tennessee,26.62141349609264,0.9887688752754044,43967,Non-Seasonal
47101,Lewis County,Tennessee,26.444350042480885,1.4214641080312722,12485,Non-Seasonal
47103,Lincoln County,Tennessee,26.199897881031404,1.1046585027143037,35042,Non-Seasonal
47105,Loudon County,Tennessee,27.877494665495167,3.0980570108493874,54349,Non-Seasonal
47107,McMinn County,Tennessee,28.096772729335935,1.6129032258064515,53065,Non-Seasonal
47109,McNairy County,Tennessee,23.77151150736056,4.962393721386527,25916,Non-Seasonal
47111,Macon County,Tennessee,28.582034149962883,1.8664140217906207,24954,Non-Seasonal
47113,Madison County,Tennessee,25.907621247113166,0.6822410585073393,98373,Non-Seasonal
47115,Marion County,Tennessee,22.161341987692825,3.7259259259259254,28679,Non-Seasonal
47117,Marshall County,Tennessee,23.00132802124834,0.9318085556967387,33909,Non-Seasonal
47119,Maury County,Tennessee,25.4339268596137,0.5889197596827432,99011,Non-Seasonal
47121,Meigs County,Tennessee,23.129689174705252,7.765531062124248,12622,Non-Seasonal
47123,Monroe County,Tennessee,24,4.956227054504377,46041,Non-Seasonal
47125,Montgomery County,Tennessee,23.76791538993773,0.25156787017680615,216172,Non-Seasonal
47127,Moore County,Tennessee,19.47089947089947,2.963960929605928,6481,Non-Seasonal
47129,Morgan County,Tennessee,24.174562159058283,3.131206916695876,21158,Non-Seasonal
47131,Obion County,Tennessee,26.600793589045356,3.248469671675014,30722,Non-Seasonal
47133,Overton County,Tennessee,28.044083030173333,3.14975845410628,22364,Non-Seasonal
47135,Perry County,Tennessee,14.581247914581247,21.731855260405773,8313,Non-Seasonal
47137,Pickett County,Tennessee,19.892473118279568,27.15350223546945,5021,Non-Seasonal
47139,Polk County,Tennessee,22.138759901666212,7.155404614123434,17502,Non-Seasonal
47141,Putnam County,Tennessee,28.878753743440395,1.1018182856164187,78955,Non-Seasonal
47143,Rhea County,Tennessee,25.620639299042676,4.973734955781635,32723,Non-Seasonal
47145,Roane County,Tennessee,25.46493092454835,3.3291358413348022,53313,Non-Seasonal
47147,Robertson County,Tennessee,21.85792349726776,0.23421697008410516,72309,Non-Seasonal
47149,Rutherford County,Tennessee,26.04988822482778,0.21568397608721135,335595,Non-Seasonal
47151,Scott County,Tennessee,21.390778533635675,2.3319755600814664,21855,Non-Seasonal
47153,Sequatchie County,Tennessee,27.29013724864347,2.855893923939968,15727,Non-Seasonal
47155,Sevier County,Tennessee,44.562942512356955,16.652942861234425,98088,Agricultural/Extractive
47157,Shelby County,Tennessee,24.238812901146964,0.27654232245633475,929178,Non-Seasonal
47159,Smith County,Tennessee,25.94318686196183,3.9549348667996713,19820,Non-Seasonal
47161,Stewart County,Tennessee,25.82517228871962,11.303827751196172,13569,Non-Seasonal
47163,Sullivan County,Tennessee,28.986449700562577,2.078883479045332,157843,Non-Seasonal
47165,Sumner County,Tennessee,26.036715377814758,0.4779929463743589,193036,Non-Seasonal
47167,Tipton County,Tennessee,25.20618556701031,0.2763819095477387,60868,Non-Seasonal
47169,Trousdale County,Tennessee,39.16881998277347,1.2747491185245456,11463,Non-Seasonal
47171,Unicoi County,Tennessee,22.21487165916909,1.6254578754578757,17891,Non-Seasonal
47173,Union County,Tennessee,22.88675240354601,7.492886500158077,19597,Non-Seasonal
47175,Van Buren County,Tennessee,24.024896265560166,1.8068102849200833,6083,Non-Seasonal
47177,Warren County,Tennessee,24.27315753887762,1.0078635507808174,40801,Non-Seasonal
47179,Washington County,Tennessee,28.792801799550112,1.2203805202762001,132067,Non-Seasonal
47181,Wayne County,Tennessee,24.55425369332654,5.393383375034752,16350,Non-Seasonal
47183,Weakley County,Tennessee,27.672727272727272,0.6726606726606726,32948,Non-Seasonal
47185,White County,Tennessee,26.524849397590362,3.009920968555574,27134,Non-Seasonal
47187,Williamson County,Tennessee,24.94006947049135,0.5645706558485463,242386,Non-Seasonal
47189,Wilson County,Tennessee,26.14045449431882,0.9478506608625441,144748,Non-Seasonal
48001,Anderson County,Texas,30.485753338239935,6.623602484472049,58133,Non-Seasonal
48003,Andrews County,Texas,43.528869424916444,0.5531295487627365,18184,Agricultural/Extractive
48005,Angelina County,Texas,27.495935407423737,2.9962957881739607,86584,Non-Seasonal
48007,Aransas County,Texas,33.62841774988794,19.958821258525287,24149,Mixed Seasonal
48009,Archer County,Texas,31.514257620452312,3.691361189438606,8616,Non-Seasonal
48013,Atascosa County,Texas,33.33165753355789,2.9152179727199785,48684,Non-Seasonal
48015,Austin County,Texas,32.332743362831856,4.147196261682243,30132,Non-Seasonal
48019,Bandera County,Texas,27.874643874643873,19.80579126935526,20839,Mixed Seasonal
48021,Bastrop County,Texas,23.356529807469265,3.961035315254618,94887,Non-Seasonal
48025,Bee County,Texas,33.28214578214578,2.977315689981096,31191,Non-Seasonal
48027,Bell County,Texas,24.579266910498877,0.5062961592743317,364703,Non-Seasonal
48029,Bexar County,Texas,27.474594769049144,0.5633219932062057,1990522,Non-Seasonal
48031,Blanco County,Texas,27.486812358703844,12.998670212765958,11313,Non-Seasonal
48035,Bosque County,Texas,28.54163951518311,13.068181818181818,18275,Non-Seasonal
48037,Bowie County,Texas,29.489051094890513,0.7188599488698205,92957,Non-Seasonal
48039,Brazoria County,Texas,20.47931962944951,1.9948893040434623,368575,Non-Seasonal
48041,Brazos County,Texas,28.725674134569402,1.3406600334114334,231095,Non-Seasonal
48043,Brewster County,Texas,30.18595041322314,3.0994550408719346,9501,Non-Seasonal
48045,Briscoe County,Texas,39.473684210526315,11.03896103896104,1266,Non-Seasonal
48049,Brown County,Texas,33.02000482043866,9.637079608343976,38085,Non-Seasonal
48051,Burleson County,Texas,33.12637969094923,11.546747091770788,17687,Non-Seasonal
48053,Burnet County,Texas,34.033339541814115,18.022225104855796,48424,Mixed Seasonal
48055,Caldwell County,Texas,27.300904864270358,2.209875772520132,45286,Non-Seasonal
48057,Calhoun County,Texas,25.618877067312756,18.219190881061383,20367,Mixed Seasonal
48059,Callahan County,Texas,32.28058510638298,2.966948501152959,13781,Non-Seasonal
48061,Cameron County,Texas,28.04611457811756,7.4637926103122805,420554,Non-Seasonal
48063,Camp County,Texas,29.54864593781344,10.912250217202432,12498,Non-Seasonal
48065,Carson County,Texas,33.43717549325026,2.0136641495864795,5856,Non-Seasonal
48067,Cass County,Texas,30.244901759940408,3.268582897283349,28692,Non-Seasonal
48069,Castro County,Texas,41.350710900473935,1.0869565217391304,7450,Agricultural/Extractive
48071,Chambers County,Texas,24.192678982702017,3.069486404833837,45257,Non-Seasonal
48073,Cherokee County,Texas,26.746090841399848,4.086619077276865,50564,Non-Seasonal
48075,Childress County,Texas,34.41196938065414,11.648745519713263,6784,Non-Seasonal
48077,Clay County,Texas,31.139885374655062,6.108949416342412,10236,Non-Seasonal
48079,Cochran County,Texas,39.19172932330827,0.9538950715421303,2553,Non-Seasonal
48083,Coleman County,Texas,32.23465376474145,14.127367996775494,7848,Non-Seasonal
48085,Collin County,Texas,23.749064096986626,0.22107496427907405,1039812,Non-Seasonal
48087,Collingsworth County,Texas,35.49107142857143,7.901554404145078,2948,Non-Seasonal
48089,Colorado County,Texas,28.291219568478137,15.258286055538967,20559,Mixed Seasonal
48091,Comal County,Texas,27.649915831884535,4.565220617699877,156257,Non-Seasonal
48093,Comanche County,Texas,26.813074565883554,11.94652098907418,13540,Non-Seasonal
48097,Cooke County,Texas,37.73108394787352,2.566875355719977,41215,Non-Seasonal
48099,Coryell County,Texas,19.02945351312988,1.179037764403618,81692,Non-Seasonal
48101,Cottle County,Texas,46.97802197802198,11.142857142857142,1560,Agricultural/Extractive
48103,Crane County,Texas,42.22989639861865,0.8314855875831485,4654,Agricultural/Extractive
48107,Crosby County,Texas,36.56143344709898,7.054871220604703,5265,Non-Seasonal
48109,Culberson County,Texas,35.51020408163265,6.066734074823053,2209,Non-Seasonal
48111,Dallam County,Texas,49.57746478873239,0.6960556844547563,7135,Agricultural/Extractive
48113,Dallas County,Texas,25.013617216531692,0.4055142945732817,2604722,Non-Seasonal
48115,Dawson County,Texas,36.58361284139914,2.480178898150031,12371,Non-Seasonal
48117,Deaf Smith County,Texas,38.01337153772684,0.21446954532456391,18675,Non-Seasonal
48119,Delta County,Texas,25.202520252025202,3.7144036318613285,5251,Non-Seasonal
48121,Denton County,Texas,25.08031856880765,0.27476253088130376,885012,Non-Seasonal
48123,DeWitt County,Texas,39.16131676000546,12.127474439852078,19834,Non-Seasonal
48125,Dickens County,Texas,28.158844765342963,14.416058394160583,1569,Non-Seasonal
48127,Dimmit County,Texas,48.223350253807105,11.009174311926607,8840,Agricultural/Extractive
48129,Donley County,Texas,44.3666899930021,16.420193778684343,3266,Agricultural/Extractive
48131,Duval County,Texas,44.804134929270944,9.189308592887121,10001,Agricultural/Extractive
48133,Eastland County,Texas,34.902411021814004,8.157003808717732,17785,Non-Seasonal
48135,Ector County,Texas,40.51536662426655,0.2276845871474374,161258,Agricultural/Extractive
48139,Ellis County,Texas,24.84948597013628,0.2814666207536718,187984,Non-Seasonal
48141,El Paso County,Texas,24.87990701790865,0.992761972664829,860485,Non-Seasonal
48143,Erath County,Texas,35.0866400082026,4.069703319730892,42288,Non-Seasonal
48145,Falls County,Texas,31.59535769963624,2.2353098648106013,17074,Non-Seasonal
48147,Fannin County,Texas,25.329489291598023,3.4667032063579066,35453,Non-Seasonal
48149,Fayette County,Texas,28.720379146919434,14.47040145157632,24445,Non-Seasonal
48151,Fisher County,Texas,28.50877192982456,7.526881720430108,3720,Non-Seasonal
48153,Floyd County,Texas,37.121212121212125,3.363567649281935,5478,Non-Seasonal
48157,Fort Bend County,Texas,27.329775317915267,0.17183774395808188,806497,Non-Seasonal
48159,Franklin County,Texas,24.16647505173603,20.085057026870288,10413,Non-Seasonal
48161,Freestone County,Texas,30.68116771608472,8.59504132231405,19478,Non-Seasonal
48163,Frio County,Texas,45.137946630483945,8.228553238898616,18428,Agricultural/Extractive
48165,Gaines County,Texas,34.930164175447196,0.8025682182985553,21167,Non-Seasonal
48167,Galveston County,Texas,25.44717105954655,5.65454392253197,347084,Non-Seasonal
48171,Gillespie County,Texas,35.28222409435552,12.7871198568873,26730,Non-Seasonal
48175,Goliad County,Texas,27.741935483870968,9.21462999716473,7085,Non-Seasonal
48177,Gonzales County,Texas,32.23332558679991,3.3337074868110896,19720,Non-Seasonal
48179,Gray County,Texas,34.69002994344017,2.2288855572213895,21398,Non-Seasonal
48181,Grayson County,Texas,30.79238998142336,3.011383235598482,134205,Non-Seasonal
48183,Gregg County,Texas,31.346865133062696,0.8071816535908268,123744,Non-Seasonal
48185,Grimes County,Texas,30.6784107946027,9.312899966318627,28878,Non-Seasonal
48187,Guadalupe County,Texas,26.634512997181336,1.8661386138613862,169477,Non-Seasonal
48189,Hale County,Texas,39.85152083033011,1.3205998657017084,32879,Non-Seasonal
48191,Hall County,Texas,41.687763713080166,9.291784702549576,2875,Agricultural/Extractive
48193,Hamilton County,Texas,39.26460932370322,14.62296584918634,8211,Non-Seasonal
48195,Hansford County,Texas,47.85247432306256,0,5332,Agricultural/Extractive
48197,Hardeman County,Texas,35.67948023822415,9.360986547085203,3567,Non-Seasonal
48199,Hardin County,Texas,29.66746359487068,0.45871559633027525,56124,Non-Seasonal
48201,Harris County,Texas,27.540991021552795,0.381304758349619,4697957,Non-Seasonal
48203,Harrison County,Texas,33.60797618223361,1.6520126390987773,68674,Non-Seasonal
48205,Hartley County,Texas,40.1548137397194,0.5693581780538302,5465,Agricultural/Extractive
48207,Haskell County,Texas,40.90698750578436,13.615928066795119,5420,Agricultural/Extractive
48209,Hays County,Texas,29.196336870934616,1.3488114980652295,234573,Non-Seasonal
48213,Henderson County,Texas,29.85651743201355,12.237564301361097,81717,Non-Seasonal
48215,Hidalgo County,Texas,30.729700690713734,4.658858856790625,865677,Non-Seasonal
48217,Hill County,Texas,30.644636700709032,6.092436974789916,35686,Non-Seasonal
48219,Hockley County,Texas,38.84792134231057,0.46779808529155786,21670,Non-Seasonal
48221,Hood County,Texas,29.966146542667033,2.5190266909636616,60521,Non-Seasonal
48223,Hopkins County,Texas,28.1415088739835,2.9106960081883315,36666,Non-Seasonal
48225,Houston County,Texas,29.86456605859591,11.747903805399428,22288,Non-Seasonal
48227,Howard County,Texas,36.21911922663802,0.5256714913228199,34620,Non-Seasonal
48231,Hunt County,Texas,25.845521023765993,1.6123823010608433,98783,Non-Seasonal
48233,Hutchinson County,Texas,32.27662454873646,0.6737623278976663,20801,Non-Seasonal
48237,Jack County,Texas,35.35749265426053,6.156667539952842,8494,Non-Seasonal
48239,Jackson County,Texas,29.037493913325758,6.1077499279746466,14971,Non-Seasonal
48241,Jasper County,Texas,26.27204884667571,7.51211136321825,33369,Non-Seasonal
48245,Jefferson County,Texas,27.448531601548616,0.41353209950616143,256755,Non-Seasonal
48247,Jim Hogg County,Texas,45.19774011299435,9.236234458259325,4864,Agricultural/Extractive
48249,Jim Wells County,Texas,35.741444866920155,3.076542904800148,39203,Non-Seasonal
48251,Johnson County,Texas,32.69723967765853,0.08453085376162299,177022,Non-Seasonal
48253,Jones County,Texas,22.736916548797737,3.662011969222,19721,Non-Seasonal
48255,Karnes County,Texas,35.924592247405215,6.7378941926589695,14823,Non-Seasonal
48257,Kaufman County,Texas,24.791312587423107,1.17020630453708,140145,Non-Seasonal
48259,Kendall County,Texas,26.247030878859857,5.430345059001175,43842,Non-Seasonal
48265,Kerr County,Texas,33.70563305668374,5.879535384983834,52411,Non-Seasonal
48267,Kimble County,Texas,39.71291866028708,20.563483351628246,4295,Mixed Seasonal
48271,Kinney County,Texas,24.194952132288947,13.31103678929766,3199,Non-Seasonal
48273,Kleberg County,Texas,34.039665183621146,3.5315315315315314,31015,Non-Seasonal
48275,Knox County,Texas,37.13490959666203,8.378970427163198,3384,Non-Seasonal
48277,Lamar County,Texas,30.090768208988266,1.6386202022878846,49932,Non-Seasonal
48279,Lamb County,Texas,37.39792130660727,2.200033846674564,13147,Non-Seasonal
48281,Lampasas County,Texas,29.607467687888946,5.884184308841843,21443,Non-Seasonal
48283,La Salle County,Texas,42.70752521334368,4.9853372434017595,6956,Agricultural/Extractive
48285,Lavaca County,Texas,27.790079716563334,10.92911877394636,20287,Non-Seasonal
48287,Lee County,Texas,27.450472614269067,7.283163265306122,17393,Non-Seasonal
48289,Leon County,Texas,33.78602186154356,16.38669484926021,15877,Mixed Seasonal
48291,Liberty County,Texas,26.71508520404955,4.093388075249709,89948,Non-Seasonal
48293,Limestone County,Texas,25.77208522863299,7.221153846153847,22252,Non-Seasonal
48295,Lipscomb County,Texas,34.85593815881939,3.057065217391304,3138,Non-Seasonal
48297,Live Oak County,Texas,37.81600208496221,15.012594458438286,11378,Mixed Seasonal
48299,Llano County,Texas,26.091703056768562,34.77230850223743,21246,Vacation Destinations
48303,Lubbock County,Texas,30.28553460802548,0.5720335755526104,308580,Non-Seasonal
48305,Lynn County,Texas,27.094753328112763,2.5974025974025974,5587,Non-Seasonal
48309,McLennan County,Texas,26.323850826922744,0.7907171709473363,258031,Non-Seasonal
48313,Madison County,Texas,37.54456327985739,7.68321513002364,13579,Non-Seasonal
48317,Martin County,Texas,40.604175921812526,0.948316737790422,5213,Agricultural/Extractive
48319,Mason County,Texas,42.882991556091675,25.313807531380757,3948,Resort Economies
48321,Matagorda County,Texas,31.126741139153218,11.585530217262386,36323,Non-Seasonal
48323,Maverick County,Texas,33.25525856526132,3.536345776031434,57769,Non-Seasonal
48325,Medina County,Texas,29.300637476152808,5.662514156285391,50458,Non-Seasonal
48327,Menard County,Texas,31.46067415730337,21.883468834688347,1981,Mixed Seasonal
48329,Midland County,Texas,44.299954581311404,1.220471294165623,166964,Agricultural/Extractive
48331,Milam County,Texas,38.54946787544344,2.821425470961021,24895,Non-Seasonal
48333,Mills County,Texas,26.461538461538463,21.57676348547718,4520,Mixed Seasonal
48335,Mitchell County,Texas,44.89062031765059,11.26041386723999,8903,Agricultural/Extractive
48337,Montague County,Texas,39.26603206412826,7.859793009177896,19850,Non-Seasonal
48339,Montgomery County,Texas,29.537139796314904,1.0443494992521996,607999,Non-Seasonal
48341,Moore County,Texas,33.031259545871094,0.8444498837351609,21494,Non-Seasonal
48343,Morris County,Texas,27.64622546043311,1.580212985228444,11988,Non-Seasonal
48345,Motley County,Texas,40.85667215815486,9.91501416430595,1269,Agricultural/Extractive
48347,Nacogdoches County,Texas,32.88695336599528,2.7269253482474727,64822,Non-Seasonal
48349,Navarro County,Texas,29.329088014555378,4.84525382147575,51908,Non-Seasonal
48351,Newton County,Texas,23.97020157756354,10.299105766265804,12532,Non-Seasonal
48353,Nolan County,Texas,35.69040454697426,2.133632790567097,14727,Non-Seasonal
48355,Nueces County,Texas,29.712415832861367,3.267037920975868,353594,Non-Seasonal
48357,Ochiltree County,Texas,45.47677261613692,1.9744483159117305,10063,Agricultural/Extractive
48359,Oldham County,Texas,27.82969885773624,2.904040404040404,2251,Non-Seasonal
48361,Orange County,Texas,25.707043756670224,0.7733556088491282,85045,Non-Seasonal
48363,Palo Pinto County,Texas,31.55536770921386,19.12991656734207,28303,Mixed Seasonal
48365,Panola County,Texas,37.22010984368399,5.637459434399629,22583,Non-Seasonal
48367,Parker County,Texas,27.645414614667907,1.8241472156345286,144803,Non-Seasonal
48369,Parmer County,Texas,33.566581849024594,4.459279038718291,9874,Non-Seasonal
48371,Pecos County,Texas,39.31623931623932,1.1756569847856155,15202,Non-Seasonal
48373,Polk County,Texas,25.656508117345485,15.008110300081103,49372,Mixed Seasonal
48375,Potter County,Texas,27.813433438282072,0.2828332513526808,119043,Non-Seasonal
48379,Rains County,Texas,22.600806451612904,8.162556443209448,12013,Non-Seasonal
48381,Randall County,Texas,27.256542135307747,1.1605739322385364,139176,Non-Seasonal
48383,Reagan County,Texas,62.616822429906534,0,3363,Agricultural/Extractive
48385,Real County,Texas,58.75,37.11453744493392,2852,Resort Economies
48387,Red River County,Texas,23.729189789123197,7.620578778135048,11685,Non-Seasonal
48389,Reeves County,Texas,42.570847033035854,4.2259162827959145,14584,Agricultural/Extractive
48391,Refugio County,Texas,42.62232415902141,5.619335347432024,6822,Agricultural/Extractive
48395,Robertson County,Texas,30.309867629362213,13.102142265356848,16839,Non-Seasonal
48397,Rockwall County,Texas,23.509031012154946,0.6931570887402273,105227,Non-Seasonal
48399,Runnels County,Texas,32.990382464772985,4.996019108280255,9887,Non-Seasonal
48401,Rusk County,Texas,30.167805512945662,3.745034991488557,52542,Non-Seasonal
48405,San Augustine County,Texas,27.303497555471985,21.434511434511435,7964,Mixed Seasonal
48407,San Jacinto County,Texas,30.872202468102905,15.77867350677904,27380,Mixed Seasonal
48409,San Patricio County,Texas,28.98631279094004,3.8916509514829416,68600,Non-Seasonal
48411,San Saba County,Texas,37.633907778295296,13.400626522798467,5775,Non-Seasonal
48413,Schleicher County,Texas,40.67278287461774,7.57459831675593,2547,Agricultural/Extractive
48415,Scurry County,Texas,40.20602938948644,1.9341801385681294,16985,Agricultural/Extractive
48417,Shackelford County,Texas,48.777078965758214,6.085319949811794,3145,Agricultural/Extractive
48419,Shelby County,Texas,37.20427895494754,6.141800782949108,24254,Non-Seasonal
48423,Smith County,Texas,28.955613824178112,0.8229812053094223,231429,Non-Seasonal
48425,Somervell County,Texas,19.834307992202728,9.144467213114755,9170,Non-Seasonal
48427,Starr County,Texas,26.769028295678876,3.716021462462862,65568,Non-Seasonal
48429,Stephens County,Texas,38.419469510527755,13.547008547008547,9142,Non-Seasonal
48431,Sterling County,Texas,48.52686308492201,13.027522935779817,1391,Agricultural/Extractive
48435,Sutton County,Texas,45.27911784975879,10.78088578088578,3417,Agricultural/Extractive
48437,Swisher County,Texas,37.86750294002352,0.5239030779305829,7055,Non-Seasonal
48439,Tarrant County,Texas,26.121290407669672,0.39775192418136085,2091953,Non-Seasonal
48441,Taylor County,Texas,27.057054907294724,0.4389161256128263,141739,Non-Seasonal
48445,Terry County,Texas,46.44039735099338,1.2515644555694618,11937,Agricultural/Extractive
48447,Throckmorton County,Texas,41.2536443148688,14.130434782608695,1426,Agricultural/Extractive
48449,Titus County,Texas,27.372723894463025,1.7208413001912046,31327,Non-Seasonal
48451,Tom Green County,Texas,30.43553374911459,1.1422413793103448,119048,Non-Seasonal
48453,Travis County,Texas,23.536960549351555,1.3247212213540627,1267795,Non-Seasonal
48455,Trinity County,Texas,28.233506944444443,11.597188560349005,13695,Non-Seasonal
48457,Tyler County,Texas,40.336689222644004,12.112646566164154,20032,Agricultural/Extractive
48459,Upshur County,Texas,30.963877513599414,2.2965233990860185,40781,Non-Seasonal
48463,Uvalde County,Texas,33.63493312352478,6.682436428149025,24918,Non-Seasonal
48465,Val Verde County,Texas,25.442467148329534,4.067631806395852,47767,Non-Seasonal
48467,Van Zandt County,Texas,28.227571115973742,3.14891929407099,58782,Non-Seasonal
48469,Victoria County,Texas,32.14519531534153,1.3002455732195943,91280,Non-Seasonal
48471,Walker County,Texas,26.665228800460117,2.911582102333547,76506,Non-Seasonal
48473,Waller County,Texas,30.116022788705454,2.759017852468457,55505,Non-Seasonal
48475,Ward County,Texas,36.80692095949666,3.120094191522763,11375,Non-Seasonal
48477,Washington County,Texas,27.373082200324312,9.43103961870718,35561,Non-Seasonal
48479,Webb County,Texas,30.247021482128893,1.0656030479819028,266963,Non-Seasonal
48481,Wharton County,Texas,32.2619115225169,1.6127167630057802,41602,Non-Seasonal
48483,Wheeler County,Texas,46.625,2.678913126674321,5091,Agricultural/Extractive
48485,Wichita County,Texas,29.54348146570787,0.3546737721446061,129419,Non-Seasonal
48487,Wilbarger County,Texas,28.292001397135873,2.017975241648296,12887,Non-Seasonal
48489,Willacy County,Texas,35.550031075201986,6.444053895723492,20423,Non-Seasonal
48491,Williamson County,Texas,24.25694385067186,0.46378458713992216,591759,Non-Seasonal
48493,Wilson County,Texas,27.32670654468684,1.309625212947189,49374,Non-Seasonal
48497,Wise County,Texas,32.43494712030518,2.3429220287660866,67877,Non-Seasonal
48499,Wood County,Texas,30.78757526977881,10.226083792021107,44615,Non-Seasonal
48501,Yoakum County,Texas,46.66464523953911,2.5207296849087895,7707,Agricultural/Extractive
48503,Young County,Texas,36.12769270698158,2.100350058343057,17894,Non-Seasonal
48505,Zapata County,Texas,28.516868236791854,12.186031437368335,13945,Non-Seasonal
48507,Zavala County,Texas,39.87058237929318,3.125,9900,Non-Seasonal
49001,Beaver County,Utah,41.55104944859481,19.735927727588603,6962,Agricultural/Extractive
49003,Box Elder County,Utah,25.60506584825764,1.4056847545219637,56891,Non-Seasonal
49005,Cache County,Utah,25.619626887956372,1.6404870341109767,131703,Non-Seasonal
49007,Carbon County,Utah,33.36242363795038,7.033447952485152,20208,Non-Seasonal
49011,Davis County,Utah,24.284526505920468,0.15912647477713504,358831,Non-Seasonal
49013,Duchesne County,Utah,37.81752203214101,21.535157133167534,19651,Mixed Seasonal
49015,Emery County,Utah,34.2462111140654,6.521212121212121,9839,Non-Seasonal
49017,Garfield County,Utah,46.85767097966728,40.146190610064664,5061,Resort Economies
49019,Grand County,Utah,55.84789706164778,5.677194342181748,9630,Agricultural/Extractive
49021,Iron County,Utah,30.459909473003556,9.45415459388728,55839,Non-Seasonal
49023,Juab County,Utah,25.35019455252918,1.9240906694781235,11648,Non-Seasonal
49025,Kane County,Utah,44.550724637681164,45.22814641484205,7635,Resort Economies
49027,Millard County,Utah,38.06680350811719,6.883248730964467,12860,Non-Seasonal
49029,Morgan County,Utah,20.99533437013997,1.5851325498770157,12162,Non-Seasonal
49031,Piute County,Utah,23.202614379084967,26.297577854671278,1809,Non-Seasonal
49035,Salt Lake County,Utah,24.05419256494829,0.8702133518168611,1173331,Non-Seasonal
49037,San Juan County,Utah,28.04693414080242,8.271760677599566,14610,Non-Seasonal
49039,Sanpete County,Utah,29.781915352124816,11.098142204065752,28458,Non-Seasonal
49041,Sevier County,Utah,34.73013744552464,9.643066120538327,21471,Non-Seasonal
49043,Summit County,Utah,29.36731107205624,39.21864715220506,42156,Vacation Destinations
49045,Tooele County,Utah,26.155844155844154,0.835100742311771,71340,Non-Seasonal
49047,Uintah County,Utah,45.48354356966797,2.843949278018031,35488,Agricultural/Extractive
49049,Utah County,Utah,25.04749945761865,0.8477920083606155,648265,Non-Seasonal
49051,Wasatch County,Utah,32.1360608943863,21.95917210093564,34028,Mixed Seasonal
49053,Washington County,Utah,29.666192700927617,12.253051552641004,176533,Non-Seasonal
49055,Wayne County,Utah,45.58951965065502,27.784431137724553,2500,Resort Economies
49057,Weber County,Utah,23.722087075848304,2.98099549421212,259390,Non-Seasonal
50001,Addison County,Vermont,28.63500733323219,10.915168280313509,37306,Non-Seasonal
50003,Bennington County,Vermont,30.652073198980773,24.475893499640204,37235,Mixed Seasonal
50005,Caledonia County,Vermont,27.48669668440442,14.281255851694652,30402,Non-Seasonal
50007,Chittenden County,Vermont,25.707465652812584,3.1593064734673564,167523,Non-Seasonal
50009,Essex County,Vermont,33.29430132708821,36.74846625766871,5972,Vacation Destinations
50011,Franklin County,Vermont,27.259341796330933,9.949544126759315,49752,Non-Seasonal
50013,Grand Isle County,Vermont,27.47191011235955,38.17419477796836,7249,Vacation Destinations
50015,Lamoille County,Vermont,35.342884153879716,16.250906453952137,25920,Mixed Seasonal
50017,Orange County,Vermont,25.371777388142085,11.592654424040067,29286,Non-Seasonal
50019,Orleans County,Vermont,30.919154907616747,24.720126551472376,27317,Mixed Seasonal
50021,Rutland County,Vermont,31.40973355084285,18.453960950864154,60662,Mixed Seasonal
50023,Washington County,Vermont,27.866206050431018,12.880569711224357,59609,Non-Seasonal
50025,Windham County,Vermont,28.184425325391572,30.327841459746686,45811,Vacation Destinations
50027,Windsor County,Vermont,30.25928421948711,22.102768626090977,57593,Mixed Seasonal
51001,Accomack County,Virginia,27.921157118547928,20.636166381976825,33388,Mixed Seasonal
51003,Albemarle County,Virginia,22.950121316515716,1.6459141467178158,111438,Non-Seasonal
51005,Alleghany County,Virginia,22.280701754385966,6.0015098137896326,15266,Non-Seasonal
51007,Amelia County,Virginia,30.774203976078873,1.4096916299559472,13220,Non-Seasonal
51009,Amherst County,Virginia,22.278842233999185,2.487876871178579,31381,Non-Seasonal
51011,Appomattox County,Virginia,27.538586515028435,4.420878666850296,16039,Non-Seasonal
51013,Arlington County,Virginia,18.437228006018447,0.9613257788440269,235764,Non-Seasonal
51015,Augusta County,Virginia,27.934175403836097,2.3137037720755647,76948,Non-Seasonal
51019,Bedford County,Virginia,25.601882249945284,6.600908431209181,79183,Non-Seasonal
51023,Botetourt County,Virginia,24.763287463704078,2.434922983789601,33542,Non-Seasonal
51025,Brunswick County,Virginia,29.784454604833442,10.158610271903324,16044,Non-Seasonal
51027,Buchanan County,Virginia,37.07554833468725,1.1169451073985681,20615,Non-Seasonal
51029,Buckingham County,Virginia,26.33704960413637,5.600445806631374,16832,Non-Seasonal
51031,Campbell County,Virginia,26.507719366816495,0.7989188759489646,55656,Non-Seasonal
51033,Caroline County,Virginia,22.890949792133032,3.208599369595086,30861,Non-Seasonal
51035,Carroll County,Virginia,29.257320464583675,11.771786230139625,29123,Non-Seasonal
51036,Charles City County,Virginia,24.930405196412,2.5145660840233055,6817,Non-Seasonal
51037,Charlotte County,Virginia,23.955370816014003,5.580543061802432,11605,Non-Seasonal
51041,Chesterfield County,Virginia,22.847994180118715,0.022664960701882654,359798,Non-Seasonal
51043,Clarke County,Virginia,26.779052093408872,2.491720548809336,14726,Non-Seasonal
51047,Culpeper County,Virginia,28.070522196307863,1.046267087276551,52021,Non-Seasonal
51049,Cumberland County,Virginia,21.254071661237788,1.9404915912031047,9669,Non-Seasonal
51051,Dickenson County,Virginia,28.649160160870597,1.449471687889461,14256,Non-Seasonal
51053,Dinwiddie County,Virginia,26.65025388521311,0,28040,Non-Seasonal
51057,Essex County,Virginia,27.796842827728206,14.902506963788301,10621,Non-Seasonal
51059,Fairfax County,Virginia,20.955958714463513,0.2776902566224776,1146825,Non-Seasonal
51061,Fauquier County,Virginia,24.88840500816549,1.8343703068011155,72416,Non-Seasonal
51063,Floyd County,Virginia,26.403162055335965,5.73553510651708,15536,Non-Seasonal
51065,Fluvanna County,Virginia,24.672724472508854,2.1788265075490463,27078,Non-Seasonal
51067,Franklin County,Virginia,26.781505763380043,12.431631320794665,54829,Non-Seasonal
51069,Frederick County,Virginia,23.192715537113877,2.0319796236026604,90287,Non-Seasonal
51071,Giles County,Virginia,22.501645819618172,3.6573628488931664,16764,Non-Seasonal
51073,Gloucester County,Virginia,28.080613174679748,4.766399244926852,38586,Non-Seasonal
51075,Goochland County,Virginia,24.824165915238954,1.9959306268772408,24300,Non-Seasonal
51077,Grayson County,Virginia,27.417218543046356,13.733809736489505,15418,Non-Seasonal
51079,Greene County,Virginia,28.392997639653817,4.631828978622328,20374,Non-Seasonal
51081,Greensville County,Virginia,28.58342665173572,3.3258873169520973,11465,Non-Seasonal
51083,Halifax County,Virginia,23.548101078764596,4.923218496577904,34228,Non-Seasonal
51085,Hanover County,Virginia,24.327472993009955,0.31153377682001315,109232,Non-Seasonal
51087,Henrico County,Virginia,22.840392925480252,0.2803484330525081,331924,Non-Seasonal
51089,Henry County,Virginia,24.73812671615987,1.3309845370914073,51077,Non-Seasonal
51093,Isle of Wight County,Virginia,20.869940171400852,0.48454367026496564,38301,Non-Seasonal
51095,James City County,Virginia,28.599954358740305,3.7369340558467323,77733,Non-Seasonal
51097,King and Queen County,Virginia,24.22434367541766,8.371958285052143,6690,Non-Seasonal
51099,King George County,Virginia,22.666370567769636,1.2197501951600311,26597,Non-Seasonal
51101,King William County,Virginia,24.796173497119252,0.9036144578313252,17511,Non-Seasonal
51103,Lancaster County,Virginia,28.04754678806272,19.211161792326266,10916,Mixed Seasonal
51105,Lee County,Virginia,26.223520818115414,0.8952224353704211,22482,Non-Seasonal
51107,Loudoun County,Virginia,19.646749103958893,0.3248732420628375,413574,Non-Seasonal
51109,Louisa County,Virginia,25.047337278106507,9.811017289907518,37136,Non-Seasonal
51111,Lunenburg County,Virginia,23.94025916977817,5.425170068027211,11982,Non-Seasonal
51113,Madison County,Virginia,32.555590353899156,4.423459244532803,13731,Non-Seasonal
51115,Mathews County,Virginia,23.513349514563107,26.826608505997818,8548,Non-Seasonal
51117,Mecklenburg County,Virginia,24.080702896192648,21.954428248171343,30347,Non-Seasonal
51121,Montgomery County,Virginia,26.208433707814578,2.2709017889740784,99294,Non-Seasonal
51125,Nelson County,Virginia,25.348872872258855,23.146839022419712,14795,Mixed Seasonal
51127,New Kent County,Virginia,21.47915027537372,1.3005942370220875,22519,Non-Seasonal
51131,Northampton County,Virginia,31.775894149266076,12.085822922324823,12226,Non-Seasonal
51133,Northumberland County,Virginia,23.98707432264479,28.57778766970844,11965,Non-Seasonal
51135,Nottoway County,Virginia,32.77074542897328,4.533815333634584,15667,Non-Seasonal
51137,Orange County,Virginia,28.52451185286917,4.02472792839204,36001,Non-Seasonal
51139,Page County,Virginia,29.645562517534835,9.940425531914894,23734,Non-Seasonal
51141,Patrick County,Virginia,22.76251807070574,6.880367485520271,17661,Non-Seasonal
51143,Pittsylvania County,Virginia,26.241654767877126,2.353655246830321,60833,Non-Seasonal
51145,Powhatan County,Virginia,18.016540222814573,0.7884362680683311,29979,Non-Seasonal
51147,Prince Edward County,Virginia,36.31983331162912,7.654348064480754,21887,Non-Seasonal
51149,Prince George County,Virginia,23.18189476048745,0.5362942820454717,42170,Non-Seasonal
51153,Prince William County,Virginia,23.07940437645408,0.21039880136440436,477224,Non-Seasonal
51155,Pulaski County,Virginia,26.71426646908258,2.626939351198872,33893,Non-Seasonal
51157,Rappahannock County,Virginia,23.645320197044335,13.687223523289097,7400,Non-Seasonal
51159,Richmond County,Virginia,18.35625199872082,10.77783426537875,8902,Non-Seasonal
51161,Roanoke County,Virginia,22.81554451363725,1.0688694741352633,96303,Non-Seasonal
51163,Rockbridge County,Virginia,28.22489464487614,4.892993517449605,22663,Non-Seasonal
51165,Rockingham County,Virginia,28.60897498296505,7.010851135978298,83090,Non-Seasonal
51167,Russell County,Virginia,31.048902311534444,1.4777941977133078,25932,Non-Seasonal
51169,Scott County,Virginia,24.131007654661815,3.977947413061917,21576,Non-Seasonal
51171,Shenandoah County,Virginia,30.944561541100928,9.292412617220801,44037,Non-Seasonal
51173,Smyth County,Virginia,26.910548734652966,2.673620279904938,29960,Non-Seasonal
51175,Southampton County,Virginia,20.22153529108707,1.5578346098922498,18028,Non-Seasonal
51177,Spotsylvania County,Virginia,26.924990488454448,2.200254477831066,138493,Non-Seasonal
51179,Stafford County,Virginia,20.438135659015035,0.5909869674860916,154204,Non-Seasonal
51181,Surry County,Virginia,30.87054288467716,9.208211143695015,6563,Non-Seasonal
51183,Sussex County,Virginia,29.683257918552037,3.164693218514532,10960,Non-Seasonal
51185,Tazewell County,Virginia,28.249736934408983,3.09836558708513,40615,Non-Seasonal
51187,Warren County,Virginia,26.17565517602134,2.647694524495677,40442,Non-Seasonal
51191,Washington County,Virginia,29.154381916848266,2.9658689682228325,53997,Non-Seasonal
51193,Westmoreland County,Virginia,26.69983416252073,19.070397111913355,18324,Mixed Seasonal
51195,Wise County,Virginia,32.560025957170666,0.8799048751486327,36531,Non-Seasonal
51197,Wythe County,Virginia,29.71332747744151,2.8219197605643838,28347,Non-Seasonal
51199,York County,Virginia,19.606434932490664,2.4572069626895376,69635,Non-Seasonal
51510,Alexandria city,Virginia,21.85577059767267,0.6534232883558221,158185,Non-Seasonal
51520,Bristol city,Virginia,31.323085008540268,1.0814542107685228,16996,Non-Seasonal
51540,Charlottesville city,Virginia,25.57190552738964,1.1839323467230445,46597,Non-Seasonal
51550,Chesapeake city,Virginia,22.196020876792296,0.027649279523581646,247172,Non-Seasonal
51570,Colonial Heights city,Virginia,30.306242638398118,0.09868015295423707,18127,Non-Seasonal
51580,Covington city,Virginia,27.83641160949868,0.4596191726854892,5716,Non-Seasonal
51590,Danville city,Virginia,27.542269051703016,0.8758533956162415,42556,Non-Seasonal
51595,Emporia city,Virginia,26.467847157502327,4.294917680744453,5761,Non-Seasonal
51600,Fairfax city,Virginia,21.8719061762242,1.1512803959543791,23980,Non-Seasonal
51610,Falls Church city,Virginia,19.5158660479117,0,14494,Non-Seasonal
51620,Franklin city,Virginia,19.690660321237356,0.2062919030428056,8249,Non-Seasonal
51630,Fredericksburg city,Virginia,24.684625492772668,0.9196555471950505,28027,Non-Seasonal
51640,Galax city,Virginia,31.56112428039282,0.6451612903225806,6681,Non-Seasonal
51650,Hampton city,Virginia,22.088603836332325,0.44063490021388485,136748,Non-Seasonal
51660,Harrisonburg city,Virginia,33.48372811964741,0.23156874360493293,52062,Non-Seasonal
51670,Hopewell city,Virginia,23.485243508186464,0.4329004329004329,23020,Non-Seasonal
51678,Lexington city,Virginia,22.35342019543974,2.818679007151872,7287,Non-Seasonal
51680,Lynchburg city,Virginia,29.505476269498836,1.0316021048250439,78973,Non-Seasonal
51683,Manassas city,Virginia,23.96603308694122,0.19671209779401436,42596,Non-Seasonal
51685,Manassas Park city,Virginia,25.829843734041468,0,17081,Non-Seasonal
51690,Martinsville city,Virginia,19.724943481537302,1.0332625619249822,13476,Non-Seasonal
51700,Newport News city,Virginia,23.20339259500897,0.15844162224569505,185069,Non-Seasonal
51710,Norfolk city,Virginia,20.976051239209134,0.4477597154942693,238556,Non-Seasonal
51730,Petersburg city,Virginia,23.844861383366002,0.6441494426706996,33229,Non-Seasonal
51735,Poquoson city,Virginia,20.492579728449638,1.2637586628618018,12382,Non-Seasonal
51740,Portsmouth city,Virginia,23.19509812627653,0.41458983556155965,97454,Non-Seasonal
51750,Radford city,Virginia,37.21052631578947,0.46439628482972134,16205,Non-Seasonal
51760,Richmond city,Virginia,27.03124867356554,0.3365873131078531,225676,Non-Seasonal
51770,Roanoke city,Virginia,27.3911937958215,0.8405958341059397,99578,Non-Seasonal
51775,Salem city,Virginia,24.542997933555874,1.0373443983402488,25335,Non-Seasonal
51790,Staunton city,Virginia,28.65920377072637,2.2260273972602738,25358,Non-Seasonal
51800,Suffolk city,Virginia,21.513039217869633,0.34191630940795875,93268,Non-Seasonal
51810,Virginia Beach city,Virginia,24.336408306114837,1.5281176825046119,457658,Non-Seasonal
51820,Waynesboro city,Virginia,28.76610042934478,0,22149,Non-Seasonal
51830,Williamsburg city,Virginia,32.97660908118025,5.944424903271192,15299,Non-Seasonal
51840,Winchester city,Virginia,29.148042801029394,0.58689272905119,28194,Non-Seasonal
53001,Adams County,Washington,42.68937927474513,0.6571087216248507,20353,Agricultural/Extractive
53003,Asotin County,Washington,24.307626757562847,1.7033569080585718,22285,Non-Seasonal
53005,Benton County,Washington,27.010306988315786,0.8073905340420147,204551,Non-Seasonal
53007,Chelan County,Washington,38.648012190054025,15.197306397306399,78508,Mixed Seasonal
53009,Clallam County,Washington,33.093647764449294,5.355484196279292,76727,Non-Seasonal
53011,Clark County,Washington,24.304439090199864,0.5390540772800425,496494,Non-Seasonal
53013,Columbia County,Washington,32.69336258913878,8.623853211009175,3969,Non-Seasonal
53015,Cowlitz County,Washington,27.788118678657124,0.838310108383101,109457,Non-Seasonal
53017,Douglas County,Washington,44.163433926142375,6.498720037235281,42622,Agricultural/Extractive
53019,Ferry County,Washington,35.7201646090535,20.930799220272906,7198,Mixed Seasonal
53021,Franklin County,Washington,36.13158280052711,0.21922312804000824,95313,Non-Seasonal
53023,Garfield County,Washington,34.22330097087379,4.016393442622951,2278,Non-Seasonal
53025,Grant County,Washington,37.096622448019566,7.369602673210462,97874,Non-Seasonal
53027,Grays Harbor County,Washington,34.11383285302594,10.534958806501892,74737,Non-Seasonal
53029,Island County,Washington,22.314757160647574,10.025608501065026,85938,Non-Seasonal
53031,Jefferson County,Washington,31.593309859154928,10.443037974683545,32590,Non-Seasonal
53033,King County,Washington,25.464827022365206,0.8729285577715717,2240876,Non-Seasonal
53035,Kitsap County,Washington,23.566088631984584,2.0954949520041164,273072,Non-Seasonal
53037,Kittitas County,Washington,32.49626587005228,14.107636673048289,44147,Non-Seasonal
53039,Klickitat County,Washington,28.675301067939106,4.530281354315689,22478,Non-Seasonal
53041,Lewis County,Washington,32.66051105862143,6.25442998497349,81214,Non-Seasonal
53043,Lincoln County,Washington,34.505391467416786,11.505657093124457,10798,Non-Seasonal
53045,Mason County,Washington,28.126116824842157,19.016225653993196,64964,Mixed Seasonal
53047,Okanogan County,Washington,38.22554914713462,15.248340581368735,41966,Mixed Seasonal
53049,Pacific County,Washington,32.494108892471786,32.13325832864554,22974,Vacation Destinations
53051,Pend Oreille County,Washington,30.2928870292887,20.130522088353413,13302,Mixed Seasonal
53053,Pierce County,Washington,25.05443401141692,1.019187010141304,910225,Non-Seasonal
53055,San Juan County,Washington,31.133757961783438,34.48577043452944,17631,Vacation Destinations
53057,Skagit County,Washington,28.851683029453017,4.585330559826355,128228,Non-Seasonal
53059,Skamania County,Washington,28.992628992628994,12.895419187554019,11973,Non-Seasonal
53061,Snohomish County,Washington,24.655565395392053,1.2749369122798206,820024,Non-Seasonal
53063,Spokane County,Washington,26.25721352019786,0.9474338643408058,531477,Non-Seasonal
53065,Stevens County,Washington,28.36184401275732,11.731969957469913,46057,Non-Seasonal
53067,Thurston County,Washington,25.884087892641205,0.9143447196176074,290642,Non-Seasonal
53069,Wahkiakum County,Washington,27.165627165627164,9.578898658028692,4373,Non-Seasonal
53071,Walla Walla County,Washington,30.672908578823172,0.7845503922751962,62168,Non-Seasonal
53073,Whatcom County,Washington,28.35874922267289,4.836215522382026,224533,Non-Seasonal
53075,Whitman County,Washington,27.18914982705261,0.5450511286899479,48197,Non-Seasonal
53077,Yakima County,Washington,36.095267163922856,1.153948772678762,255151,Non-Seasonal
54001,Barbour County,West Virginia,30.85744530698659,6.2673322240709926,15600,Non-Seasonal
54003,Berkeley County,West Virginia,24.79510972636142,1.450661565439184,120460,Non-Seasonal
54005,Boone County,West Virginia,34.04879555281038,2.4670892247684058,22059,Non-Seasonal
54007,Braxton County,West Virginia,40.241752707126665,11.236306729264475,12702,Agricultural/Extractive
54009,Brooke County,West Virginia,31.66007081857946,1.2476722532588456,22603,Non-Seasonal
54011,Cabell County,West Virginia,29.069797312919054,0.7298953888804661,94622,Non-Seasonal
54013,Calhoun County,West Virginia,28.643781654473834,8.256880733944955,6420,Non-Seasonal
54015,Clay County,West Virginia,21.99723884031293,9.040683073832245,8176,Non-Seasonal
54017,Doddridge County,West Virginia,29.790026246719158,11.913357400722022,7929,Non-Seasonal
54019,Fayette County,West Virginia,35.777871979652396,3.3261138613861387,41056,Non-Seasonal
54021,Gilmer County,West Virginia,34.234234234234236,13.480627601665066,7516,Non-Seasonal
54023,Grant County,West Virginia,27.381206051566163,14.916739702015775,11063,Non-Seasonal
54025,Greenbrier County,West Virginia,36.500491716468716,8.09984434067156,33307,Non-Seasonal
54027,Hampshire County,West Virginia,25.813148788927336,24.466142732396605,23214,Mixed Seasonal
54029,Hancock County,West Virginia,29.960934385713145,0.7221988500911514,29223,Non-Seasonal
54031,Hardy County,West Virginia,31.19055428009183,17.454858125537402,14269,Mixed Seasonal
54033,Harrison County,West Virginia,30.493226814866276,1.1065774440998857,66222,Non-Seasonal
54035,Jackson County,West Virginia,28.846910665092484,2.554209429739949,28011,Non-Seasonal
54037,Jefferson County,West Virginia,28.587423700653737,2.872029482780531,57542,Non-Seasonal
54039,Kanawha County,West Virginia,27.91788096625866,0.9695351966645341,181953,Non-Seasonal
54041,Lewis County,West Virginia,38.96204492641363,4.340914649058449,16966,Non-Seasonal
54045,Logan County,West Virginia,32.695173678780236,0,32786,Non-Seasonal
54049,Marion County,West Virginia,29.9509922069575,1.623574144486692,56256,Non-Seasonal
54051,Marshall County,West Virginia,27.81050955414013,2.0780094149293884,30813,Non-Seasonal
54053,Mason County,West Virginia,28.202368137782564,2.649168568633844,25667,Non-Seasonal
54055,Mercer County,West Virginia,31.484031448496424,1.8629950705422404,59892,Non-Seasonal
54057,Mineral County,West Virginia,27.198739826726175,6.610318156446854,27045,Non-Seasonal
54059,Mingo County,West Virginia,36.55895787514803,3.0191268547902905,23821,Non-Seasonal
54061,Monongalia County,West Virginia,27.39334711520391,1.0068957100140357,105695,Non-Seasonal
54063,Monroe County,West Virginia,31.35954523922312,12.728980742132457,12492,Non-Seasonal
54065,Morgan County,West Virginia,24.287652645861602,15.884791621208816,17144,Non-Seasonal
54067,Nicholas County,West Virginia,36.1984392419175,8.582564428889595,24770,Non-Seasonal
54069,Ohio County,West Virginia,31.839241461049454,1.0943396226415094,42443,Non-Seasonal
54071,Pendleton County,West Virginia,24.95017935432443,27.08061570571354,6249,Non-Seasonal
54073,Pleasants County,West Virginia,25.656827765163804,3.650990099009901,7623,Non-Seasonal
54075,Pocahontas County,West Virginia,37.77239709443099,45.6357681902321,8006,Resort Economies
54077,Preston County,West Virginia,30.011214953271026,6.816682064141482,34266,Non-Seasonal
54079,Putnam County,West Virginia,21.90494442315063,0.8708684381075826,57385,Non-Seasonal
54081,Raleigh County,West Virginia,35.207002252834506,1.2215100738654328,74929,Non-Seasonal
54083,Randolph County,West Virginia,27.45345228859581,10.485584218512898,28150,Non-Seasonal
54085,Ritchie County,West Virginia,34.66481417158735,9.767981438515081,8676,Non-Seasonal
54087,Roane County,West Virginia,24.356856266226103,4.677711262703606,14129,Non-Seasonal
54089,Summers County,West Virginia,26.907857546636514,11.562687462507498,12125,Non-Seasonal
54091,Taylor County,West Virginia,25.997227783767134,2.132510729613734,16727,Non-Seasonal
54093,Tucker County,West Virginia,28.229996536196744,30.31903655186985,6822,Vacation Destinations
54095,Tyler County,West Virginia,28.292849811837158,9.734093067426402,8397,Non-Seasonal
54097,Upshur County,West Virginia,28.13811922753988,5.807832991346239,23965,Non-Seasonal
54099,Wayne County,West Virginia,27.335715848588727,1.3547470774609418,39337,Non-Seasonal
54101,Webster County,West Virginia,27.724823870700373,20.497999110715874,8415,Mixed Seasonal
54103,Wetzel County,West Virginia,28.80755608028335,4.625221058359407,14629,Non-Seasonal
54105,Wirt County,West Virginia,21.41057934508816,10.486486486486486,5264,Non-Seasonal
54107,Wood County,West Virginia,30.57438156557099,0.8905757733621097,84678,Non-Seasonal
54109,Wyoming County,West Virginia,31.694542997127893,0.9839976145512375,21581,Non-Seasonal
55001,Adams County,Wisconsin,35.392602206359506,41.23355361076383,20505,Resort Economies
55003,Ashland County,Wisconsin,27.86863624373516,20.83421778815538,16002,Mixed Seasonal
55005,Barron County,Wisconsin,31.070425088371252,13.544474393530997,46529,Non-Seasonal
55007,Bayfield County,Wisconsin,30.533072843985487,40.45437334343052,16031,Vacation Destinations
55009,Brown County,Wisconsin,25.347159538131585,0.8792638058671037,267364,Non-Seasonal
55011,Buffalo County,Wisconsin,25.773195876288657,6.832772852338734,13314,Non-Seasonal
55013,Burnett County,Wisconsin,27.973401843735836,51.439249885253425,16356,Vacation Destinations
55015,Calumet County,Wisconsin,21.57754759238522,1.3961524094135227,52128,Non-Seasonal
55017,Chippewa County,Wisconsin,27.728960396039604,4.7967764540995095,65877,Non-Seasonal
55019,Clark County,Wisconsin,30.664961636828647,8.674747748357825,34655,Non-Seasonal
55021,Columbia County,Wisconsin,25.38408395565352,5.260779514215779,58219,Non-Seasonal
55023,Crawford County,Wisconsin,29.898382710748532,17.913884411696984,16167,Mixed Seasonal
55025,Dane County,Wisconsin,21.85424537045915,0.8975959720024891,555474,Non-Seasonal
55027,Dodge County,Wisconsin,25.764473458168702,2.5612032922243553,89274,Non-Seasonal
55029,Door County,Wisconsin,34.43551205872073,36.60706790900697,29713,Vacation Destinations
55031,Douglas County,Wisconsin,27.246764014924686,11.569706498951781,44034,Non-Seasonal
55033,Dunn County,Wisconsin,29.101662952168695,2.1835935404259885,45254,Non-Seasonal
55035,Eau Claire County,Wisconsin,28.90732562089867,1.5145761197364014,105206,Non-Seasonal
55037,Florence County,Wisconsin,26.173384870237438,49.67741935483871,4542,Vacation Destinations
55039,Fond du Lac County,Wisconsin,25.223042392141394,1.9173394173394174,103890,Non-Seasonal
55041,Forest County,Wisconsin,36.57096860745908,51.90399261481653,9184,Resort Economies
55043,Grant County,Wisconsin,32.77717976318622,3.491215359536316,52210,Non-Seasonal
55045,Green County,Wisconsin,28.21034430147994,1.5671273445212242,37098,Non-Seasonal
55047,Green Lake County,Wisconsin,26.65314858623409,17.038425492033742,18990,Mixed Seasonal
55049,Iowa County,Wisconsin,33.88704318936877,3.9001560062402496,23715,Non-Seasonal
55051,Iron County,Wisconsin,30.19517795637199,40.79112224807589,6074,Vacation Destinations
55053,Jackson County,Wisconsin,35.522355975924334,11.541649399088271,21004,Non-Seasonal
55055,Jefferson County,Wisconsin,24.63913918292363,2.791339125637843,84808,Non-Seasonal
55057,Juneau County,Wisconsin,28.915662650602407,20.883977900552487,26595,Mixed Seasonal
55059,Kenosha County,Wisconsin,25.319885948582606,3.460149958344904,168743,Non-Seasonal
55061,Kewaunee County,Wisconsin,25.91130291066018,6.307475927729092,20535,Non-Seasonal
55063,La Crosse County,Wisconsin,27.79683735180073,0.8425083772139779,120291,Non-Seasonal
55065,Lafayette County,Wisconsin,36.20918182913604,1.9659788064696042,16662,Non-Seasonal
55067,Langlade County,Wisconsin,32.56598069991861,22.32699245654313,19469,Mixed Seasonal
55069,Lincoln County,Wisconsin,21.36360219499361,19.897105312093224,28378,Non-Seasonal
55071,Manitowoc County,Wisconsin,23.947361899333348,2.5357038764208686,81103,Non-Seasonal
55073,Marathon County,Wisconsin,24.530636927447368,1.2678394740814034,137597,Non-Seasonal
55075,Marinette County,Wisconsin,27.054885500239095,31.275144902829865,41720,Vacation Destinations
55077,Marquette County,Wisconsin,29.582603619381203,25.41260891850333,15515,Mixed Seasonal
55078,Menominee County,Wisconsin,33.38545738858483,36.78321678321678,4318,Vacation Destinations
55079,Milwaukee County,Wisconsin,23.888225395537887,0.3436767029712091,939123,Non-Seasonal
55081,Monroe County,Wisconsin,27.28814336129062,3.3238895072346453,46091,Non-Seasonal
55083,Oconto County,Wisconsin,22.826829140185932,26.697803584953295,38691,Non-Seasonal
55085,Oneida County,Wisconsin,31.246633550781016,43.30840385750837,37468,Vacation Destinations
55087,Outagamie County,Wisconsin,22.852618034247254,0.7778540379775795,189620,Non-Seasonal
55089,Ozaukee County,Wisconsin,22.093023255813954,1.6199762678635918,91029,Non-Seasonal
55091,Pepin County,Wisconsin,24.76542507819164,5.245535714285714,7328,Non-Seasonal
55093,Pierce County,Wisconsin,26.468381801332686,1.5415869980879542,42204,Non-Seasonal
55095,Polk County,Wisconsin,23.1441647597254,20.53427210602609,44806,Non-Seasonal
55097,Portage County,Wisconsin,27.233534882459804,2.104788877445932,70378,Non-Seasonal
55099,Price County,Wisconsin,25.995773045033328,32.92479108635097,14003,Vacation Destinations
55101,Racine County,Wisconsin,25.081903317216025,1.5537578846085314,197379,Non-Seasonal
55103,Richland County,Wisconsin,28.67962635698056,9.236005163713179,17353,Non-Seasonal
55105,Rock County,Wisconsin,26.41268089588924,1.0724359616843975,163522,Non-Seasonal
55107,Rusk County,Wisconsin,27.563052735014736,23.66987365248638,14182,Mixed Seasonal
55109,St. Croix County,Wisconsin,23.17903267660738,1.7053132263120911,92495,Non-Seasonal
55111,Sauk County,Wisconsin,32.810932058320056,7.382659713168188,65428,Non-Seasonal
55113,Sawyer County,Wisconsin,34.69681129116571,45.81820458244648,17813,Vacation Destinations
55115,Shawano County,Wisconsin,30.940127388535032,11.876868780942111,40836,Non-Seasonal
55117,Sheboygan County,Wisconsin,24.00963194595408,1.9824379769162928,117528,Non-Seasonal
55119,Taylor County,Wisconsin,27.73842521301714,13.784776902887138,19960,Non-Seasonal
55121,Trempealeau County,Wisconsin,25.7137192704203,2.4078140380101463,30504,Non-Seasonal
55123,Vernon County,Wisconsin,26.62595644496763,9.48182409481824,30719,Non-Seasonal
55125,Vilas County,Wisconsin,39.2047795632468,51.25619969103179,22813,Resort Economies
55127,Walworth County,Wisconsin,28.797103834128684,15.815622933786718,105945,Mixed Seasonal
55129,Washburn County,Wisconsin,27.176705680844993,40.24294670846395,16561,Vacation Destinations
55131,Washington County,Wisconsin,23.47006486735371,1.6400793308614299,136300,Non-Seasonal
55133,Waukesha County,Wisconsin,21.947200863850462,1.3779504522954138,405332,Non-Seasonal
55135,Waupaca County,Wisconsin,25.141901873882276,8.119893148962916,51769,Non-Seasonal
55137,Waushara County,Wisconsin,27.81300274439292,26.6449378692198,24527,Mixed Seasonal
55139,Winnebago County,Wisconsin,24.811494590714343,1.263271596806913,171304,Non-Seasonal
55141,Wood County,Wisconsin,25.75113419122892,1.8336911739105206,74107,Non-Seasonal
56001,Albany County,Wyoming,29.474688629971872,4.992990402243072,37311,Non-Seasonal
56003,Big Horn County,Wyoming,32.04478242501056,4.456928838951311,11671,Non-Seasonal
56005,Campbell County,Wyoming,45.63886763580719,2.362601380283109,46758,Agricultural/Extractive
56007,Carbon County,Wyoming,40.629640629640626,12.278142475079019,14714,Agricultural/Extractive
56009,Converse County,Wyoming,37.9372738238842,4.244071892463374,13702,Non-Seasonal
56011,Crook County,Wyoming,43.29501915708812,10.01911001911002,7185,Agricultural/Extractive
56013,Fremont County,Wyoming,37.620638455827766,7.139179680796293,39434,Non-Seasonal
56015,Goshen County,Wyoming,33.36789355451875,1.4127659574468086,12642,Non-Seasonal
56017,Hot Springs County,Wyoming,35.5640535372849,6.75622283682339,4673,Non-Seasonal
56019,Johnson County,Wyoming,38.750321419388015,10.017421602787456,8457,Non-Seasonal
56021,Laramie County,Wyoming,29.32779183230936,0.9935736748552937,99905,Non-Seasonal
56023,Lincoln County,Wyoming,33.319048639382906,12.871077184054283,19457,Non-Seasonal
56025,Natrona County,Wyoming,35.117591251810055,2.081349476261733,79382,Non-Seasonal
56027,Niobrara County,Wyoming,39.53953953953954,3.0124908155767818,2486,Non-Seasonal
56029,Park County,Wyoming,38.11749478679802,6.601686713673441,29664,Non-Seasonal
56031,Platte County,Wyoming,35.78811369509044,7.263660017346053,8607,Non-Seasonal
56033,Sheridan County,Wyoming,30.274374001065528,7.822096240804481,30812,Non-Seasonal
56035,Sublette County,Wyoming,45.68493150684931,20.968356843309188,8830,Agricultural/Extractive
56037,Sweetwater County,Wyoming,38.56358423635745,1.2412642119536874,42459,Non-Seasonal
56039,Teton County,Wyoming,42.15901302261823,17.216144850999623,23319,Agricultural/Extractive
56041,Uinta County,Wyoming,34.5825525713096,1.3380201836942964,20514,Non-Seasonal
56043,Washakie County,Wyoming,27.10402509147935,1.6137428422696511,7768,Non-Seasonal
72001,Adjuntas Municipio,Puerto Rico,32.01764569305781,5.458860759493671,18068,Non-Seasonal
72003,Aguada Municipio,Puerto Rico,33.6005638269756,8.072872189012239,38307,Non-Seasonal
72005,Aguadilla Municipio,Puerto Rico,29.466186944709598,2.407082235879426,55241,Non-Seasonal
72007,Aguas Buenas Municipio,Puerto Rico,29.734411085450347,1.3901760889712698,24567,Non-Seasonal
72009,Aibonito Municipio,Puerto Rico,30.191012779991755,2.3345513601299226,24565,Non-Seasonal
72011,Añasco Municipio,Puerto Rico,31.306918982850384,8.554830494986472,25859,Non-Seasonal
72013,Arecibo Municipio,Puerto Rico,32.11289092295957,3.7475633528265107,88017,Non-Seasonal
72015,Arroyo Municipio,Puerto Rico,25.667993177942012,4.899100413323608,16183,Non-Seasonal
72017,Barceloneta Municipio,Puerto Rico,32.51623376623377,2.744116174261392,22836,Non-Seasonal
72019,Barranquitas Municipio,Puerto Rico,27.500306786108723,2.229766929711874,28982,Non-Seasonal
72021,Bayamón Municipio,Puerto Rico,29.342065184282667,2.302093803359289,185939,Non-Seasonal
72023,Cabo Rojo Municipio,Puerto Rico,36.24435362443536,23.3305653587987,47403,Mixed Seasonal
72025,Caguas Municipio,Puerto Rico,27.89405279433514,1.6531089620500645,128182,Non-Seasonal
72027,Camuy Municipio,Puerto Rico,28.859060402684566,3.8590007817496983,32885,Non-Seasonal
72029,Canóvanas Municipio,Puerto Rico,29.9780701754386,1.819841405670603,42811,Non-Seasonal
72031,Carolina Municipio,Puerto Rico,30.549826977524557,3.2749107860049245,155886,Non-Seasonal
72033,Cataño Municipio,Puerto Rico,32.77085844381947,1.6890951276102086,23536,Non-Seasonal
72035,Cayey Municipio,Puerto Rico,29.639619390125123,1.8133927666903047,42134,Non-Seasonal
72037,Ceiba Municipio,Puerto Rico,40.19073569482289,11.421943231441048,11463,Agricultural/Extractive
72039,Ciales Municipio,Puerto Rico,33.286239050579255,3.8173142467620997,17045,Non-Seasonal
72041,Cidra Municipio,Puerto Rico,32.33598254636123,1.233802467604935,40125,Non-Seasonal
72043,Coamo Municipio,Puerto Rico,28.843510700962106,5.607940446650124,35268,Non-Seasonal
72045,Comerío Municipio,Puerto Rico,31.95182430038966,3.4654148833356344,18990,Non-Seasonal
72047,Corozal Municipio,Puerto Rico,25.69190600522193,2.692100607645566,34631,Non-Seasonal
72049,Culebra Municipio,Puerto Rico,30.273752012882447,37.97814207650273,1293,Vacation Destinations
72051,Dorado Municipio,Puerto Rico,20.60586158771858,7.3145974750999185,36030,Non-Seasonal
72053,Fajardo Municipio,Puerto Rico,37.58382337769524,12.843586387434556,32336,Non-Seasonal
72054,Florida Municipio,Puerto Rico,21.444759206798867,0.5198960207958409,11725,Non-Seasonal
72055,Guánica Municipio,Puerto Rico,25.792959219240153,3.176458089875704,14297,Non-Seasonal
72057,Guayama Municipio,Puerto Rico,30.201419089036392,2.111260053619303,37388,Non-Seasonal
72059,Guayanilla Municipio,Puerto Rico,27.4792899408284,5.210978116309999,18047,Non-Seasonal
72061,Guaynabo Municipio,Puerto Rico,25.706933523945676,4.017402113113736,90014,Non-Seasonal
72063,Gurabo Municipio,Puerto Rico,28.40686274509804,2.2863524156576935,41237,Non-Seasonal
72065,Hatillo Municipio,Puerto Rico,39.07489685814027,4.505984510678244,38739,Non-Seasonal
72067,Hormigueros Municipio,Puerto Rico,31.72174622603019,1.0604870384917517,15726,Non-Seasonal
72069,Humacao Municipio,Puerto Rico,27.329278407520047,13.358273816271776,51398,Non-Seasonal
72071,Isabela Municipio,Puerto Rico,28.32438878950507,6.612187951567093,42985,Non-Seasonal
72073,Jayuya Municipio,Puerto Rico,28.310104529616726,5.358588311478064,14877,Non-Seasonal
72075,Juana Díaz Municipio,Puerto Rico,32.62406125754676,1.5718684167882029,46704,Non-Seasonal
72077,Juncos Municipio,Puerto Rico,31.55677952373238,1.8174909758723323,37290,Non-Seasonal
72079,Lajas Municipio,Puerto Rico,34.479879779595926,13.057562920508348,23407,Non-Seasonal
72081,Lares Municipio,Puerto Rico,33.79519662179995,2.8802588996763756,28092,Non-Seasonal
72083,Las Marías Municipio,Puerto Rico,26.49350649350649,1.8462316641375824,8896,Non-Seasonal
72085,Las Piedras Municipio,Puerto Rico,22.47410592143834,2.598870056497175,35495,Non-Seasonal
72087,Loíza Municipio,Puerto Rico,31.089051934973384,7.789839339991316,24216,Non-Seasonal
72089,Luquillo Municipio,Puerto Rico,42.939538583929995,19.7291326481606,17917,Agricultural/Extractive
72091,Manatí Municipio,Puerto Rico,28.680109990834097,0.6481231433972455,39693,Non-Seasonal
72095,Maunabo Municipio,Puerto Rico,23.17790855590765,6.621728786677241,10700,Non-Seasonal
72097,Mayagüez Municipio,Puerto Rico,33.61157786329883,5.1182552742097895,74146,Non-Seasonal
72099,Moca Municipio,Puerto Rico,32.90879211175021,1.9217697583884321,37532,Non-Seasonal
72101,Morovis Municipio,Puerto Rico,23.937282229965156,2.3041474654377883,29069,Non-Seasonal
72103,Naguabo Municipio,Puerto Rico,33.66859027205276,7.763975155279502,23722,Non-Seasonal
72105,Naranjito Municipio,Puerto Rico,37.840643654295356,1.6456548936579731,29200,Non-Seasonal
72109,Patillas Municipio,Puerto Rico,34.672849046883044,8.785158587672052,16231,Non-Seasonal
72111,Peñuelas Municipio,Puerto Rico,26.326129666011788,3.511022979120495,20625,Non-Seasonal
72113,Ponce Municipio,Puerto Rico,30.064361295952875,1.5344020255326938,139245,Non-Seasonal
72115,Quebradillas Municipio,Puerto Rico,35.782470350014464,3.248888029394701,23743,Non-Seasonal
72117,Rincón Municipio,Puerto Rico,38.32208293153327,19.15532211383857,15097,Mixed Seasonal
72119,Río Grande Municipio,Puerto Rico,33.513972316531735,12.481256064214518,47630,Non-Seasonal
72121,Sabana Grande Municipio,Puerto Rico,34.030197444831586,0.6557074251939415,22860,Non-Seasonal
72123,Salinas Municipio,Puerto Rico,36.759307813319346,6.7340067340067336,26208,Non-Seasonal
72125,San Germán Municipio,Puerto Rico,25.97730138713745,1.2538187372708758,32031,Non-Seasonal
72127,San Juan Municipio,Puerto Rico,28.39610732034708,3.375308733386574,344791,Non-Seasonal
72129,San Lorenzo Municipio,Puerto Rico,31.14560639070443,2.260837070254111,37822,Non-Seasonal
72131,San Sebastián Municipio,Puerto Rico,38.40150446638458,7.3264078731547295,39351,Non-Seasonal
72133,Santa Isabel Municipio,Puerto Rico,25.025154520626707,6.546250684181719,20530,Non-Seasonal
72135,Toa Alta Municipio,Puerto Rico,30.25249930849172,1.0635065329687026,67602,Non-Seasonal
72137,Toa Baja Municipio,Puerto Rico,31.60057678442682,3.1385250365444697,76248,Non-Seasonal
72139,Trujillo Alto Municipio,Puerto Rico,26.00160548784938,1.318779698367881,68001,Non-Seasonal
72141,Utuado Municipio,Puerto Rico,28.530760714850544,5.884563354877499,28585,Non-Seasonal
72143,Vega Alta Municipio,Puerto Rico,29.533630620587143,5.306198888819527,35728,Non-Seasonal
72145,Vega Baja Municipio,Puerto Rico,27.839999999999996,1.9113180805831138,54544,Non-Seasonal
72147,Vieques Municipio,Puerto Rico,31.146720080120183,22.790416750553653,8317,Mixed Seasonal
72149,Villalba Municipio,Puerto Rico,23.616296055835093,3.816631130063966,22341,Non-Seasonal
72151,Yabucoa Municipio,Puerto Rico,28.361736534394826,2.515809733296673,31047,Non-Seasonal
